./home/nicola/.local/state/pqsigner-research/easycrypt-closure-20260923-o4g9cwcr/candidate-honest-components/contracts/verification/easycrypt/c10-port/tools/stmt_digest.py:50: ResourceWarning: unclosed file <_io.TextIOWrapper name='A.ec' mode='r' encoding='utf-8'>
  body = strip_comments(io.open(path, encoding='utf-8', errors='replace').read())
ResourceWarning: Enable tracemalloc to get the object allocation traceback
......../home/nicola/.local/state/pqsigner-research/easycrypt-closure-20260923-o4g9cwcr/candidate-honest-components/contracts/verification/easycrypt/c10-port/tools/stmt_coverage.py:51: ResourceWarning: unclosed file <_io.TextIOWrapper name='closure-c10-split.txt' mode='r' encoding='UTF-8'>
  rs = [os.path.join(D, n.strip() + '.ec') for n in open('closure-c10-split.txt')
ResourceWarning: Enable tracemalloc to get the object allocation traceback
/home/nicola/.local/state/pqsigner-research/easycrypt-closure-20260923-o4g9cwcr/candidate-honest-components/contracts/verification/easycrypt/c10-port/tools/cert_cone.py:117: ResourceWarning: unclosed file <_io.TextIOWrapper name='base-c10-split/SPHINCS_PLUS.ec' mode='r' encoding='UTF-8'>
  text = strip_comments(open(p).read())
ResourceWarning: Enable tracemalloc to get the object allocation traceback
/home/nicola/.local/state/pqsigner-research/easycrypt-closure-20260923-o4g9cwcr/candidate-honest-components/contracts/verification/easycrypt/c10-port/tools/cert_cone.py:117: ResourceWarning: unclosed file <_io.TextIOWrapper name='base-c10-split/FL_SL_XMSS_MT_ES.ec' mode='r' encoding='UTF-8'>
  text = strip_comments(open(p).read())
ResourceWarning: Enable tracemalloc to get the object allocation traceback
/home/nicola/.local/state/pqsigner-research/easycrypt-closure-20260923-o4g9cwcr/candidate-honest-components/contracts/verification/easycrypt/c10-port/tools/cert_cone.py:117: ResourceWarning: unclosed file <_io.TextIOWrapper name='base-c10-split/WOTS_TW_ES.ec' mode='r' encoding='UTF-8'>
  text = strip_comments(open(p).read())
ResourceWarning: Enable tracemalloc to get the object allocation traceback
/home/nicola/.local/state/pqsigner-research/easycrypt-closure-20260923-o4g9cwcr/candidate-honest-components/contracts/verification/easycrypt/c10-port/tools/cert_cone.py:117: ResourceWarning: unclosed file <_io.TextIOWrapper name='base-c10-split/RadixEncoding.ec' mode='r' encoding='UTF-8'>
  text = strip_comments(open(p).read())
ResourceWarning: Enable tracemalloc to get the object allocation traceback
/home/nicola/.local/state/pqsigner-research/easycrypt-closure-20260923-o4g9cwcr/candidate-honest-components/contracts/verification/easycrypt/c10-port/tools/cert_cone.py:117: ResourceWarning: unclosed file <_io.TextIOWrapper name='base-c10-split/TweakableHashFunctions.eca' mode='r' encoding='UTF-8'>
  text = strip_comments(open(p).read())
ResourceWarning: Enable tracemalloc to get the object allocation traceback
/home/nicola/.local/state/pqsigner-research/easycrypt-closure-20260923-o4g9cwcr/candidate-honest-components/contracts/verification/easycrypt/c10-port/tools/cert_cone.py:117: ResourceWarning: unclosed file <_io.TextIOWrapper name='base-c10-split/KeyedHashFunctions.eca' mode='r' encoding='UTF-8'>
  text = strip_comments(open(p).read())
ResourceWarning: Enable tracemalloc to get the object allocation traceback
/home/nicola/.local/state/pqsigner-research/easycrypt-closure-20260923-o4g9cwcr/candidate-honest-components/contracts/verification/easycrypt/c10-port/tools/cert_cone.py:117: ResourceWarning: unclosed file <_io.TextIOWrapper name='base-c10-split/HashAddresses.eca' mode='r' encoding='UTF-8'>
  text = strip_comments(open(p).read())
ResourceWarning: Enable tracemalloc to get the object allocation traceback
/home/nicola/.local/state/pqsigner-research/easycrypt-closure-20260923-o4g9cwcr/candidate-honest-components/contracts/verification/easycrypt/c10-port/tools/cert_cone.py:117: ResourceWarning: unclosed file <_io.TextIOWrapper name='base-c10-split/MerkleTrees.ec' mode='r' encoding='UTF-8'>
  text = strip_comments(open(p).read())
ResourceWarning: Enable tracemalloc to get the object allocation traceback
/home/nicola/.local/state/pqsigner-research/easycrypt-closure-20260923-o4g9cwcr/candidate-honest-components/contracts/verification/easycrypt/c10-port/tools/cert_cone.py:117: ResourceWarning: unclosed file <_io.TextIOWrapper name='base-c10-split/BinaryTrees.ec' mode='r' encoding='UTF-8'>
  text = strip_comments(open(p).read())
ResourceWarning: Enable tracemalloc to get the object allocation traceback
/home/nicola/.local/state/pqsigner-research/easycrypt-closure-20260923-o4g9cwcr/candidate-honest-components/contracts/verification/easycrypt/c10-port/tools/cert_cone.py:117: ResourceWarning: unclosed file <_io.TextIOWrapper name='base-c10-split/FORS_ES.ec' mode='r' encoding='UTF-8'>
  text = strip_comments(open(p).read())
ResourceWarning: Enable tracemalloc to get the object allocation traceback
/home/nicola/.local/state/pqsigner-research/easycrypt-closure-20260923-o4g9cwcr/candidate-honest-components/contracts/verification/easycrypt/c10-port/tools/cert_cone.py:117: ResourceWarning: unclosed file <_io.TextIOWrapper name='base-c10-split/OpenPRE_From_TCR_DSPR_THF.eca' mode='r' encoding='UTF-8'>
  text = strip_comments(open(p).read())
ResourceWarning: Enable tracemalloc to get the object allocation traceback
/home/nicola/.local/state/pqsigner-research/easycrypt-closure-20260923-o4g9cwcr/candidate-honest-components/contracts/verification/easycrypt/c10-port/tools/cert_cone.py:117: ResourceWarning: unclosed file <_io.TextIOWrapper name='cdrafts-split/RawSignerBytes.ec' mode='r' encoding='UTF-8'>
  text = strip_comments(open(p).read())
ResourceWarning: Enable tracemalloc to get the object allocation traceback
/home/nicola/.local/state/pqsigner-research/easycrypt-closure-20260923-o4g9cwcr/candidate-honest-components/contracts/verification/easycrypt/c10-port/tools/cert_cone.py:117: ResourceWarning: unclosed file <_io.TextIOWrapper name='cdrafts-split/ShuffleBytes.ec' mode='r' encoding='UTF-8'>
  text = strip_comments(open(p).read())
ResourceWarning: Enable tracemalloc to get the object allocation traceback
/home/nicola/.local/state/pqsigner-research/easycrypt-closure-20260923-o4g9cwcr/candidate-honest-components/contracts/verification/easycrypt/c10-port/tools/cert_cone.py:117: ResourceWarning: unclosed file <_io.TextIOWrapper name='cdrafts-split/C10Bytes.ec' mode='r' encoding='UTF-8'>
  text = strip_comments(open(p).read())
ResourceWarning: Enable tracemalloc to get the object allocation traceback
/home/nicola/.local/state/pqsigner-research/easycrypt-closure-20260923-o4g9cwcr/candidate-honest-components/contracts/verification/easycrypt/c10-port/tools/cert_cone.py:117: ResourceWarning: unclosed file <_io.TextIOWrapper name='cdrafts-split/C10Counter.ec' mode='r' encoding='UTF-8'>
  text = strip_comments(open(p).read())
ResourceWarning: Enable tracemalloc to get the object allocation traceback
/home/nicola/.local/state/pqsigner-research/easycrypt-closure-20260923-o4g9cwcr/candidate-honest-components/contracts/verification/easycrypt/c10-port/tools/cert_cone.py:117: ResourceWarning: unclosed file <_io.TextIOWrapper name='cdrafts-split/RawCompositeBytes.ec' mode='r' encoding='UTF-8'>
  text = strip_comments(open(p).read())
ResourceWarning: Enable tracemalloc to get the object allocation traceback
/home/nicola/.local/state/pqsigner-research/easycrypt-closure-20260923-o4g9cwcr/candidate-honest-components/contracts/verification/easycrypt/c10-port/tools/cert_cone.py:117: ResourceWarning: unclosed file <_io.TextIOWrapper name='cdrafts-split/RawTreeBytes.ec' mode='r' encoding='UTF-8'>
  text = strip_comments(open(p).read())
ResourceWarning: Enable tracemalloc to get the object allocation traceback
/home/nicola/.local/state/pqsigner-research/easycrypt-closure-20260923-o4g9cwcr/candidate-honest-components/contracts/verification/easycrypt/c10-port/tools/cert_cone.py:117: ResourceWarning: unclosed file <_io.TextIOWrapper name='cdrafts-split/RawWotsBytes.ec' mode='r' encoding='UTF-8'>
  text = strip_comments(open(p).read())
ResourceWarning: Enable tracemalloc to get the object allocation traceback
/home/nicola/.local/state/pqsigner-research/easycrypt-closure-20260923-o4g9cwcr/candidate-honest-components/contracts/verification/easycrypt/c10-port/tools/cert_cone.py:117: ResourceWarning: unclosed file <_io.TextIOWrapper name='cdrafts-split/RawByteValues.ec' mode='r' encoding='UTF-8'>
  text = strip_comments(open(p).read())
ResourceWarning: Enable tracemalloc to get the object allocation traceback
/home/nicola/.local/state/pqsigner-research/easycrypt-closure-20260923-o4g9cwcr/candidate-honest-components/contracts/verification/easycrypt/c10-port/tools/cert_cone.py:117: ResourceWarning: unclosed file <_io.TextIOWrapper name='cdrafts-split/ByteSession.ec' mode='r' encoding='UTF-8'>
  text = strip_comments(open(p).read())
ResourceWarning: Enable tracemalloc to get the object allocation traceback
/home/nicola/.local/state/pqsigner-research/easycrypt-closure-20260923-o4g9cwcr/candidate-honest-components/contracts/verification/easycrypt/c10-port/tools/cert_cone.py:117: ResourceWarning: unclosed file <_io.TextIOWrapper name='cdrafts-split/FullSession.ec' mode='r' encoding='UTF-8'>
  text = strip_comments(open(p).read())
ResourceWarning: Enable tracemalloc to get the object allocation traceback
/home/nicola/.local/state/pqsigner-research/easycrypt-closure-20260923-o4g9cwcr/candidate-honest-components/contracts/verification/easycrypt/c10-port/tools/cert_cone.py:117: ResourceWarning: unclosed file <_io.TextIOWrapper name='cdrafts-split/RawSignature.ec' mode='r' encoding='UTF-8'>
  text = strip_comments(open(p).read())
ResourceWarning: Enable tracemalloc to get the object allocation traceback
/home/nicola/.local/state/pqsigner-research/easycrypt-closure-20260923-o4g9cwcr/candidate-honest-components/contracts/verification/easycrypt/c10-port/tools/cert_cone.py:117: ResourceWarning: unclosed file <_io.TextIOWrapper name='cdrafts-split/RawSigner.ec' mode='r' encoding='UTF-8'>
  text = strip_comments(open(p).read())
ResourceWarning: Enable tracemalloc to get the object allocation traceback
/home/nicola/.local/state/pqsigner-research/easycrypt-closure-20260923-o4g9cwcr/candidate-honest-components/contracts/verification/easycrypt/c10-port/tools/cert_cone.py:117: ResourceWarning: unclosed file <_io.TextIOWrapper name='cdrafts-split/RawLayer.ec' mode='r' encoding='UTF-8'>
  text = strip_comments(open(p).read())
ResourceWarning: Enable tracemalloc to get the object allocation traceback
/home/nicola/.local/state/pqsigner-research/easycrypt-closure-20260923-o4g9cwcr/candidate-honest-components/contracts/verification/easycrypt/c10-port/tools/cert_cone.py:117: ResourceWarning: unclosed file <_io.TextIOWrapper name='cdrafts-split/RawMerkle.ec' mode='r' encoding='UTF-8'>
  text = strip_comments(open(p).read())
ResourceWarning: Enable tracemalloc to get the object allocation traceback
/home/nicola/.local/state/pqsigner-research/easycrypt-closure-20260923-o4g9cwcr/candidate-honest-components/contracts/verification/easycrypt/c10-port/tools/cert_cone.py:117: ResourceWarning: unclosed file <_io.TextIOWrapper name='cdrafts-split/RawFors.ec' mode='r' encoding='UTF-8'>
  text = strip_comments(open(p).read())
ResourceWarning: Enable tracemalloc to get the object allocation traceback
/home/nicola/.local/state/pqsigner-research/easycrypt-closure-20260923-o4g9cwcr/candidate-honest-components/contracts/verification/easycrypt/c10-port/tools/cert_cone.py:117: ResourceWarning: unclosed file <_io.TextIOWrapper name='cdrafts-split/RawKeygen.ec' mode='r' encoding='UTF-8'>
  text = strip_comments(open(p).read())
ResourceWarning: Enable tracemalloc to get the object allocation traceback
/home/nicola/.local/state/pqsigner-research/easycrypt-closure-20260923-o4g9cwcr/candidate-honest-components/contracts/verification/easycrypt/c10-port/tools/cert_cone.py:117: ResourceWarning: unclosed file <_io.TextIOWrapper name='cdrafts-split/KeygenPrefixes.ec' mode='r' encoding='UTF-8'>
  text = strip_comments(open(p).read())
ResourceWarning: Enable tracemalloc to get the object allocation traceback
/home/nicola/.local/state/pqsigner-research/easycrypt-closure-20260923-o4g9cwcr/candidate-honest-components/contracts/verification/easycrypt/c10-port/tools/cert_cone.py:117: ResourceWarning: unclosed file <_io.TextIOWrapper name='cdrafts-split/RTailFresh.ec' mode='r' encoding='UTF-8'>
  text = strip_comments(open(p).read())
ResourceWarning: Enable tracemalloc to get the object allocation traceback
/home/nicola/.local/state/pqsigner-research/easycrypt-closure-20260923-o4g9cwcr/candidate-honest-components/contracts/verification/easycrypt/c10-port/tools/cert_cone.py:117: ResourceWarning: unclosed file <_io.TextIOWrapper name='cdrafts-split/PrefixGuess.ec' mode='r' encoding='UTF-8'>
  text = strip_comments(open(p).read())
ResourceWarning: Enable tracemalloc to get the object allocation traceback
/home/nicola/.local/state/pqsigner-research/easycrypt-closure-20260923-o4g9cwcr/candidate-honest-components/contracts/verification/easycrypt/c10-port/tools/cert_cone.py:117: ResourceWarning: unclosed file <_io.TextIOWrapper name='cdrafts-split/SecretPrefix.ec' mode='r' encoding='UTF-8'>
  text = strip_comments(open(p).read())
ResourceWarning: Enable tracemalloc to get the object allocation traceback
/home/nicola/.local/state/pqsigner-research/easycrypt-closure-20260923-o4g9cwcr/candidate-honest-components/contracts/verification/easycrypt/c10-port/tools/cert_cone.py:117: ResourceWarning: unclosed file <_io.TextIOWrapper name='cdrafts-split/C10RawOracle.ec' mode='r' encoding='UTF-8'>
  text = strip_comments(open(p).read())
ResourceWarning: Enable tracemalloc to get the object allocation traceback
/home/nicola/.local/state/pqsigner-research/easycrypt-closure-20260923-o4g9cwcr/candidate-honest-components/contracts/verification/easycrypt/c10-port/tools/cert_cone.py:117: ResourceWarning: unclosed file <_io.TextIOWrapper name='cdrafts-split/C10Randomizer.ec' mode='r' encoding='UTF-8'>
  text = strip_comments(open(p).read())
ResourceWarning: Enable tracemalloc to get the object allocation traceback
/home/nicola/.local/state/pqsigner-research/easycrypt-closure-20260923-o4g9cwcr/candidate-honest-components/contracts/verification/easycrypt/c10-port/tools/cert_cone.py:117: ResourceWarning: unclosed file <_io.TextIOWrapper name='cdrafts-split/RoleGrind.ec' mode='r' encoding='UTF-8'>
  text = strip_comments(open(p).read())
ResourceWarning: Enable tracemalloc to get the object allocation traceback
/home/nicola/.local/state/pqsigner-research/easycrypt-closure-20260923-o4g9cwcr/candidate-honest-components/contracts/verification/easycrypt/c10-port/tools/cert_cone.py:117: ResourceWarning: unclosed file <_io.TextIOWrapper name='cdrafts-split/PrefixHybrid.ec' mode='r' encoding='UTF-8'>
  text = strip_comments(open(p).read())
ResourceWarning: Enable tracemalloc to get the object allocation traceback
/home/nicola/.local/state/pqsigner-research/easycrypt-closure-20260923-o4g9cwcr/candidate-honest-components/contracts/verification/easycrypt/c10-port/tools/cert_cone.py:117: ResourceWarning: unclosed file <_io.TextIOWrapper name='cdrafts-split/C10RawGrind.ec' mode='r' encoding='UTF-8'>
  text = strip_comments(open(p).read())
ResourceWarning: Enable tracemalloc to get the object allocation traceback
/home/nicola/.local/state/pqsigner-research/easycrypt-closure-20260923-o4g9cwcr/candidate-honest-components/contracts/verification/easycrypt/c10-port/tools/cert_cone.py:117: ResourceWarning: unclosed file <_io.TextIOWrapper name='cdrafts-split/C10HashDomains.ec' mode='r' encoding='UTF-8'>
  text = strip_comments(open(p).read())
ResourceWarning: Enable tracemalloc to get the object allocation traceback
/home/nicola/.local/state/pqsigner-research/easycrypt-closure-20260923-o4g9cwcr/candidate-honest-components/contracts/verification/easycrypt/c10-port/tools/cert_cone.py:117: ResourceWarning: unclosed file <_io.TextIOWrapper name='cdrafts-split/C10DeployedInstance.ec' mode='r' encoding='UTF-8'>
  text = strip_comments(open(p).read())
ResourceWarning: Enable tracemalloc to get the object allocation traceback
/home/nicola/.local/state/pqsigner-research/easycrypt-closure-20260923-o4g9cwcr/candidate-honest-components/contracts/verification/easycrypt/c10-port/tools/cert_cone.py:117: ResourceWarning: unclosed file <_io.TextIOWrapper name='cdrafts-split/SphincsC10Content.ec' mode='r' encoding='UTF-8'>
  text = strip_comments(open(p).read())
ResourceWarning: Enable tracemalloc to get the object allocation traceback
/home/nicola/.local/state/pqsigner-research/easycrypt-closure-20260923-o4g9cwcr/candidate-honest-components/contracts/verification/easycrypt/c10-port/tools/cert_cone.py:117: ResourceWarning: unclosed file <_io.TextIOWrapper name='cdrafts-split/SphincsC10CapstoneWired.ec' mode='r' encoding='UTF-8'>
  text = strip_comments(open(p).read())
ResourceWarning: Enable tracemalloc to get the object allocation traceback
/home/nicola/.local/state/pqsigner-research/easycrypt-closure-20260923-o4g9cwcr/candidate-honest-components/contracts/verification/easycrypt/c10-port/tools/cert_cone.py:117: ResourceWarning: unclosed file <_io.TextIOWrapper name='cdrafts-split/FORS_C10_Multi.ec' mode='r' encoding='UTF-8'>
  text = strip_comments(open(p).read())
ResourceWarning: Enable tracemalloc to get the object allocation traceback
/home/nicola/.local/state/pqsigner-research/easycrypt-closure-20260923-o4g9cwcr/candidate-honest-components/contracts/verification/easycrypt/c10-port/tools/cert_cone.py:117: ResourceWarning: unclosed file <_io.TextIOWrapper name='cdrafts-split/FORS_C10.ec' mode='r' encoding='UTF-8'>
  text = strip_comments(open(p).read())
ResourceWarning: Enable tracemalloc to get the object allocation traceback
/home/nicola/.local/state/pqsigner-research/easycrypt-closure-20260923-o4g9cwcr/candidate-honest-components/contracts/verification/easycrypt/c10-port/tools/cert_cone.py:117: ResourceWarning: unclosed file <_io.TextIOWrapper name='cdrafts-split/BoundedIID.ec' mode='r' encoding='UTF-8'>
  text = strip_comments(open(p).read())
ResourceWarning: Enable tracemalloc to get the object allocation traceback
/home/nicola/.local/state/pqsigner-research/easycrypt-closure-20260923-o4g9cwcr/candidate-honest-components/contracts/verification/easycrypt/c10-port/tools/cert_cone.py:117: ResourceWarning: unclosed file <_io.TextIOWrapper name='cdrafts-split/GprocFORSC10.ec' mode='r' encoding='UTF-8'>
  text = strip_comments(open(p).read())
ResourceWarning: Enable tracemalloc to get the object allocation traceback
/home/nicola/.local/state/pqsigner-research/easycrypt-closure-20260923-o4g9cwcr/candidate-honest-components/contracts/verification/easycrypt/c10-port/tools/cert_cone.py:117: ResourceWarning: unclosed file <_io.TextIOWrapper name='cdrafts-split/FxChain.ec' mode='r' encoding='UTF-8'>
  text = strip_comments(open(p).read())
ResourceWarning: Enable tracemalloc to get the object allocation traceback
/home/nicola/.local/state/pqsigner-research/easycrypt-closure-20260923-o4g9cwcr/candidate-honest-components/contracts/verification/easycrypt/c10-port/tools/cert_cone.py:117: ResourceWarning: unclosed file <_io.TextIOWrapper name='cdrafts-split/RtopCSoundness.ec' mode='r' encoding='UTF-8'>
  text = strip_comments(open(p).read())
ResourceWarning: Enable tracemalloc to get the object allocation traceback
/home/nicola/.local/state/pqsigner-research/easycrypt-closure-20260923-o4g9cwcr/candidate-honest-components/contracts/verification/easycrypt/c10-port/tools/cert_cone.py:117: ResourceWarning: unclosed file <_io.TextIOWrapper name='cdrafts-split/XmssmtCC_All.ec' mode='r' encoding='UTF-8'>
  text = strip_comments(open(p).read())
ResourceWarning: Enable tracemalloc to get the object allocation traceback
/home/nicola/.local/state/pqsigner-research/easycrypt-closure-20260923-o4g9cwcr/candidate-honest-components/contracts/verification/easycrypt/c10-port/tools/cert_cone.py:117: ResourceWarning: unclosed file <_io.TextIOWrapper name='cdrafts-split/WOTS_C_Interactive.ec' mode='r' encoding='UTF-8'>
  text = strip_comments(open(p).read())
ResourceWarning: Enable tracemalloc to get the object allocation traceback
/home/nicola/.local/state/pqsigner-research/easycrypt-closure-20260923-o4g9cwcr/candidate-honest-components/contracts/verification/easycrypt/c10-port/tools/cert_cone.py:117: ResourceWarning: unclosed file <_io.TextIOWrapper name='cdrafts-split/WOTS_C_Reduction.ec' mode='r' encoding='UTF-8'>
  text = strip_comments(open(p).read())
ResourceWarning: Enable tracemalloc to get the object allocation traceback
/home/nicola/.local/state/pqsigner-research/easycrypt-closure-20260923-o4g9cwcr/candidate-honest-components/contracts/verification/easycrypt/c10-port/tools/cert_cone.py:117: ResourceWarning: unclosed file <_io.TextIOWrapper name='cdrafts-split/WOTS_C_Scheme.ec' mode='r' encoding='UTF-8'>
  text = strip_comments(open(p).read())
ResourceWarning: Enable tracemalloc to get the object allocation traceback
/home/nicola/.local/state/pqsigner-research/easycrypt-closure-20260923-o4g9cwcr/candidate-honest-components/contracts/verification/easycrypt/c10-port/tools/cert_cone.py:117: ResourceWarning: unclosed file <_io.TextIOWrapper name='cdrafts-split/WOTS_C_Real.ec' mode='r' encoding='UTF-8'>
  text = strip_comments(open(p).read())
ResourceWarning: Enable tracemalloc to get the object allocation traceback
/home/nicola/.local/state/pqsigner-research/easycrypt-closure-20260923-o4g9cwcr/candidate-honest-components/contracts/verification/easycrypt/c10-port/tools/cert_cone.py:117: ResourceWarning: unclosed file <_io.TextIOWrapper name='cdrafts-split/STCR_C.ec' mode='r' encoding='UTF-8'>
  text = strip_comments(open(p).read())
ResourceWarning: Enable tracemalloc to get the object allocation traceback
/home/nicola/.local/state/pqsigner-research/easycrypt-closure-20260923-o4g9cwcr/candidate-honest-components/contracts/verification/easycrypt/c10-port/tools/cert_cone.py:117: ResourceWarning: unclosed file <_io.TextIOWrapper name='cdrafts-split/Grind.ec' mode='r' encoding='UTF-8'>
  text = strip_comments(open(p).read())
ResourceWarning: Enable tracemalloc to get the object allocation traceback
/home/nicola/.local/state/pqsigner-research/easycrypt-closure-20260923-o4g9cwcr/candidate-honest-components/contracts/verification/easycrypt/c10-port/tools/cert_cone.py:117: ResourceWarning: unclosed file <_io.TextIOWrapper name='cdrafts-split/XMSSMT_C_Scheme.ec' mode='r' encoding='UTF-8'>
  text = strip_comments(open(p).read())
ResourceWarning: Enable tracemalloc to get the object allocation traceback
/home/nicola/.local/state/pqsigner-research/easycrypt-closure-20260923-o4g9cwcr/candidate-honest-components/contracts/verification/easycrypt/c10-port/tools/cert_cone.py:117: ResourceWarning: unclosed file <_io.TextIOWrapper name='cdrafts-split/RawTrial.ec' mode='r' encoding='UTF-8'>
  text = strip_comments(open(p).read())
ResourceWarning: Enable tracemalloc to get the object allocation traceback
/home/nicola/.local/state/pqsigner-research/easycrypt-closure-20260923-o4g9cwcr/candidate-honest-components/contracts/verification/easycrypt/c10-port/tools/cert_cone.py:117: ResourceWarning: unclosed file <_io.TextIOWrapper name='cdrafts-split/RawRHistory.ec' mode='r' encoding='UTF-8'>
  text = strip_comments(open(p).read())
ResourceWarning: Enable tracemalloc to get the object allocation traceback
/home/nicola/.local/state/pqsigner-research/easycrypt-closure-20260923-o4g9cwcr/candidate-honest-components/contracts/verification/easycrypt/c10-port/tools/cert_cone.py:117: ResourceWarning: unclosed file <_io.TextIOWrapper name='cdrafts-split/RoleGrindCost.ec' mode='r' encoding='UTF-8'>
  text = strip_comments(open(p).read())
ResourceWarning: Enable tracemalloc to get the object allocation traceback
/home/nicola/.local/state/pqsigner-research/easycrypt-closure-20260923-o4g9cwcr/candidate-honest-components/contracts/verification/easycrypt/c10-port/tools/cert_cone.py:117: ResourceWarning: unclosed file <_io.TextIOWrapper name='cdrafts-split/RawKeygenCost.ec' mode='r' encoding='UTF-8'>
  text = strip_comments(open(p).read())
ResourceWarning: Enable tracemalloc to get the object allocation traceback
/home/nicola/.local/state/pqsigner-research/easycrypt-closure-20260923-o4g9cwcr/candidate-honest-components/contracts/verification/easycrypt/c10-port/tools/cert_cone.py:117: ResourceWarning: unclosed file <_io.TextIOWrapper name='cdrafts-split/RawWots.ec' mode='r' encoding='UTF-8'>
  text = strip_comments(open(p).read())
ResourceWarning: Enable tracemalloc to get the object allocation traceback
/home/nicola/.local/state/pqsigner-research/easycrypt-closure-20260923-o4g9cwcr/candidate-honest-components/contracts/verification/easycrypt/c10-port/tools/cert_cone.py:117: ResourceWarning: unclosed file <_io.TextIOWrapper name='cdrafts-split/RawShuffle.ec' mode='r' encoding='UTF-8'>
  text = strip_comments(open(p).read())
ResourceWarning: Enable tracemalloc to get the object allocation traceback
/home/nicola/.local/state/pqsigner-research/easycrypt-closure-20260923-o4g9cwcr/candidate-honest-components/contracts/verification/easycrypt/c10-port/tools/cert_cone.py:117: ResourceWarning: unclosed file <_io.TextIOWrapper name='cdrafts-split/PhysicalKeygenCost.ec' mode='r' encoding='UTF-8'>
  text = strip_comments(open(p).read())
ResourceWarning: Enable tracemalloc to get the object allocation traceback
/home/nicola/.local/state/pqsigner-research/easycrypt-closure-20260923-o4g9cwcr/candidate-honest-components/contracts/verification/easycrypt/c10-port/tools/cert_cone.py:117: ResourceWarning: unclosed file <_io.TextIOWrapper name='cdrafts-split/PreparedRaw.ec' mode='r' encoding='UTF-8'>
  text = strip_comments(open(p).read())
ResourceWarning: Enable tracemalloc to get the object allocation traceback
/home/nicola/.local/state/pqsigner-research/easycrypt-closure-20260923-o4g9cwcr/candidate-honest-components/contracts/verification/easycrypt/c10-port/tools/cert_cone.py:117: ResourceWarning: unclosed file <_io.TextIOWrapper name='cdrafts-split/GrindExhaustion.ec' mode='r' encoding='UTF-8'>
  text = strip_comments(open(p).read())
ResourceWarning: Enable tracemalloc to get the object allocation traceback
/home/nicola/.local/state/pqsigner-research/easycrypt-closure-20260923-o4g9cwcr/candidate-honest-components/contracts/verification/easycrypt/c10-port/tools/cert_cone.py:117: ResourceWarning: unclosed file <_io.TextIOWrapper name='cdrafts-split/StreamExpectation.ec' mode='r' encoding='UTF-8'>
  text = strip_comments(open(p).read())
ResourceWarning: Enable tracemalloc to get the object allocation traceback
/home/nicola/.local/state/pqsigner-research/easycrypt-closure-20260923-o4g9cwcr/candidate-honest-components/contracts/verification/easycrypt/c10-port/tools/cert_cone.py:117: ResourceWarning: unclosed file <_io.TextIOWrapper name='cdrafts-split/TrialExpectation.ec' mode='r' encoding='UTF-8'>
  text = strip_comments(open(p).read())
ResourceWarning: Enable tracemalloc to get the object allocation traceback
/home/nicola/.local/state/pqsigner-research/easycrypt-closure-20260923-o4g9cwcr/candidate-honest-components/contracts/verification/easycrypt/c10-port/tools/cert_cone.py:117: ResourceWarning: unclosed file <_io.TextIOWrapper name='cdrafts-split/GrindTail.ec' mode='r' encoding='UTF-8'>
  text = strip_comments(open(p).read())
ResourceWarning: Enable tracemalloc to get the object allocation traceback
/home/nicola/.local/state/pqsigner-research/easycrypt-closure-20260923-o4g9cwcr/candidate-honest-components/contracts/verification/easycrypt/c10-port/tools/cert_cone.py:117: ResourceWarning: unclosed file <_io.TextIOWrapper name='cdrafts-split/FORSC10Digest.ec' mode='r' encoding='UTF-8'>
  text = strip_comments(open(p).read())
ResourceWarning: Enable tracemalloc to get the object allocation traceback
/home/nicola/.local/state/pqsigner-research/easycrypt-closure-20260923-o4g9cwcr/candidate-honest-components/contracts/verification/easycrypt/c10-port/tools/cert_cone.py:117: ResourceWarning: unclosed file <_io.TextIOWrapper name='cdrafts-split/StreamBound.ec' mode='r' encoding='UTF-8'>
  text = strip_comments(open(p).read())
ResourceWarning: Enable tracemalloc to get the object allocation traceback
/home/nicola/.local/state/pqsigner-research/easycrypt-closure-20260923-o4g9cwcr/candidate-honest-components/contracts/verification/easycrypt/c10-port/tools/cert_cone.py:117: ResourceWarning: unclosed file <_io.TextIOWrapper name='cdrafts-split/PreparedExhaustion.ec' mode='r' encoding='UTF-8'>
  text = strip_comments(open(p).read())
ResourceWarning: Enable tracemalloc to get the object allocation traceback
/home/nicola/.local/state/pqsigner-research/easycrypt-closure-20260923-o4g9cwcr/candidate-honest-components/contracts/verification/easycrypt/c10-port/tools/cert_cone.py:117: ResourceWarning: unclosed file <_io.TextIOWrapper name='cdrafts-split/ExhaustionCharges.ec' mode='r' encoding='UTF-8'>
  text = strip_comments(open(p).read())
ResourceWarning: Enable tracemalloc to get the object allocation traceback
/home/nicola/.local/state/pqsigner-research/easycrypt-closure-20260923-o4g9cwcr/candidate-honest-components/contracts/verification/easycrypt/c10-port/tools/cert_cone.py:117: ResourceWarning: unclosed file <_io.TextIOWrapper name='cdrafts-split/PreparedGrind.ec' mode='r' encoding='UTF-8'>
  text = strip_comments(open(p).read())
ResourceWarning: Enable tracemalloc to get the object allocation traceback
/home/nicola/.local/state/pqsigner-research/easycrypt-closure-20260923-o4g9cwcr/candidate-honest-components/contracts/verification/easycrypt/c10-port/tools/cert_cone.py:117: ResourceWarning: unclosed file <_io.TextIOWrapper name='cdrafts-split/PreparedHistory.ec' mode='r' encoding='UTF-8'>
  text = strip_comments(open(p).read())
ResourceWarning: Enable tracemalloc to get the object allocation traceback
/home/nicola/.local/state/pqsigner-research/easycrypt-closure-20260923-o4g9cwcr/candidate-honest-components/contracts/verification/easycrypt/c10-port/tools/cert_cone.py:117: ResourceWarning: unclosed file <_io.TextIOWrapper name='cdrafts-split/PrefixIdeal.ec' mode='r' encoding='UTF-8'>
  text = strip_comments(open(p).read())
ResourceWarning: Enable tracemalloc to get the object allocation traceback
/home/nicola/.local/state/pqsigner-research/easycrypt-closure-20260923-o4g9cwcr/candidate-honest-components/contracts/verification/easycrypt/c10-port/tools/cert_cone.py:117: ResourceWarning: unclosed file <_io.TextIOWrapper name='cdrafts-split/PrefixBound.ec' mode='r' encoding='UTF-8'>
  text = strip_comments(open(p).read())
ResourceWarning: Enable tracemalloc to get the object allocation traceback
/home/nicola/.local/state/pqsigner-research/easycrypt-closure-20260923-o4g9cwcr/candidate-honest-components/contracts/verification/easycrypt/c10-port/tools/cert_cone.py:117: ResourceWarning: unclosed file <_io.TextIOWrapper name='cdrafts-split/PrefixGames.ec' mode='r' encoding='UTF-8'>
  text = strip_comments(open(p).read())
ResourceWarning: Enable tracemalloc to get the object allocation traceback
/home/nicola/.local/state/pqsigner-research/easycrypt-closure-20260923-o4g9cwcr/candidate-honest-components/contracts/verification/easycrypt/c10-port/tools/cert_cone.py:117: ResourceWarning: unclosed file <_io.TextIOWrapper name='cdrafts-split/KeygenExhaustion.ec' mode='r' encoding='UTF-8'>
  text = strip_comments(open(p).read())
ResourceWarning: Enable tracemalloc to get the object allocation traceback
/home/nicola/.local/state/pqsigner-research/easycrypt-closure-20260923-o4g9cwcr/candidate-honest-components/contracts/verification/easycrypt/c10-port/tools/cert_cone.py:117: ResourceWarning: unclosed file <_io.TextIOWrapper name='cdrafts-split/RawForest.ec' mode='r' encoding='UTF-8'>
  text = strip_comments(open(p).read())
ResourceWarning: Enable tracemalloc to get the object allocation traceback
/home/nicola/.local/state/pqsigner-research/easycrypt-closure-20260923-o4g9cwcr/candidate-honest-components/contracts/verification/easycrypt/c10-port/tools/cert_cone.py:117: ResourceWarning: unclosed file <_io.TextIOWrapper name='cdrafts-split/RawDecode.ec' mode='r' encoding='UTF-8'>
  text = strip_comments(open(p).read())
ResourceWarning: Enable tracemalloc to get the object allocation traceback
/home/nicola/.local/state/pqsigner-research/easycrypt-closure-20260923-o4g9cwcr/candidate-honest-components/contracts/verification/easycrypt/c10-port/tools/cert_cone.py:117: ResourceWarning: unclosed file <_io.TextIOWrapper name='cdrafts-split/RawSlices.ec' mode='r' encoding='UTF-8'>
  text = strip_comments(open(p).read())
ResourceWarning: Enable tracemalloc to get the object allocation traceback
/home/nicola/.local/state/pqsigner-research/easycrypt-closure-20260923-o4g9cwcr/candidate-honest-components/contracts/verification/easycrypt/c10-port/tools/cert_cone.py:117: ResourceWarning: unclosed file <_io.TextIOWrapper name='cdrafts-split/RawCodec.ec' mode='r' encoding='UTF-8'>
  text = strip_comments(open(p).read())
ResourceWarning: Enable tracemalloc to get the object allocation traceback
/home/nicola/.local/state/pqsigner-research/easycrypt-closure-20260923-o4g9cwcr/candidate-honest-components/contracts/verification/easycrypt/c10-port/tools/cert_cone.py:117: ResourceWarning: unclosed file <_io.TextIOWrapper name='cdrafts-split/RawWidths.ec' mode='r' encoding='UTF-8'>
  text = strip_comments(open(p).read())
ResourceWarning: Enable tracemalloc to get the object allocation traceback
/home/nicola/.local/state/pqsigner-research/easycrypt-closure-20260923-o4g9cwcr/candidate-honest-components/contracts/verification/easycrypt/c10-port/tools/cert_cone.py:117: ResourceWarning: unclosed file <_io.TextIOWrapper name='cdrafts-split/SignerEncodingCorrect.ec' mode='r' encoding='UTF-8'>
  text = strip_comments(open(p).read())
ResourceWarning: Enable tracemalloc to get the object allocation traceback
/home/nicola/.local/state/pqsigner-research/easycrypt-closure-20260923-o4g9cwcr/candidate-honest-components/contracts/verification/easycrypt/c10-port/tools/cert_cone.py:117: ResourceWarning: unclosed file <_io.TextIOWrapper name='cdrafts-split/EncodedSignature.ec' mode='r' encoding='UTF-8'>
  text = strip_comments(open(p).read())
ResourceWarning: Enable tracemalloc to get the object allocation traceback
/home/nicola/.local/state/pqsigner-research/easycrypt-closure-20260923-o4g9cwcr/candidate-honest-components/contracts/verification/easycrypt/c10-port/tools/cert_cone.py:117: ResourceWarning: unclosed file <_io.TextIOWrapper name='cdrafts-split/EncodedSignatureSlices.ec' mode='r' encoding='UTF-8'>
  text = strip_comments(open(p).read())
ResourceWarning: Enable tracemalloc to get the object allocation traceback
/home/nicola/.local/state/pqsigner-research/easycrypt-closure-20260923-o4g9cwcr/candidate-honest-components/contracts/verification/easycrypt/c10-port/tools/cert_cone.py:117: ResourceWarning: unclosed file <_io.TextIOWrapper name='cdrafts-split/EncodedSlices.ec' mode='r' encoding='UTF-8'>
  text = strip_comments(open(p).read())
ResourceWarning: Enable tracemalloc to get the object allocation traceback
/home/nicola/.local/state/pqsigner-research/easycrypt-closure-20260923-o4g9cwcr/candidate-honest-components/contracts/verification/easycrypt/c10-port/tools/cert_cone.py:117: ResourceWarning: unclosed file <_io.TextIOWrapper name='cdrafts-split/EncodedLayer.ec' mode='r' encoding='UTF-8'>
  text = strip_comments(open(p).read())
ResourceWarning: Enable tracemalloc to get the object allocation traceback
/home/nicola/.local/state/pqsigner-research/easycrypt-closure-20260923-o4g9cwcr/candidate-honest-components/contracts/verification/easycrypt/c10-port/tools/cert_cone.py:117: ResourceWarning: unclosed file <_io.TextIOWrapper name='cdrafts-split/IndependentSignerWidth.ec' mode='r' encoding='UTF-8'>
  text = strip_comments(open(p).read())
ResourceWarning: Enable tracemalloc to get the object allocation traceback
/home/nicola/.local/state/pqsigner-research/easycrypt-closure-20260923-o4g9cwcr/candidate-honest-components/contracts/verification/easycrypt/c10-port/tools/cert_cone.py:117: ResourceWarning: unclosed file <_io.TextIOWrapper name='cdrafts-split/IndependentWidths.ec' mode='r' encoding='UTF-8'>
  text = strip_comments(open(p).read())
ResourceWarning: Enable tracemalloc to get the object allocation traceback
/home/nicola/.local/state/pqsigner-research/easycrypt-closure-20260923-o4g9cwcr/candidate-honest-components/contracts/verification/easycrypt/c10-port/tools/cert_cone.py:117: ResourceWarning: unclosed file <_io.TextIOWrapper name='cdrafts-split/RawSignerWidths.ec' mode='r' encoding='UTF-8'>
  text = strip_comments(open(p).read())
ResourceWarning: Enable tracemalloc to get the object allocation traceback
/home/nicola/.local/state/pqsigner-research/easycrypt-closure-20260923-o4g9cwcr/candidate-honest-components/contracts/verification/easycrypt/c10-port/tools/cert_cone.py:117: ResourceWarning: unclosed file <_io.TextIOWrapper name='cdrafts-split/RawCompositeWidths.ec' mode='r' encoding='UTF-8'>
  text = strip_comments(open(p).read())
ResourceWarning: Enable tracemalloc to get the object allocation traceback
/home/nicola/.local/state/pqsigner-research/easycrypt-closure-20260923-o4g9cwcr/candidate-honest-components/contracts/verification/easycrypt/c10-port/tools/cert_cone.py:117: ResourceWarning: unclosed file <_io.TextIOWrapper name='cdrafts-split/RawTreeWidths.ec' mode='r' encoding='UTF-8'>
  text = strip_comments(open(p).read())
ResourceWarning: Enable tracemalloc to get the object allocation traceback
/home/nicola/.local/state/pqsigner-research/easycrypt-closure-20260923-o4g9cwcr/candidate-honest-components/contracts/verification/easycrypt/c10-port/tools/cert_cone.py:117: ResourceWarning: unclosed file <_io.TextIOWrapper name='cdrafts-split/SignerReturnedOpening.ec' mode='r' encoding='UTF-8'>
  text = strip_comments(open(p).read())
ResourceWarning: Enable tracemalloc to get the object allocation traceback
/home/nicola/.local/state/pqsigner-research/easycrypt-closure-20260923-o4g9cwcr/candidate-honest-components/contracts/verification/easycrypt/c10-port/tools/cert_cone.py:117: ResourceWarning: unclosed file <_io.TextIOWrapper name='cdrafts-split/SignerFinishRecorded.ec' mode='r' encoding='UTF-8'>
  text = strip_comments(open(p).read())
ResourceWarning: Enable tracemalloc to get the object allocation traceback
/home/nicola/.local/state/pqsigner-research/easycrypt-closure-20260923-o4g9cwcr/candidate-honest-components/contracts/verification/easycrypt/c10-port/tools/cert_cone.py:117: ResourceWarning: unclosed file <_io.TextIOWrapper name='cdrafts-split/SignerFinishWitness.ec' mode='r' encoding='UTF-8'>
  text = strip_comments(open(p).read())
ResourceWarning: Enable tracemalloc to get the object allocation traceback
/home/nicola/.local/state/pqsigner-research/easycrypt-closure-20260923-o4g9cwcr/candidate-honest-components/contracts/verification/easycrypt/c10-port/tools/cert_cone.py:117: ResourceWarning: unclosed file <_io.TextIOWrapper name='cdrafts-split/SignerFinishState.ec' mode='r' encoding='UTF-8'>
  text = strip_comments(open(p).read())
ResourceWarning: Enable tracemalloc to get the object allocation traceback
/home/nicola/.local/state/pqsigner-research/easycrypt-closure-20260923-o4g9cwcr/candidate-honest-components/contracts/verification/easycrypt/c10-port/tools/cert_cone.py:117: ResourceWarning: unclosed file <_io.TextIOWrapper name='cdrafts-split/SignerLayerTrace.ec' mode='r' encoding='UTF-8'>
  text = strip_comments(open(p).read())
ResourceWarning: Enable tracemalloc to get the object allocation traceback
/home/nicola/.local/state/pqsigner-research/easycrypt-closure-20260923-o4g9cwcr/candidate-honest-components/contracts/verification/easycrypt/c10-port/tools/cert_cone.py:117: ResourceWarning: unclosed file <_io.TextIOWrapper name='cdrafts-split/SignerCoordinates.ec' mode='r' encoding='UTF-8'>
  text = strip_comments(open(p).read())
ResourceWarning: Enable tracemalloc to get the object allocation traceback
/home/nicola/.local/state/pqsigner-research/easycrypt-closure-20260923-o4g9cwcr/candidate-honest-components/contracts/verification/easycrypt/c10-port/tools/cert_cone.py:117: ResourceWarning: unclosed file <_io.TextIOWrapper name='cdrafts-split/LayerOpeningReplay.ec' mode='r' encoding='UTF-8'>
  text = strip_comments(open(p).read())
ResourceWarning: Enable tracemalloc to get the object allocation traceback
/home/nicola/.local/state/pqsigner-research/easycrypt-closure-20260923-o4g9cwcr/candidate-honest-components/contracts/verification/easycrypt/c10-port/tools/cert_cone.py:117: ResourceWarning: unclosed file <_io.TextIOWrapper name='cdrafts-split/LayerRecoveryCorrect.ec' mode='r' encoding='UTF-8'>
  text = strip_comments(open(p).read())
ResourceWarning: Enable tracemalloc to get the object allocation traceback
/home/nicola/.local/state/pqsigner-research/easycrypt-closure-20260923-o4g9cwcr/candidate-honest-components/contracts/verification/easycrypt/c10-port/tools/cert_cone.py:117: ResourceWarning: unclosed file <_io.TextIOWrapper name='cdrafts-split/RawPathComparison.ec' mode='r' encoding='UTF-8'>
  text = strip_comments(open(p).read())
ResourceWarning: Enable tracemalloc to get the object allocation traceback
/home/nicola/.local/state/pqsigner-research/easycrypt-closure-20260923-o4g9cwcr/candidate-honest-components/contracts/verification/easycrypt/c10-port/tools/cert_cone.py:117: ResourceWarning: unclosed file <_io.TextIOWrapper name='cdrafts-split/RecoveryHistory.ec' mode='r' encoding='UTF-8'>
  text = strip_comments(open(p).read())
ResourceWarning: Enable tracemalloc to get the object allocation traceback
/home/nicola/.local/state/pqsigner-research/easycrypt-closure-20260923-o4g9cwcr/candidate-honest-components/contracts/verification/easycrypt/c10-port/tools/cert_cone.py:117: ResourceWarning: unclosed file <_io.TextIOWrapper name='cdrafts-split/PathOracle.ec' mode='r' encoding='UTF-8'>
  text = strip_comments(open(p).read())
ResourceWarning: Enable tracemalloc to get the object allocation traceback
/home/nicola/.local/state/pqsigner-research/easycrypt-closure-20260923-o4g9cwcr/candidate-honest-components/contracts/verification/easycrypt/c10-port/tools/cert_cone.py:117: ResourceWarning: unclosed file <_io.TextIOWrapper name='cdrafts-split/PathReplay.ec' mode='r' encoding='UTF-8'>
  text = strip_comments(open(p).read())
ResourceWarning: Enable tracemalloc to get the object allocation traceback
/home/nicola/.local/state/pqsigner-research/easycrypt-closure-20260923-o4g9cwcr/candidate-honest-components/contracts/verification/easycrypt/c10-port/tools/cert_cone.py:117: ResourceWarning: unclosed file <_io.TextIOWrapper name='cdrafts-split/AcceptedContexts.ec' mode='r' encoding='UTF-8'>
  text = strip_comments(open(p).read())
ResourceWarning: Enable tracemalloc to get the object allocation traceback
/home/nicola/.local/state/pqsigner-research/easycrypt-closure-20260923-o4g9cwcr/candidate-honest-components/contracts/verification/easycrypt/c10-port/tools/cert_cone.py:117: ResourceWarning: unclosed file <_io.TextIOWrapper name='cdrafts-split/ContextExhaustion.ec' mode='r' encoding='UTF-8'>
  text = strip_comments(open(p).read())
ResourceWarning: Enable tracemalloc to get the object allocation traceback
/home/nicola/.local/state/pqsigner-research/easycrypt-closure-20260923-o4g9cwcr/candidate-honest-components/contracts/verification/easycrypt/c10-port/tools/cert_cone.py:117: ResourceWarning: unclosed file <_io.TextIOWrapper name='cdrafts-split/IdealWitness.ec' mode='r' encoding='UTF-8'>
  text = strip_comments(open(p).read())
ResourceWarning: Enable tracemalloc to get the object allocation traceback
/home/nicola/.local/state/pqsigner-research/easycrypt-closure-20260923-o4g9cwcr/candidate-honest-components/contracts/verification/easycrypt/c10-port/tools/cert_cone.py:117: ResourceWarning: unclosed file <_io.TextIOWrapper name='cdrafts-split/RTailContexts.ec' mode='r' encoding='UTF-8'>
  text = strip_comments(open(p).read())
ResourceWarning: Enable tracemalloc to get the object allocation traceback
/home/nicola/.local/state/pqsigner-research/easycrypt-closure-20260923-o4g9cwcr/candidate-honest-components/contracts/verification/easycrypt/c10-port/tools/cert_cone.py:117: ResourceWarning: unclosed file <_io.TextIOWrapper name='cdrafts-split/RTailMessages.ec' mode='r' encoding='UTF-8'>
  text = strip_comments(open(p).read())
ResourceWarning: Enable tracemalloc to get the object allocation traceback
/home/nicola/.local/state/pqsigner-research/easycrypt-closure-20260923-o4g9cwcr/candidate-honest-components/contracts/verification/easycrypt/c10-port/tools/cert_cone.py:117: ResourceWarning: unclosed file <_io.TextIOWrapper name='cdrafts-split/PersistentGrind.ec' mode='r' encoding='UTF-8'>
  text = strip_comments(open(p).read())
ResourceWarning: Enable tracemalloc to get the object allocation traceback
/home/nicola/.local/state/pqsigner-research/easycrypt-closure-20260923-o4g9cwcr/candidate-honest-components/contracts/verification/easycrypt/c10-port/tools/cert_cone.py:117: ResourceWarning: unclosed file <_io.TextIOWrapper name='cdrafts-split/GrindWitness.ec' mode='r' encoding='UTF-8'>
  text = strip_comments(open(p).read())
ResourceWarning: Enable tracemalloc to get the object allocation traceback
/home/nicola/.local/state/pqsigner-research/easycrypt-closure-20260923-o4g9cwcr/candidate-honest-components/contracts/verification/easycrypt/c10-port/tools/cert_cone.py:117: ResourceWarning: unclosed file <_io.TextIOWrapper name='cdrafts-split/GrindReplay.ec' mode='r' encoding='UTF-8'>
  text = strip_comments(open(p).read())
ResourceWarning: Enable tracemalloc to get the object allocation traceback
/home/nicola/.local/state/pqsigner-research/easycrypt-closure-20260923-o4g9cwcr/candidate-honest-components/contracts/verification/easycrypt/c10-port/tools/cert_cone.py:117: ResourceWarning: unclosed file <_io.TextIOWrapper name='cdrafts-split/RawPathReplay.ec' mode='r' encoding='UTF-8'>
  text = strip_comments(open(p).read())
ResourceWarning: Enable tracemalloc to get the object allocation traceback
/home/nicola/.local/state/pqsigner-research/easycrypt-closure-20260923-o4g9cwcr/candidate-honest-components/contracts/verification/easycrypt/c10-port/tools/cert_cone.py:117: ResourceWarning: unclosed file <_io.TextIOWrapper name='cdrafts-split/PathInputs.ec' mode='r' encoding='UTF-8'>
  text = strip_comments(open(p).read())
ResourceWarning: Enable tracemalloc to get the object allocation traceback
/home/nicola/.local/state/pqsigner-research/easycrypt-closure-20260923-o4g9cwcr/candidate-honest-components/contracts/verification/easycrypt/c10-port/tools/cert_cone.py:117: ResourceWarning: unclosed file <_io.TextIOWrapper name='cdrafts-split/RawForsPathReplay.ec' mode='r' encoding='UTF-8'>
  text = strip_comments(open(p).read())
ResourceWarning: Enable tracemalloc to get the object allocation traceback
/home/nicola/.local/state/pqsigner-research/easycrypt-closure-20260923-o4g9cwcr/candidate-honest-components/contracts/verification/easycrypt/c10-port/tools/cert_cone.py:117: ResourceWarning: unclosed file <_io.TextIOWrapper name='cdrafts-split/GrindReturned.ec' mode='r' encoding='UTF-8'>
  text = strip_comments(open(p).read())
ResourceWarning: Enable tracemalloc to get the object allocation traceback
/home/nicola/.local/state/pqsigner-research/easycrypt-closure-20260923-o4g9cwcr/candidate-honest-components/contracts/verification/easycrypt/c10-port/tools/cert_cone.py:117: ResourceWarning: unclosed file <_io.TextIOWrapper name='cdrafts-split/RawHistoryPreservation.ec' mode='r' encoding='UTF-8'>
  text = strip_comments(open(p).read())
ResourceWarning: Enable tracemalloc to get the object allocation traceback
/home/nicola/.local/state/pqsigner-research/easycrypt-closure-20260923-o4g9cwcr/candidate-honest-components/contracts/verification/easycrypt/c10-port/tools/cert_cone.py:117: ResourceWarning: unclosed file <_io.TextIOWrapper name='cdrafts-split/PathCollision.ec' mode='r' encoding='UTF-8'>
  text = strip_comments(open(p).read())
ResourceWarning: Enable tracemalloc to get the object allocation traceback
/home/nicola/.local/state/pqsigner-research/easycrypt-closure-20260923-o4g9cwcr/candidate-honest-components/contracts/verification/easycrypt/c10-port/tools/cert_cone.py:117: ResourceWarning: unclosed file <_io.TextIOWrapper name='cdrafts-split/LayerPath.ec' mode='r' encoding='UTF-8'>
  text = strip_comments(open(p).read())
ResourceWarning: Enable tracemalloc to get the object allocation traceback
/home/nicola/.local/state/pqsigner-research/easycrypt-closure-20260923-o4g9cwcr/candidate-honest-components/contracts/verification/easycrypt/c10-port/tools/cert_cone.py:117: ResourceWarning: unclosed file <_io.TextIOWrapper name='cdrafts-split/WotsOpeningRecovery.ec' mode='r' encoding='UTF-8'>
  text = strip_comments(open(p).read())
ResourceWarning: Enable tracemalloc to get the object allocation traceback
/home/nicola/.local/state/pqsigner-research/easycrypt-closure-20260923-o4g9cwcr/candidate-honest-components/contracts/verification/easycrypt/c10-port/tools/cert_cone.py:117: ResourceWarning: unclosed file <_io.TextIOWrapper name='cdrafts-split/RawWotsRecovery.ec' mode='r' encoding='UTF-8'>
  text = strip_comments(open(p).read())
ResourceWarning: Enable tracemalloc to get the object allocation traceback
/home/nicola/.local/state/pqsigner-research/easycrypt-closure-20260923-o4g9cwcr/candidate-honest-components/contracts/verification/easycrypt/c10-port/tools/cert_cone.py:117: ResourceWarning: unclosed file <_io.TextIOWrapper name='cdrafts-split/RawCountRecorded.ec' mode='r' encoding='UTF-8'>
  text = strip_comments(open(p).read())
ResourceWarning: Enable tracemalloc to get the object allocation traceback
/home/nicola/.local/state/pqsigner-research/easycrypt-closure-20260923-o4g9cwcr/candidate-honest-components/contracts/verification/easycrypt/c10-port/tools/cert_cone.py:117: ResourceWarning: unclosed file <_io.TextIOWrapper name='cdrafts-split/MonotoneHistory.ec' mode='r' encoding='UTF-8'>
  text = strip_comments(open(p).read())
ResourceWarning: Enable tracemalloc to get the object allocation traceback
/home/nicola/.local/state/pqsigner-research/easycrypt-closure-20260923-o4g9cwcr/candidate-honest-components/contracts/verification/easycrypt/c10-port/tools/cert_cone.py:117: ResourceWarning: unclosed file <_io.TextIOWrapper name='cdrafts-split/FixedHashReplay.ec' mode='r' encoding='UTF-8'>
  text = strip_comments(open(p).read())
ResourceWarning: Enable tracemalloc to get the object allocation traceback
/home/nicola/.local/state/pqsigner-research/easycrypt-closure-20260923-o4g9cwcr/candidate-honest-components/contracts/verification/easycrypt/c10-port/tools/cert_cone.py:117: ResourceWarning: unclosed file <_io.TextIOWrapper name='cdrafts-split/FixedWotsChains.ec' mode='r' encoding='UTF-8'>
  text = strip_comments(open(p).read())
ResourceWarning: Enable tracemalloc to get the object allocation traceback
/home/nicola/.local/state/pqsigner-research/easycrypt-closure-20260923-o4g9cwcr/candidate-honest-components/contracts/verification/easycrypt/c10-port/tools/cert_cone.py:117: ResourceWarning: unclosed file <_io.TextIOWrapper name='cdrafts-split/WotsChainSplit.ec' mode='r' encoding='UTF-8'>
  text = strip_comments(open(p).read())
ResourceWarning: Enable tracemalloc to get the object allocation traceback
/home/nicola/.local/state/pqsigner-research/easycrypt-closure-20260923-o4g9cwcr/candidate-honest-components/contracts/verification/easycrypt/c10-port/tools/cert_cone.py:117: ResourceWarning: unclosed file <_io.TextIOWrapper name='cdrafts-split/WotsReference.ec' mode='r' encoding='UTF-8'>
  text = strip_comments(open(p).read())
ResourceWarning: Enable tracemalloc to get the object allocation traceback
/home/nicola/.local/state/pqsigner-research/easycrypt-closure-20260923-o4g9cwcr/candidate-honest-components/contracts/verification/easycrypt/c10-port/tools/cert_cone.py:117: ResourceWarning: unclosed file <_io.TextIOWrapper name='cdrafts-split/RawChainTrace.ec' mode='r' encoding='UTF-8'>
  text = strip_comments(open(p).read())
ResourceWarning: Enable tracemalloc to get the object allocation traceback
/home/nicola/.local/state/pqsigner-research/easycrypt-closure-20260923-o4g9cwcr/candidate-honest-components/contracts/verification/easycrypt/c10-port/tools/cert_cone.py:117: ResourceWarning: unclosed file <_io.TextIOWrapper name='cdrafts-split/LinearOracle.ec' mode='r' encoding='UTF-8'>
  text = strip_comments(open(p).read())
ResourceWarning: Enable tracemalloc to get the object allocation traceback
/home/nicola/.local/state/pqsigner-research/easycrypt-closure-20260923-o4g9cwcr/candidate-honest-components/contracts/verification/easycrypt/c10-port/tools/cert_cone.py:117: ResourceWarning: unclosed file <_io.TextIOWrapper name='cdrafts-split/LinearChain.ec' mode='r' encoding='UTF-8'>
  text = strip_comments(open(p).read())
ResourceWarning: Enable tracemalloc to get the object allocation traceback
/home/nicola/.local/state/pqsigner-research/easycrypt-closure-20260923-o4g9cwcr/candidate-honest-components/contracts/verification/easycrypt/c10-port/tools/cert_cone.py:117: ResourceWarning: unclosed file <_io.TextIOWrapper name='cdrafts-split/LinearSplit.ec' mode='r' encoding='UTF-8'>
  text = strip_comments(open(p).read())
ResourceWarning: Enable tracemalloc to get the object allocation traceback
/home/nicola/.local/state/pqsigner-research/easycrypt-closure-20260923-o4g9cwcr/candidate-honest-components/contracts/verification/easycrypt/c10-port/tools/cert_cone.py:117: ResourceWarning: unclosed file <_io.TextIOWrapper name='cdrafts-split/ChainHistory.ec' mode='r' encoding='UTF-8'>
  text = strip_comments(open(p).read())
ResourceWarning: Enable tracemalloc to get the object allocation traceback
/home/nicola/.local/state/pqsigner-research/easycrypt-closure-20260923-o4g9cwcr/candidate-honest-components/contracts/verification/easycrypt/c10-port/tools/cert_cone.py:117: ResourceWarning: unclosed file <_io.TextIOWrapper name='cdrafts-split/RawChainReplay.ec' mode='r' encoding='UTF-8'>
  text = strip_comments(open(p).read())
ResourceWarning: Enable tracemalloc to get the object allocation traceback
/home/nicola/.local/state/pqsigner-research/easycrypt-closure-20260923-o4g9cwcr/candidate-honest-components/contracts/verification/easycrypt/c10-port/tools/cert_cone.py:117: ResourceWarning: unclosed file <_io.TextIOWrapper name='cdrafts-split/WotsSignatureValue.ec' mode='r' encoding='UTF-8'>
  text = strip_comments(open(p).read())
ResourceWarning: Enable tracemalloc to get the object allocation traceback
/home/nicola/.local/state/pqsigner-research/easycrypt-closure-20260923-o4g9cwcr/candidate-honest-components/contracts/verification/easycrypt/c10-port/tools/cert_cone.py:117: ResourceWarning: unclosed file <_io.TextIOWrapper name='cdrafts-split/WotsLeafReference.ec' mode='r' encoding='UTF-8'>
  text = strip_comments(open(p).read())
ResourceWarning: Enable tracemalloc to get the object allocation traceback
/home/nicola/.local/state/pqsigner-research/easycrypt-closure-20260923-o4g9cwcr/candidate-honest-components/contracts/verification/easycrypt/c10-port/tools/cert_cone.py:117: ResourceWarning: unclosed file <_io.TextIOWrapper name='cdrafts-split/WotsChainReference.ec' mode='r' encoding='UTF-8'>
  text = strip_comments(open(p).read())
ResourceWarning: Enable tracemalloc to get the object allocation traceback
/home/nicola/.local/state/pqsigner-research/easycrypt-closure-20260923-o4g9cwcr/candidate-honest-components/contracts/verification/easycrypt/c10-port/tools/cert_cone.py:117: ResourceWarning: unclosed file <_io.TextIOWrapper name='cdrafts-split/WotsReferenceOracle.ec' mode='r' encoding='UTF-8'>
  text = strip_comments(open(p).read())
ResourceWarning: Enable tracemalloc to get the object allocation traceback
/home/nicola/.local/state/pqsigner-research/easycrypt-closure-20260923-o4g9cwcr/candidate-honest-components/contracts/verification/easycrypt/c10-port/tools/cert_cone.py:117: ResourceWarning: unclosed file <_io.TextIOWrapper name='cdrafts-split/WotsReferenceStep.ec' mode='r' encoding='UTF-8'>
  text = strip_comments(open(p).read())
ResourceWarning: Enable tracemalloc to get the object allocation traceback
/home/nicola/.local/state/pqsigner-research/easycrypt-closure-20260923-o4g9cwcr/candidate-honest-components/contracts/verification/easycrypt/c10-port/tools/cert_cone.py:117: ResourceWarning: unclosed file <_io.TextIOWrapper name='cdrafts-split/RawLeafChains.ec' mode='r' encoding='UTF-8'>
  text = strip_comments(open(p).read())
ResourceWarning: Enable tracemalloc to get the object allocation traceback
/home/nicola/.local/state/pqsigner-research/easycrypt-closure-20260923-o4g9cwcr/candidate-honest-components/contracts/verification/easycrypt/c10-port/tools/cert_cone.py:117: ResourceWarning: unclosed file <_io.TextIOWrapper name='cdrafts-split/WotsSignWitness.ec' mode='r' encoding='UTF-8'>
  text = strip_comments(open(p).read())
ResourceWarning: Enable tracemalloc to get the object allocation traceback
/home/nicola/.local/state/pqsigner-research/easycrypt-closure-20260923-o4g9cwcr/candidate-honest-components/contracts/verification/easycrypt/c10-port/tools/cert_cone.py:117: ResourceWarning: unclosed file <_io.TextIOWrapper name='cdrafts-split/WotsCountWitness.ec' mode='r' encoding='UTF-8'>
  text = strip_comments(open(p).read())
ResourceWarning: Enable tracemalloc to get the object allocation traceback
/home/nicola/.local/state/pqsigner-research/easycrypt-closure-20260923-o4g9cwcr/candidate-honest-components/contracts/verification/easycrypt/c10-port/tools/cert_cone.py:117: ResourceWarning: unclosed file <_io.TextIOWrapper name='cdrafts-split/WotsReferenceRoot.ec' mode='r' encoding='UTF-8'>
  text = strip_comments(open(p).read())
ResourceWarning: Enable tracemalloc to get the object allocation traceback
/home/nicola/.local/state/pqsigner-research/easycrypt-closure-20260923-o4g9cwcr/candidate-honest-components/contracts/verification/easycrypt/c10-port/tools/cert_cone.py:117: ResourceWarning: unclosed file <_io.TextIOWrapper name='cdrafts-split/WotsFillCorrect.ec' mode='r' encoding='UTF-8'>
  text = strip_comments(open(p).read())
ResourceWarning: Enable tracemalloc to get the object allocation traceback
/home/nicola/.local/state/pqsigner-research/easycrypt-closure-20260923-o4g9cwcr/candidate-honest-components/contracts/verification/easycrypt/c10-port/tools/cert_cone.py:117: ResourceWarning: unclosed file <_io.TextIOWrapper name='cdrafts-split/FixedChainReplay.ec' mode='r' encoding='UTF-8'>
  text = strip_comments(open(p).read())
ResourceWarning: Enable tracemalloc to get the object allocation traceback
/home/nicola/.local/state/pqsigner-research/easycrypt-closure-20260923-o4g9cwcr/candidate-honest-components/contracts/verification/easycrypt/c10-port/tools/cert_cone.py:117: ResourceWarning: unclosed file <_io.TextIOWrapper name='cdrafts-split/PreparationHistory.ec' mode='r' encoding='UTF-8'>
  text = strip_comments(open(p).read())
ResourceWarning: Enable tracemalloc to get the object allocation traceback
/home/nicola/.local/state/pqsigner-research/easycrypt-closure-20260923-o4g9cwcr/candidate-honest-components/contracts/verification/easycrypt/c10-port/tools/cert_cone.py:117: ResourceWarning: unclosed file <_io.TextIOWrapper name='cdrafts-split/RawShufflePermutation.ec' mode='r' encoding='UTF-8'>
  text = strip_comments(open(p).read())
ResourceWarning: Enable tracemalloc to get the object allocation traceback
/home/nicola/.local/state/pqsigner-research/easycrypt-closure-20260923-o4g9cwcr/candidate-honest-components/contracts/verification/easycrypt/c10-port/tools/cert_cone.py:117: ResourceWarning: unclosed file <_io.TextIOWrapper name='cdrafts-split/ShuffleSwap.ec' mode='r' encoding='UTF-8'>
  text = strip_comments(open(p).read())
ResourceWarning: Enable tracemalloc to get the object allocation traceback
/home/nicola/.local/state/pqsigner-research/easycrypt-closure-20260923-o4g9cwcr/candidate-honest-components/contracts/verification/easycrypt/c10-port/tools/cert_cone.py:117: ResourceWarning: unclosed file <_io.TextIOWrapper name='cdrafts-split/RawWotsFill.ec' mode='r' encoding='UTF-8'>
  text = strip_comments(open(p).read())
ResourceWarning: Enable tracemalloc to get the object allocation traceback
/home/nicola/.local/state/pqsigner-research/easycrypt-closure-20260923-o4g9cwcr/candidate-honest-components/contracts/verification/easycrypt/c10-port/tools/cert_cone.py:117: ResourceWarning: unclosed file <_io.TextIOWrapper name='cdrafts-split/LayerSignOpening.ec' mode='r' encoding='UTF-8'>
  text = strip_comments(open(p).read())
ResourceWarning: Enable tracemalloc to get the object allocation traceback
/home/nicola/.local/state/pqsigner-research/easycrypt-closure-20260923-o4g9cwcr/candidate-honest-components/contracts/verification/easycrypt/c10-port/tools/cert_cone.py:117: ResourceWarning: unclosed file <_io.TextIOWrapper name='cdrafts-split/LayerRecoveryHistory.ec' mode='r' encoding='UTF-8'>
  text = strip_comments(open(p).read())
ResourceWarning: Enable tracemalloc to get the object allocation traceback
/home/nicola/.local/state/pqsigner-research/easycrypt-closure-20260923-o4g9cwcr/candidate-honest-components/contracts/verification/easycrypt/c10-port/tools/cert_cone.py:117: ResourceWarning: unclosed file <_io.TextIOWrapper name='cdrafts-split/BuilderTotality.ec' mode='r' encoding='UTF-8'>
  text = strip_comments(open(p).read())
ResourceWarning: Enable tracemalloc to get the object allocation traceback
/home/nicola/.local/state/pqsigner-research/easycrypt-closure-20260923-o4g9cwcr/candidate-honest-components/contracts/verification/easycrypt/c10-port/tools/cert_cone.py:117: ResourceWarning: unclosed file <_io.TextIOWrapper name='cdrafts-split/LayerSignWitness.ec' mode='r' encoding='UTF-8'>
  text = strip_comments(open(p).read())
ResourceWarning: Enable tracemalloc to get the object allocation traceback
/home/nicola/.local/state/pqsigner-research/easycrypt-closure-20260923-o4g9cwcr/candidate-honest-components/contracts/verification/easycrypt/c10-port/tools/cert_cone.py:117: ResourceWarning: unclosed file <_io.TextIOWrapper name='cdrafts-split/MerkleBuilderWots.ec' mode='r' encoding='UTF-8'>
  text = strip_comments(open(p).read())
ResourceWarning: Enable tracemalloc to get the object allocation traceback
/home/nicola/.local/state/pqsigner-research/easycrypt-closure-20260923-o4g9cwcr/candidate-honest-components/contracts/verification/easycrypt/c10-port/tools/cert_cone.py:117: ResourceWarning: unclosed file <_io.TextIOWrapper name='cdrafts-split/MerkleWotsLeaves.ec' mode='r' encoding='UTF-8'>
  text = strip_comments(open(p).read())
ResourceWarning: Enable tracemalloc to get the object allocation traceback
/home/nicola/.local/state/pqsigner-research/easycrypt-closure-20260923-o4g9cwcr/candidate-honest-components/contracts/verification/easycrypt/c10-port/tools/cert_cone.py:117: ResourceWarning: unclosed file <_io.TextIOWrapper name='cdrafts-split/WotsCatalogOracle.ec' mode='r' encoding='UTF-8'>
  text = strip_comments(open(p).read())
ResourceWarning: Enable tracemalloc to get the object allocation traceback
/home/nicola/.local/state/pqsigner-research/easycrypt-closure-20260923-o4g9cwcr/candidate-honest-components/contracts/verification/easycrypt/c10-port/tools/cert_cone.py:117: ResourceWarning: unclosed file <_io.TextIOWrapper name='cdrafts-split/RawWotsReference.ec' mode='r' encoding='UTF-8'>
  text = strip_comments(open(p).read())
ResourceWarning: Enable tracemalloc to get the object allocation traceback
/home/nicola/.local/state/pqsigner-research/easycrypt-closure-20260923-o4g9cwcr/candidate-honest-components/contracts/verification/easycrypt/c10-port/tools/cert_cone.py:117: ResourceWarning: unclosed file <_io.TextIOWrapper name='cdrafts-split/WotsCatalog.ec' mode='r' encoding='UTF-8'>
  text = strip_comments(open(p).read())
ResourceWarning: Enable tracemalloc to get the object allocation traceback
/home/nicola/.local/state/pqsigner-research/easycrypt-closure-20260923-o4g9cwcr/candidate-honest-components/contracts/verification/easycrypt/c10-port/tools/cert_cone.py:117: ResourceWarning: unclosed file <_io.TextIOWrapper name='cdrafts-split/NodeCatalog.ec' mode='r' encoding='UTF-8'>
  text = strip_comments(open(p).read())
ResourceWarning: Enable tracemalloc to get the object allocation traceback
/home/nicola/.local/state/pqsigner-research/easycrypt-closure-20260923-o4g9cwcr/candidate-honest-components/contracts/verification/easycrypt/c10-port/tools/cert_cone.py:117: ResourceWarning: unclosed file <_io.TextIOWrapper name='cdrafts-split/NodeGridPath.ec' mode='r' encoding='UTF-8'>
  text = strip_comments(open(p).read())
ResourceWarning: Enable tracemalloc to get the object allocation traceback
/home/nicola/.local/state/pqsigner-research/easycrypt-closure-20260923-o4g9cwcr/candidate-honest-components/contracts/verification/easycrypt/c10-port/tools/cert_cone.py:117: ResourceWarning: unclosed file <_io.TextIOWrapper name='cdrafts-split/NodeGridIndex.ec' mode='r' encoding='UTF-8'>
  text = strip_comments(open(p).read())
ResourceWarning: Enable tracemalloc to get the object allocation traceback
/home/nicola/.local/state/pqsigner-research/easycrypt-closure-20260923-o4g9cwcr/candidate-honest-components/contracts/verification/easycrypt/c10-port/tools/cert_cone.py:117: ResourceWarning: unclosed file <_io.TextIOWrapper name='cdrafts-split/DyadicStack.ec' mode='r' encoding='UTF-8'>
  text = strip_comments(open(p).read())
ResourceWarning: Enable tracemalloc to get the object allocation traceback
/home/nicola/.local/state/pqsigner-research/easycrypt-closure-20260923-o4g9cwcr/candidate-honest-components/contracts/verification/easycrypt/c10-port/tools/cert_cone.py:117: ResourceWarning: unclosed file <_io.TextIOWrapper name='cdrafts-split/MerkleCatalogObserver.ec' mode='r' encoding='UTF-8'>
  text = strip_comments(open(p).read())
ResourceWarning: Enable tracemalloc to get the object allocation traceback
/home/nicola/.local/state/pqsigner-research/easycrypt-closure-20260923-o4g9cwcr/candidate-honest-components/contracts/verification/easycrypt/c10-port/tools/cert_cone.py:117: ResourceWarning: unclosed file <_io.TextIOWrapper name='cdrafts-split/StackPowers.ec' mode='r' encoding='UTF-8'>
  text = strip_comments(open(p).read())
ResourceWarning: Enable tracemalloc to get the object allocation traceback
/home/nicola/.local/state/pqsigner-research/easycrypt-closure-20260923-o4g9cwcr/candidate-honest-components/contracts/verification/easycrypt/c10-port/tools/cert_cone.py:117: ResourceWarning: unclosed file <_io.TextIOWrapper name='cdrafts-split/CatalogStack.ec' mode='r' encoding='UTF-8'>
  text = strip_comments(open(p).read())
ResourceWarning: Enable tracemalloc to get the object allocation traceback
/home/nicola/.local/state/pqsigner-research/easycrypt-closure-20260923-o4g9cwcr/candidate-honest-components/contracts/verification/easycrypt/c10-port/tools/cert_cone.py:117: ResourceWarning: unclosed file <_io.TextIOWrapper name='cdrafts-split/NodeCatalogDomain.ec' mode='r' encoding='UTF-8'>
  text = strip_comments(open(p).read())
ResourceWarning: Enable tracemalloc to get the object allocation traceback
/home/nicola/.local/state/pqsigner-research/easycrypt-closure-20260923-o4g9cwcr/candidate-honest-components/contracts/verification/easycrypt/c10-port/tools/cert_cone.py:117: ResourceWarning: unclosed file <_io.TextIOWrapper name='cdrafts-split/StackAlignment.ec' mode='r' encoding='UTF-8'>
  text = strip_comments(open(p).read())
ResourceWarning: Enable tracemalloc to get the object allocation traceback
/home/nicola/.local/state/pqsigner-research/easycrypt-closure-20260923-o4g9cwcr/candidate-honest-components/contracts/verification/easycrypt/c10-port/tools/cert_cone.py:117: ResourceWarning: unclosed file <_io.TextIOWrapper name='cdrafts-split/StackProjection.ec' mode='r' encoding='UTF-8'>
  text = strip_comments(open(p).read())
ResourceWarning: Enable tracemalloc to get the object allocation traceback
/home/nicola/.local/state/pqsigner-research/easycrypt-closure-20260923-o4g9cwcr/candidate-honest-components/contracts/verification/easycrypt/c10-port/tools/cert_cone.py:117: ResourceWarning: unclosed file <_io.TextIOWrapper name='cdrafts-split/MerkleBuildWitness.ec' mode='r' encoding='UTF-8'>
  text = strip_comments(open(p).read())
ResourceWarning: Enable tracemalloc to get the object allocation traceback
/home/nicola/.local/state/pqsigner-research/easycrypt-closure-20260923-o4g9cwcr/candidate-honest-components/contracts/verification/easycrypt/c10-port/tools/cert_cone.py:117: ResourceWarning: unclosed file <_io.TextIOWrapper name='cdrafts-split/MerkleBuilderPath.ec' mode='r' encoding='UTF-8'>
  text = strip_comments(open(p).read())
ResourceWarning: Enable tracemalloc to get the object allocation traceback
/home/nicola/.local/state/pqsigner-research/easycrypt-closure-20260923-o4g9cwcr/candidate-honest-components/contracts/verification/easycrypt/c10-port/tools/cert_cone.py:117: ResourceWarning: unclosed file <_io.TextIOWrapper name='cdrafts-split/CatalogWidths.ec' mode='r' encoding='UTF-8'>
  text = strip_comments(open(p).read())
ResourceWarning: Enable tracemalloc to get the object allocation traceback
/home/nicola/.local/state/pqsigner-research/easycrypt-closure-20260923-o4g9cwcr/candidate-honest-components/contracts/verification/easycrypt/c10-port/tools/cert_cone.py:117: ResourceWarning: unclosed file <_io.TextIOWrapper name='cdrafts-split/AuthPhase.ec' mode='r' encoding='UTF-8'>
  text = strip_comments(open(p).read())
ResourceWarning: Enable tracemalloc to get the object allocation traceback
/home/nicola/.local/state/pqsigner-research/easycrypt-closure-20260923-o4g9cwcr/candidate-honest-components/contracts/verification/easycrypt/c10-port/tools/cert_cone.py:117: ResourceWarning: unclosed file <_io.TextIOWrapper name='cdrafts-split/AuthSlots.ec' mode='r' encoding='UTF-8'>
  text = strip_comments(open(p).read())
ResourceWarning: Enable tracemalloc to get the object allocation traceback
/home/nicola/.local/state/pqsigner-research/easycrypt-closure-20260923-o4g9cwcr/candidate-honest-components/contracts/verification/easycrypt/c10-port/tools/cert_cone.py:117: ResourceWarning: unclosed file <_io.TextIOWrapper name='cdrafts-split/AuthCaptureSchedule.ec' mode='r' encoding='UTF-8'>
  text = strip_comments(open(p).read())
ResourceWarning: Enable tracemalloc to get the object allocation traceback
/home/nicola/.local/state/pqsigner-research/easycrypt-closure-20260923-o4g9cwcr/candidate-honest-components/contracts/verification/easycrypt/c10-port/tools/cert_cone.py:117: ResourceWarning: unclosed file <_io.TextIOWrapper name='cdrafts-split/ForsCatalogObserver.ec' mode='r' encoding='UTF-8'>
  text = strip_comments(open(p).read())
ResourceWarning: Enable tracemalloc to get the object allocation traceback
/home/nicola/.local/state/pqsigner-research/easycrypt-closure-20260923-o4g9cwcr/candidate-honest-components/contracts/verification/easycrypt/c10-port/tools/cert_cone.py:117: ResourceWarning: unclosed file <_io.TextIOWrapper name='cdrafts-split/ForsBuildWitness.ec' mode='r' encoding='UTF-8'>
  text = strip_comments(open(p).read())
ResourceWarning: Enable tracemalloc to get the object allocation traceback
/home/nicola/.local/state/pqsigner-research/easycrypt-closure-20260923-o4g9cwcr/candidate-honest-components/contracts/verification/easycrypt/c10-port/tools/cert_cone.py:117: ResourceWarning: unclosed file <_io.TextIOWrapper name='cdrafts-split/BuilderPath.ec' mode='r' encoding='UTF-8'>
  text = strip_comments(open(p).read())
ResourceWarning: Enable tracemalloc to get the object allocation traceback
/home/nicola/.local/state/pqsigner-research/easycrypt-closure-20260923-o4g9cwcr/candidate-honest-components/contracts/verification/easycrypt/c10-port/tools/cert_cone.py:117: ResourceWarning: unclosed file <_io.TextIOWrapper name='cdrafts-split/CatalogForest.ec' mode='r' encoding='UTF-8'>
  text = strip_comments(open(p).read())
ResourceWarning: Enable tracemalloc to get the object allocation traceback
/home/nicola/.local/state/pqsigner-research/easycrypt-closure-20260923-o4g9cwcr/candidate-honest-components/contracts/verification/easycrypt/c10-port/tools/cert_cone.py:117: ResourceWarning: unclosed file <_io.TextIOWrapper name='cdrafts-split/CatalogPath.ec' mode='r' encoding='UTF-8'>
  text = strip_comments(open(p).read())
ResourceWarning: Enable tracemalloc to get the object allocation traceback
/home/nicola/.local/state/pqsigner-research/easycrypt-closure-20260923-o4g9cwcr/candidate-honest-components/contracts/verification/easycrypt/c10-port/tools/cert_cone.py:117: ResourceWarning: unclosed file <_io.TextIOWrapper name='cdrafts-split/MerkleCatalogAuth.ec' mode='r' encoding='UTF-8'>
  text = strip_comments(open(p).read())
ResourceWarning: Enable tracemalloc to get the object allocation traceback
/home/nicola/.local/state/pqsigner-research/easycrypt-closure-20260923-o4g9cwcr/candidate-honest-components/contracts/verification/easycrypt/c10-port/tools/cert_cone.py:117: ResourceWarning: unclosed file <_io.TextIOWrapper name='cdrafts-split/AuthAdvance.ec' mode='r' encoding='UTF-8'>
  text = strip_comments(open(p).read())
ResourceWarning: Enable tracemalloc to get the object allocation traceback
/home/nicola/.local/state/pqsigner-research/easycrypt-closure-20260923-o4g9cwcr/candidate-honest-components/contracts/verification/easycrypt/c10-port/tools/cert_cone.py:117: ResourceWarning: unclosed file <_io.TextIOWrapper name='cdrafts-split/AuthStepInvariant.ec' mode='r' encoding='UTF-8'>
  text = strip_comments(open(p).read())
ResourceWarning: Enable tracemalloc to get the object allocation traceback
/home/nicola/.local/state/pqsigner-research/easycrypt-closure-20260923-o4g9cwcr/candidate-honest-components/contracts/verification/easycrypt/c10-port/tools/cert_cone.py:117: ResourceWarning: unclosed file <_io.TextIOWrapper name='cdrafts-split/AuthSteps.ec' mode='r' encoding='UTF-8'>
  text = strip_comments(open(p).read())
ResourceWarning: Enable tracemalloc to get the object allocation traceback
/home/nicola/.local/state/pqsigner-research/easycrypt-closure-20260923-o4g9cwcr/candidate-honest-components/contracts/verification/easycrypt/c10-port/tools/cert_cone.py:117: ResourceWarning: unclosed file <_io.TextIOWrapper name='cdrafts-split/AuthCaptureValue.ec' mode='r' encoding='UTF-8'>
  text = strip_comments(open(p).read())
ResourceWarning: Enable tracemalloc to get the object allocation traceback
/home/nicola/.local/state/pqsigner-research/easycrypt-closure-20260923-o4g9cwcr/candidate-honest-components/contracts/verification/easycrypt/c10-port/tools/cert_cone.py:117: ResourceWarning: unclosed file <_io.TextIOWrapper name='cdrafts-split/AuthCaptureIndex.ec' mode='r' encoding='UTF-8'>
  text = strip_comments(open(p).read())
ResourceWarning: Enable tracemalloc to get the object allocation traceback
/home/nicola/.local/state/pqsigner-research/easycrypt-closure-20260923-o4g9cwcr/candidate-honest-components/contracts/verification/easycrypt/c10-port/tools/cert_cone.py:117: ResourceWarning: unclosed file <_io.TextIOWrapper name='cdrafts-split/CatalogForestMerge.ec' mode='r' encoding='UTF-8'>
  text = strip_comments(open(p).read())
ResourceWarning: Enable tracemalloc to get the object allocation traceback
/home/nicola/.local/state/pqsigner-research/easycrypt-closure-20260923-o4g9cwcr/candidate-honest-components/contracts/verification/easycrypt/c10-port/tools/cert_cone.py:117: ResourceWarning: unclosed file <_io.TextIOWrapper name='cdrafts-split/MerkleCatalogSound.ec' mode='r' encoding='UTF-8'>
  text = strip_comments(open(p).read())
ResourceWarning: Enable tracemalloc to get the object allocation traceback
/home/nicola/.local/state/pqsigner-research/easycrypt-closure-20260923-o4g9cwcr/candidate-honest-components/contracts/verification/easycrypt/c10-port/tools/cert_cone.py:117: ResourceWarning: unclosed file <_io.TextIOWrapper name='cdrafts-split/CatalogOracle.ec' mode='r' encoding='UTF-8'>
  text = strip_comments(open(p).read())
ResourceWarning: Enable tracemalloc to get the object allocation traceback
/home/nicola/.local/state/pqsigner-research/easycrypt-closure-20260923-o4g9cwcr/candidate-honest-components/contracts/verification/easycrypt/c10-port/tools/cert_cone.py:117: ResourceWarning: unclosed file <_io.TextIOWrapper name='cdrafts-split/CatalogMerge.ec' mode='r' encoding='UTF-8'>
  text = strip_comments(open(p).read())
ResourceWarning: Enable tracemalloc to get the object allocation traceback
/home/nicola/.local/state/pqsigner-research/easycrypt-closure-20260923-o4g9cwcr/candidate-honest-components/contracts/verification/easycrypt/c10-port/tools/cert_cone.py:117: ResourceWarning: unclosed file <_io.TextIOWrapper name='cdrafts-split/LayerWotsSign.ec' mode='r' encoding='UTF-8'>
  text = strip_comments(open(p).read())
ResourceWarning: Enable tracemalloc to get the object allocation traceback
/home/nicola/.local/state/pqsigner-research/easycrypt-closure-20260923-o4g9cwcr/candidate-honest-components/contracts/verification/easycrypt/c10-port/tools/cert_cone.py:117: ResourceWarning: unclosed file <_io.TextIOWrapper name='cdrafts-split/LayerWitness.ec' mode='r' encoding='UTF-8'>
  text = strip_comments(open(p).read())
ResourceWarning: Enable tracemalloc to get the object allocation traceback
/home/nicola/.local/state/pqsigner-research/easycrypt-closure-20260923-o4g9cwcr/candidate-honest-components/contracts/verification/easycrypt/c10-port/tools/cert_cone.py:117: ResourceWarning: unclosed file <_io.TextIOWrapper name='cdrafts-split/ForestOpening.ec' mode='r' encoding='UTF-8'>
  text = strip_comments(open(p).read())
ResourceWarning: Enable tracemalloc to get the object allocation traceback
/home/nicola/.local/state/pqsigner-research/easycrypt-closure-20260923-o4g9cwcr/candidate-honest-components/contracts/verification/easycrypt/c10-port/tools/cert_cone.py:117: ResourceWarning: unclosed file <_io.TextIOWrapper name='cdrafts-split/ForestRecoveryReplay.ec' mode='r' encoding='UTF-8'>
  text = strip_comments(open(p).read())
ResourceWarning: Enable tracemalloc to get the object allocation traceback
/home/nicola/.local/state/pqsigner-research/easycrypt-closure-20260923-o4g9cwcr/candidate-honest-components/contracts/verification/easycrypt/c10-port/tools/cert_cone.py:117: ResourceWarning: unclosed file <_io.TextIOWrapper name='cdrafts-split/ForsOpeningReplay.ec' mode='r' encoding='UTF-8'>
  text = strip_comments(open(p).read())
ResourceWarning: Enable tracemalloc to get the object allocation traceback
/home/nicola/.local/state/pqsigner-research/easycrypt-closure-20260923-o4g9cwcr/candidate-honest-components/contracts/verification/easycrypt/c10-port/tools/cert_cone.py:117: ResourceWarning: unclosed file <_io.TextIOWrapper name='cdrafts-split/ForsComponentHistory.ec' mode='r' encoding='UTF-8'>
  text = strip_comments(open(p).read())
ResourceWarning: Enable tracemalloc to get the object allocation traceback
/home/nicola/.local/state/pqsigner-research/easycrypt-closure-20260923-o4g9cwcr/candidate-honest-components/contracts/verification/easycrypt/c10-port/tools/cert_cone.py:117: ResourceWarning: unclosed file <_io.TextIOWrapper name='cdrafts-split/ForsOpening.ec' mode='r' encoding='UTF-8'>
  text = strip_comments(open(p).read())
ResourceWarning: Enable tracemalloc to get the object allocation traceback
/home/nicola/.local/state/pqsigner-research/easycrypt-closure-20260923-o4g9cwcr/candidate-honest-components/contracts/verification/easycrypt/c10-port/tools/cert_cone.py:117: ResourceWarning: unclosed file <_io.TextIOWrapper name='cdrafts-split/RawForsComparison.ec' mode='r' encoding='UTF-8'>
  text = strip_comments(open(p).read())
ResourceWarning: Enable tracemalloc to get the object allocation traceback
/home/nicola/.local/state/pqsigner-research/easycrypt-closure-20260923-o4g9cwcr/candidate-honest-components/contracts/verification/easycrypt/c10-port/tools/cert_cone.py:117: ResourceWarning: unclosed file <_io.TextIOWrapper name='cdrafts-split/ForsLeafInputs.ec' mode='r' encoding='UTF-8'>
  text = strip_comments(open(p).read())
ResourceWarning: Enable tracemalloc to get the object allocation traceback
/home/nicola/.local/state/pqsigner-research/easycrypt-closure-20260923-o4g9cwcr/candidate-honest-components/contracts/verification/easycrypt/c10-port/tools/cert_cone.py:117: ResourceWarning: unclosed file <_io.TextIOWrapper name='cdrafts-split/ForestWitness.ec' mode='r' encoding='UTF-8'>
  text = strip_comments(open(p).read())
ResourceWarning: Enable tracemalloc to get the object allocation traceback
/home/nicola/.local/state/pqsigner-research/easycrypt-closure-20260923-o4g9cwcr/candidate-honest-components/contracts/verification/easycrypt/c10-port/tools/cert_cone.py:117: ResourceWarning: unclosed file <_io.TextIOWrapper name='cdrafts-split/ForestOpenings.ec' mode='r' encoding='UTF-8'>
  text = strip_comments(open(p).read())
ResourceWarning: Enable tracemalloc to get the object allocation traceback
/home/nicola/.local/state/pqsigner-research/easycrypt-closure-20260923-o4g9cwcr/candidate-honest-components/contracts/verification/easycrypt/c10-port/tools/cert_cone.py:117: ResourceWarning: unclosed file <_io.TextIOWrapper name='cdrafts-split/ForestSignRecorded.ec' mode='r' encoding='UTF-8'>
  text = strip_comments(open(p).read())
ResourceWarning: Enable tracemalloc to get the object allocation traceback
/home/nicola/.local/state/pqsigner-research/easycrypt-closure-20260923-o4g9cwcr/candidate-honest-components/contracts/verification/easycrypt/c10-port/tools/cert_cone.py:117: ResourceWarning: unclosed file <_io.TextIOWrapper name='cdrafts-split/ForestOneStep.ec' mode='r' encoding='UTF-8'>
  text = strip_comments(open(p).read())
ResourceWarning: Enable tracemalloc to get the object allocation traceback
/home/nicola/.local/state/pqsigner-research/easycrypt-closure-20260923-o4g9cwcr/candidate-honest-components/contracts/verification/easycrypt/c10-port/tools/cert_cone.py:117: ResourceWarning: unclosed file <_io.TextIOWrapper name='cdrafts-split/ForestOracle.ec' mode='r' encoding='UTF-8'>
  text = strip_comments(open(p).read())
ResourceWarning: Enable tracemalloc to get the object allocation traceback
/home/nicola/.local/state/pqsigner-research/easycrypt-closure-20260923-o4g9cwcr/candidate-honest-components/contracts/verification/easycrypt/c10-port/tools/cert_cone.py:117: ResourceWarning: unclosed file <_io.TextIOWrapper name='cdrafts-split/ForsOneRecorded.ec' mode='r' encoding='UTF-8'>
  text = strip_comments(open(p).read())
ResourceWarning: Enable tracemalloc to get the object allocation traceback
/home/nicola/.local/state/pqsigner-research/easycrypt-closure-20260923-o4g9cwcr/candidate-honest-components/contracts/verification/easycrypt/c10-port/tools/cert_cone.py:117: ResourceWarning: unclosed file <_io.TextIOWrapper name='cdrafts-split/MerkleRootWitness.ec' mode='r' encoding='UTF-8'>
  text = strip_comments(open(p).read())
ResourceWarning: Enable tracemalloc to get the object allocation traceback
/home/nicola/.local/state/pqsigner-research/easycrypt-closure-20260923-o4g9cwcr/candidate-honest-components/contracts/verification/easycrypt/c10-port/tools/cert_cone.py:117: ResourceWarning: unclosed file <_io.TextIOWrapper name='cdrafts-split/WotsRootDeterminism.ec' mode='r' encoding='UTF-8'>
  text = strip_comments(open(p).read())
ResourceWarning: Enable tracemalloc to get the object allocation traceback
/home/nicola/.local/state/pqsigner-research/easycrypt-closure-20260923-o4g9cwcr/candidate-honest-components/contracts/verification/easycrypt/c10-port/tools/cert_cone.py:117: ResourceWarning: unclosed file <_io.TextIOWrapper name='cdrafts-split/CatalogDeterminism.ec' mode='r' encoding='UTF-8'>
  text = strip_comments(open(p).read())
ResourceWarning: Enable tracemalloc to get the object allocation traceback
/home/nicola/.local/state/pqsigner-research/easycrypt-closure-20260923-o4g9cwcr/candidate-honest-components/contracts/verification/easycrypt/c10-port/tools/cert_cone.py:117: ResourceWarning: unclosed file <_io.TextIOWrapper name='cdrafts-split/SignerLayerStep.ec' mode='r' encoding='UTF-8'>
  text = strip_comments(open(p).read())
ResourceWarning: Enable tracemalloc to get the object allocation traceback
/home/nicola/.local/state/pqsigner-research/easycrypt-closure-20260923-o4g9cwcr/candidate-honest-components/contracts/verification/easycrypt/c10-port/tools/cert_cone.py:117: ResourceWarning: unclosed file <_io.TextIOWrapper name='cdrafts-split/SignerComponentHistory.ec' mode='r' encoding='UTF-8'>
  text = strip_comments(open(p).read())
ResourceWarning: Enable tracemalloc to get the object allocation traceback
/home/nicola/.local/state/pqsigner-research/easycrypt-closure-20260923-o4g9cwcr/candidate-honest-components/contracts/verification/easycrypt/c10-port/tools/cert_cone.py:117: ResourceWarning: unclosed file <_io.TextIOWrapper name='cdrafts-split/LayerPriorRoot.ec' mode='r' encoding='UTF-8'>
  text = strip_comments(open(p).read())
ResourceWarning: Enable tracemalloc to get the object allocation traceback
/home/nicola/.local/state/pqsigner-research/easycrypt-closure-20260923-o4g9cwcr/candidate-honest-components/contracts/verification/easycrypt/c10-port/tools/cert_cone.py:117: ResourceWarning: unclosed file <_io.TextIOWrapper name='cdrafts-split/LayerSignCorrect.ec' mode='r' encoding='UTF-8'>
  text = strip_comments(open(p).read())
ResourceWarning: Enable tracemalloc to get the object allocation traceback
/home/nicola/.local/state/pqsigner-research/easycrypt-closure-20260923-o4g9cwcr/candidate-honest-components/contracts/verification/easycrypt/c10-port/tools/cert_cone.py:117: ResourceWarning: unclosed file <_io.TextIOWrapper name='cdrafts-split/MerkleRootPersistence.ec' mode='r' encoding='UTF-8'>
  text = strip_comments(open(p).read())
ResourceWarning: Enable tracemalloc to get the object allocation traceback
/home/nicola/.local/state/pqsigner-research/easycrypt-closure-20260923-o4g9cwcr/candidate-honest-components/contracts/verification/easycrypt/c10-port/tools/cert_cone.py:117: ResourceWarning: unclosed file <_io.TextIOWrapper name='cdrafts-split/RawMerkleRootWitness.ec' mode='r' encoding='UTF-8'>
  text = strip_comments(open(p).read())
ResourceWarning: Enable tracemalloc to get the object allocation traceback
/home/nicola/.local/state/pqsigner-research/easycrypt-closure-20260923-o4g9cwcr/candidate-honest-components/contracts/verification/easycrypt/c10-port/tools/cert_cone.py:117: ResourceWarning: unclosed file <_io.TextIOWrapper name='cdrafts-split/BuildRootProjection.ec' mode='r' encoding='UTF-8'>
  text = strip_comments(open(p).read())
ResourceWarning: Enable tracemalloc to get the object allocation traceback
/home/nicola/.local/state/pqsigner-research/easycrypt-closure-20260923-o4g9cwcr/candidate-honest-components/contracts/verification/easycrypt/c10-port/tools/cert_cone.py:117: ResourceWarning: unclosed file <_io.TextIOWrapper name='cdrafts-split/SignerForestStep.ec' mode='r' encoding='UTF-8'>
  text = strip_comments(open(p).read())
ResourceWarning: Enable tracemalloc to get the object allocation traceback
/home/nicola/.local/state/pqsigner-research/easycrypt-closure-20260923-o4g9cwcr/candidate-honest-components/contracts/verification/easycrypt/c10-port/tools/cert_cone.py:117: ResourceWarning: unclosed file <_io.TextIOWrapper name='cdrafts-split/SignerGrindRoot.ec' mode='r' encoding='UTF-8'>
  text = strip_comments(open(p).read())
ResourceWarning: Enable tracemalloc to get the object allocation traceback
/home/nicola/.local/state/pqsigner-research/easycrypt-closure-20260923-o4g9cwcr/candidate-honest-components/contracts/verification/easycrypt/c10-port/tools/cert_cone.py:117: ResourceWarning: unclosed file <_io.TextIOWrapper name='cdrafts-split/SignerReturned.ec' mode='r' encoding='UTF-8'>
  text = strip_comments(open(p).read())
ResourceWarning: Enable tracemalloc to get the object allocation traceback
/home/nicola/.local/state/pqsigner-research/easycrypt-closure-20260923-o4g9cwcr/candidate-honest-components/contracts/verification/easycrypt/c10-port/tools/cert_cone.py:117: ResourceWarning: unclosed file <_io.TextIOWrapper name='cdrafts-split/AcceptedSampling.ec' mode='r' encoding='UTF-8'>
  text = strip_comments(open(p).read())
ResourceWarning: Enable tracemalloc to get the object allocation traceback
/home/nicola/.local/state/pqsigner-research/easycrypt-closure-20260923-o4g9cwcr/candidate-honest-components/contracts/verification/easycrypt/c10-port/tools/cert_cone.py:117: ResourceWarning: unclosed file <_io.TextIOWrapper name='cdrafts-split/SignerAccepted.ec' mode='r' encoding='UTF-8'>
  text = strip_comments(open(p).read())
ResourceWarning: Enable tracemalloc to get the object allocation traceback
/home/nicola/.local/state/pqsigner-research/easycrypt-closure-20260923-o4g9cwcr/candidate-honest-components/contracts/verification/easycrypt/c10-port/tools/cert_cone.py:117: ResourceWarning: unclosed file <_io.TextIOWrapper name='cdrafts-split/StreamAccepted.ec' mode='r' encoding='UTF-8'>
  text = strip_comments(open(p).read())
ResourceWarning: Enable tracemalloc to get the object allocation traceback
/home/nicola/.local/state/pqsigner-research/easycrypt-closure-20260923-o4g9cwcr/candidate-honest-components/contracts/verification/easycrypt/c10-port/tools/cert_cone.py:117: ResourceWarning: unclosed file <_io.TextIOWrapper name='cdrafts-split/TrialAccepted.ec' mode='r' encoding='UTF-8'>
  text = strip_comments(open(p).read())
ResourceWarning: Enable tracemalloc to get the object allocation traceback
/home/nicola/.local/state/pqsigner-research/easycrypt-closure-20260923-o4g9cwcr/candidate-honest-components/contracts/verification/easycrypt/c10-port/tools/cert_cone.py:117: ResourceWarning: unclosed file <_io.TextIOWrapper name='cdrafts-split/ActualByteSignerCorrect.ec' mode='r' encoding='UTF-8'>
  text = strip_comments(open(p).read())
ResourceWarning: Enable tracemalloc to get the object allocation traceback
/home/nicola/.local/state/pqsigner-research/easycrypt-closure-20260923-o4g9cwcr/candidate-honest-components/contracts/verification/easycrypt/c10-port/tools/cert_cone.py:117: ResourceWarning: unclosed file <_io.TextIOWrapper name='cdrafts-split/SignerVerifierReplay.ec' mode='r' encoding='UTF-8'>
  text = strip_comments(open(p).read())
ResourceWarning: Enable tracemalloc to get the object allocation traceback
/home/nicola/.local/state/pqsigner-research/easycrypt-closure-20260923-o4g9cwcr/candidate-honest-components/contracts/verification/easycrypt/c10-port/tools/cert_cone.py:117: ResourceWarning: unclosed file <_io.TextIOWrapper name='cdrafts-split/SignerRecoveryStep.ec' mode='r' encoding='UTF-8'>
  text = strip_comments(open(p).read())
ResourceWarning: Enable tracemalloc to get the object allocation traceback
/home/nicola/.local/state/pqsigner-research/easycrypt-closure-20260923-o4g9cwcr/candidate-honest-components/contracts/verification/easycrypt/c10-port/tools/cert_cone.py:117: ResourceWarning: unclosed file <_io.TextIOWrapper name='cdrafts-split/ActualSignerCorrect.ec' mode='r' encoding='UTF-8'>
  text = strip_comments(open(p).read())
ResourceWarning: Enable tracemalloc to get the object allocation traceback
/home/nicola/.local/state/pqsigner-research/easycrypt-closure-20260923-o4g9cwcr/candidate-honest-components/contracts/verification/easycrypt/c10-port/tools/cert_cone.py:117: ResourceWarning: unclosed file <_io.TextIOWrapper name='cdrafts-split/ActualLayerCorrect.ec' mode='r' encoding='UTF-8'>
  text = strip_comments(open(p).read())
ResourceWarning: Enable tracemalloc to get the object allocation traceback
/home/nicola/.local/state/pqsigner-research/easycrypt-closure-20260923-o4g9cwcr/candidate-honest-components/contracts/verification/easycrypt/c10-port/tools/cert_cone.py:117: ResourceWarning: unclosed file <_io.TextIOWrapper name='cdrafts-split/ActualForestCorrect.ec' mode='r' encoding='UTF-8'>
  text = strip_comments(open(p).read())
ResourceWarning: Enable tracemalloc to get the object allocation traceback
/home/nicola/.local/state/pqsigner-research/easycrypt-closure-20260923-o4g9cwcr/candidate-honest-components/contracts/verification/easycrypt/c10-port/tools/cert_cone.py:117: ResourceWarning: unclosed file <_io.TextIOWrapper name='cdrafts-split/ActualWotsCorrect.ec' mode='r' encoding='UTF-8'>
  text = strip_comments(open(p).read())
ResourceWarning: Enable tracemalloc to get the object allocation traceback
/home/nicola/.local/state/pqsigner-research/easycrypt-closure-20260923-o4g9cwcr/candidate-honest-components/contracts/verification/easycrypt/c10-port/tools/cert_cone.py:117: ResourceWarning: unclosed file <_io.TextIOWrapper name='cdrafts-split/WotsSignCorrect.ec' mode='r' encoding='UTF-8'>
  text = strip_comments(open(p).read())
ResourceWarning: Enable tracemalloc to get the object allocation traceback
/home/nicola/.local/state/pqsigner-research/easycrypt-closure-20260923-o4g9cwcr/candidate-honest-components/contracts/verification/easycrypt/c10-port/tools/cert_cone.py:117: ResourceWarning: unclosed file <_io.TextIOWrapper name='cdrafts-split/ForsSignRecord.ec' mode='r' encoding='UTF-8'>
  text = strip_comments(open(p).read())
ResourceWarning: Enable tracemalloc to get the object allocation traceback
/home/nicola/.local/state/pqsigner-research/easycrypt-closure-20260923-o4g9cwcr/candidate-honest-components/contracts/verification/easycrypt/c10-port/tools/cert_cone.py:117: ResourceWarning: unclosed file <_io.TextIOWrapper name='cdrafts-split/ForsSignWitness.ec' mode='r' encoding='UTF-8'>
  text = strip_comments(open(p).read())
ResourceWarning: Enable tracemalloc to get the object allocation traceback
/home/nicola/.local/state/pqsigner-research/easycrypt-closure-20260923-o4g9cwcr/candidate-honest-components/contracts/verification/easycrypt/c10-port/tools/cert_cone.py:117: ResourceWarning: unclosed file <_io.TextIOWrapper name='cdrafts-split/ForsKnownSecret.ec' mode='r' encoding='UTF-8'>
  text = strip_comments(open(p).read())
ResourceWarning: Enable tracemalloc to get the object allocation traceback
/home/nicola/.local/state/pqsigner-research/easycrypt-closure-20260923-o4g9cwcr/candidate-honest-components/contracts/verification/easycrypt/c10-port/tools/cert_cone.py:117: ResourceWarning: unclosed file <_io.TextIOWrapper name='cdrafts-split/ForsPrivateEntry.ec' mode='r' encoding='UTF-8'>
  text = strip_comments(open(p).read())
ResourceWarning: Enable tracemalloc to get the object allocation traceback
/home/nicola/.local/state/pqsigner-research/easycrypt-closure-20260923-o4g9cwcr/candidate-honest-components/contracts/verification/easycrypt/c10-port/tools/cert_cone.py:117: ResourceWarning: unclosed file <_io.TextIOWrapper name='cdrafts-split/ForsBuilderPrivate.ec' mode='r' encoding='UTF-8'>
  text = strip_comments(open(p).read())
ResourceWarning: Enable tracemalloc to get the object allocation traceback
/home/nicola/.local/state/pqsigner-research/easycrypt-closure-20260923-o4g9cwcr/candidate-honest-components/contracts/verification/easycrypt/c10-port/tools/cert_cone.py:117: ResourceWarning: unclosed file <_io.TextIOWrapper name='cdrafts-split/ForsPrivateLeaves.ec' mode='r' encoding='UTF-8'>
  text = strip_comments(open(p).read())
ResourceWarning: Enable tracemalloc to get the object allocation traceback
/home/nicola/.local/state/pqsigner-research/easycrypt-closure-20260923-o4g9cwcr/candidate-honest-components/contracts/verification/easycrypt/c10-port/tools/cert_cone.py:117: ResourceWarning: unclosed file <_io.TextIOWrapper name='cdrafts-split/SecretLeafOracle.ec' mode='r' encoding='UTF-8'>
  text = strip_comments(open(p).read())
ResourceWarning: Enable tracemalloc to get the object allocation traceback
/home/nicola/.local/state/pqsigner-research/easycrypt-closure-20260923-o4g9cwcr/candidate-honest-components/contracts/verification/easycrypt/c10-port/tools/cert_cone.py:117: ResourceWarning: unclosed file <_io.TextIOWrapper name='cdrafts-split/SecretLeafOrigins.ec' mode='r' encoding='UTF-8'>
  text = strip_comments(open(p).read())
ResourceWarning: Enable tracemalloc to get the object allocation traceback
/home/nicola/.local/state/pqsigner-research/easycrypt-closure-20260923-o4g9cwcr/candidate-honest-components/contracts/verification/easycrypt/c10-port/tools/cert_cone.py:117: ResourceWarning: unclosed file <_io.TextIOWrapper name='cdrafts-split/ForsBuilderPath.ec' mode='r' encoding='UTF-8'>
  text = strip_comments(open(p).read())
ResourceWarning: Enable tracemalloc to get the object allocation traceback
/home/nicola/.local/state/pqsigner-research/easycrypt-closure-20260923-o4g9cwcr/candidate-honest-components/contracts/verification/easycrypt/c10-port/tools/cert_cone.py:117: ResourceWarning: unclosed file <_io.TextIOWrapper name='cdrafts-split/ForsCatalogAuth.ec' mode='r' encoding='UTF-8'>
  text = strip_comments(open(p).read())
ResourceWarning: Enable tracemalloc to get the object allocation traceback
/home/nicola/.local/state/pqsigner-research/easycrypt-closure-20260923-o4g9cwcr/candidate-honest-components/contracts/verification/easycrypt/c10-port/tools/cert_cone.py:117: ResourceWarning: unclosed file <_io.TextIOWrapper name='cdrafts-split/ForsCatalogSound.ec' mode='r' encoding='UTF-8'>
  text = strip_comments(open(p).read())
ResourceWarning: Enable tracemalloc to get the object allocation traceback
/home/nicola/.local/state/pqsigner-research/easycrypt-closure-20260923-o4g9cwcr/candidate-honest-components/contracts/verification/easycrypt/c10-port/tools/cert_cone.py:117: ResourceWarning: unclosed file <_io.TextIOWrapper name='cdrafts-split/ForsSignCorrect.ec' mode='r' encoding='UTF-8'>
  text = strip_comments(open(p).read())
ResourceWarning: Enable tracemalloc to get the object allocation traceback
/home/nicola/.local/state/pqsigner-research/easycrypt-closure-20260923-o4g9cwcr/candidate-honest-components/contracts/verification/easycrypt/c10-port/tools/cert_cone.py:117: ResourceWarning: unclosed file <_io.TextIOWrapper name='cdrafts-split/MerkleBuilderComparison.ec' mode='r' encoding='UTF-8'>
  text = strip_comments(open(p).read())
ResourceWarning: Enable tracemalloc to get the object allocation traceback
/home/nicola/.local/state/pqsigner-research/easycrypt-closure-20260923-o4g9cwcr/candidate-honest-components/contracts/verification/easycrypt/c10-port/tools/cert_cone.py:117: ResourceWarning: unclosed file <_io.TextIOWrapper name='cdrafts-split/RawBuilderReference.ec' mode='r' encoding='UTF-8'>
  text = strip_comments(open(p).read())
ResourceWarning: Enable tracemalloc to get the object allocation traceback
/home/nicola/.local/state/pqsigner-research/easycrypt-closure-20260923-o4g9cwcr/candidate-honest-components/contracts/verification/easycrypt/c10-port/tools/cert_cone.py:117: ResourceWarning: unclosed file <_io.TextIOWrapper name='cdrafts-split/ForsBuilderComparison.ec' mode='r' encoding='UTF-8'>
  text = strip_comments(open(p).read())
ResourceWarning: Enable tracemalloc to get the object allocation traceback
/home/nicola/.local/state/pqsigner-research/easycrypt-closure-20260923-o4g9cwcr/candidate-honest-components/contracts/verification/easycrypt/c10-port/tools/cert_cone.py:117: ResourceWarning: unclosed file <_io.TextIOWrapper name='cdrafts-split/ForsBuilderSecret.ec' mode='r' encoding='UTF-8'>
  text = strip_comments(open(p).read())
ResourceWarning: Enable tracemalloc to get the object allocation traceback
/home/nicola/.local/state/pqsigner-research/easycrypt-closure-20260923-o4g9cwcr/candidate-honest-components/contracts/verification/easycrypt/c10-port/tools/cert_cone.py:117: ResourceWarning: unclosed file <_io.TextIOWrapper name='cdrafts-split/ForsLeafOrigins.ec' mode='r' encoding='UTF-8'>
  text = strip_comments(open(p).read())
ResourceWarning: Enable tracemalloc to get the object allocation traceback
/home/nicola/.local/state/pqsigner-research/easycrypt-closure-20260923-o4g9cwcr/candidate-honest-components/contracts/verification/easycrypt/c10-port/tools/cert_cone.py:117: ResourceWarning: unclosed file <_io.TextIOWrapper name='cdrafts-split/LeafOriginOracle.ec' mode='r' encoding='UTF-8'>
  text = strip_comments(open(p).read())
ResourceWarning: Enable tracemalloc to get the object allocation traceback
/home/nicola/.local/state/pqsigner-research/easycrypt-closure-20260923-o4g9cwcr/candidate-honest-components/contracts/verification/easycrypt/c10-port/tools/cert_cone.py:117: ResourceWarning: unclosed file <_io.TextIOWrapper name='cdrafts-split/LeafOrigins.ec' mode='r' encoding='UTF-8'>
  text = strip_comments(open(p).read())
ResourceWarning: Enable tracemalloc to get the object allocation traceback
/home/nicola/.local/state/pqsigner-research/easycrypt-closure-20260923-o4g9cwcr/candidate-honest-components/contracts/verification/easycrypt/c10-port/tools/cert_cone.py:117: ResourceWarning: unclosed file <_io.TextIOWrapper name='cdrafts-split/TotalBuilderReference.ec' mode='r' encoding='UTF-8'>
  text = strip_comments(open(p).read())
ResourceWarning: Enable tracemalloc to get the object allocation traceback
/home/nicola/.local/state/pqsigner-research/easycrypt-closure-20260923-o4g9cwcr/candidate-honest-components/contracts/verification/easycrypt/c10-port/tools/cert_cone.py:117: ResourceWarning: unclosed file <_io.TextIOWrapper name='cdrafts-split/SignerTrace.ec' mode='r' encoding='UTF-8'>
  text = strip_comments(open(p).read())
ResourceWarning: Enable tracemalloc to get the object allocation traceback
/home/nicola/.local/state/pqsigner-research/easycrypt-closure-20260923-o4g9cwcr/candidate-honest-components/contracts/verification/easycrypt/c10-port/tools/cert_cone.py:117: ResourceWarning: unclosed file <_io.TextIOWrapper name='cdrafts-split/GrindTraceReplay.ec' mode='r' encoding='UTF-8'>
  text = strip_comments(open(p).read())
ResourceWarning: Enable tracemalloc to get the object allocation traceback
/home/nicola/.local/state/pqsigner-research/easycrypt-closure-20260923-o4g9cwcr/candidate-honest-components/contracts/verification/easycrypt/c10-port/tools/cert_cone.py:117: ResourceWarning: unclosed file <_io.TextIOWrapper name='cdrafts-split/GrindTraceRecorded.ec' mode='r' encoding='UTF-8'>
  text = strip_comments(open(p).read())
ResourceWarning: Enable tracemalloc to get the object allocation traceback
/home/nicola/.local/state/pqsigner-research/easycrypt-closure-20260923-o4g9cwcr/candidate-honest-components/contracts/verification/easycrypt/c10-port/tools/cert_cone.py:117: ResourceWarning: unclosed file <_io.TextIOWrapper name='cdrafts-split/GrindTrace.ec' mode='r' encoding='UTF-8'>
  text = strip_comments(open(p).read())
ResourceWarning: Enable tracemalloc to get the object allocation traceback
/home/nicola/.local/state/pqsigner-research/easycrypt-closure-20260923-o4g9cwcr/candidate-honest-components/contracts/verification/easycrypt/c10-port/tools/cert_cone.py:117: ResourceWarning: unclosed file <_io.TextIOWrapper name='cdrafts-split/ByteHistory.ec' mode='r' encoding='UTF-8'>
  text = strip_comments(open(p).read())
ResourceWarning: Enable tracemalloc to get the object allocation traceback
/home/nicola/.local/state/pqsigner-research/easycrypt-closure-20260923-o4g9cwcr/candidate-honest-components/contracts/verification/easycrypt/c10-port/tools/cert_cone.py:117: ResourceWarning: unclosed file <_io.TextIOWrapper name='cdrafts-split/FullHistory.ec' mode='r' encoding='UTF-8'>
  text = strip_comments(open(p).read())
ResourceWarning: Enable tracemalloc to get the object allocation traceback
/home/nicola/.local/state/pqsigner-research/easycrypt-closure-20260923-o4g9cwcr/candidate-honest-components/contracts/verification/easycrypt/c10-port/tools/cert_cone.py:117: ResourceWarning: unclosed file <_io.TextIOWrapper name='cdrafts-split/MessageHistory.ec' mode='r' encoding='UTF-8'>
  text = strip_comments(open(p).read())
ResourceWarning: Enable tracemalloc to get the object allocation traceback
/home/nicola/.local/state/pqsigner-research/easycrypt-closure-20260923-o4g9cwcr/candidate-honest-components/contracts/verification/easycrypt/c10-port/tools/cert_cone.py:117: ResourceWarning: unclosed file <_io.TextIOWrapper name='cdrafts-split/VerifierHistory.ec' mode='r' encoding='UTF-8'>
  text = strip_comments(open(p).read())
ResourceWarning: Enable tracemalloc to get the object allocation traceback
/home/nicola/.local/state/pqsigner-research/easycrypt-closure-20260923-o4g9cwcr/candidate-honest-components/contracts/verification/easycrypt/c10-port/tools/cert_cone.py:117: ResourceWarning: unclosed file <_io.TextIOWrapper name='cdrafts-split/SignerRecorded.ec' mode='r' encoding='UTF-8'>
  text = strip_comments(open(p).read())
ResourceWarning: Enable tracemalloc to get the object allocation traceback
/home/nicola/.local/state/pqsigner-research/easycrypt-closure-20260923-o4g9cwcr/candidate-honest-components/contracts/verification/easycrypt/c10-port/tools/cert_cone.py:117: ResourceWarning: unclosed file <_io.TextIOWrapper name='cdrafts-split/RSessionHistory.ec' mode='r' encoding='UTF-8'>
  text = strip_comments(open(p).read())
ResourceWarning: Enable tracemalloc to get the object allocation traceback
/home/nicola/.local/state/pqsigner-research/easycrypt-closure-20260923-o4g9cwcr/candidate-honest-components/contracts/verification/easycrypt/c10-port/tools/cert_cone.py:117: ResourceWarning: unclosed file <_io.TextIOWrapper name='cdrafts-split/RSession.ec' mode='r' encoding='UTF-8'>
  text = strip_comments(open(p).read())
ResourceWarning: Enable tracemalloc to get the object allocation traceback
/home/nicola/.local/state/pqsigner-research/easycrypt-closure-20260923-o4g9cwcr/candidate-honest-components/contracts/verification/easycrypt/c10-port/tools/cert_cone.py:117: ResourceWarning: unclosed file <_io.TextIOWrapper name='cdrafts-split/RHistoryOps.ec' mode='r' encoding='UTF-8'>
  text = strip_comments(open(p).read())
ResourceWarning: Enable tracemalloc to get the object allocation traceback
/home/nicola/.local/state/pqsigner-research/easycrypt-closure-20260923-o4g9cwcr/candidate-honest-components/contracts/verification/easycrypt/c10-port/tools/cert_cone.py:117: ResourceWarning: unclosed file <_io.TextIOWrapper name='cdrafts-split/PreparedFinish.ec' mode='r' encoding='UTF-8'>
  text = strip_comments(open(p).read())
ResourceWarning: Enable tracemalloc to get the object allocation traceback
/home/nicola/.local/state/pqsigner-research/easycrypt-closure-20260923-o4g9cwcr/candidate-honest-components/contracts/verification/easycrypt/c10-port/tools/cert_cone.py:117: ResourceWarning: unclosed file <_io.TextIOWrapper name='cdrafts-split/FullMessageHistory.ec' mode='r' encoding='UTF-8'>
  text = strip_comments(open(p).read())
ResourceWarning: Enable tracemalloc to get the object allocation traceback
/home/nicola/.local/state/pqsigner-research/easycrypt-closure-20260923-o4g9cwcr/candidate-honest-components/contracts/verification/easycrypt/c10-port/tools/cert_cone.py:117: ResourceWarning: unclosed file <_io.TextIOWrapper name='cdrafts-split/SignerMessages.ec' mode='r' encoding='UTF-8'>
  text = strip_comments(open(p).read())
ResourceWarning: Enable tracemalloc to get the object allocation traceback
/home/nicola/.local/state/pqsigner-research/easycrypt-closure-20260923-o4g9cwcr/candidate-honest-components/contracts/verification/easycrypt/c10-port/tools/cert_cone.py:117: ResourceWarning: unclosed file <_io.TextIOWrapper name='cdrafts-split/ClassifiedSession.ec' mode='r' encoding='UTF-8'>
  text = strip_comments(open(p).read())
ResourceWarning: Enable tracemalloc to get the object allocation traceback
/home/nicola/.local/state/pqsigner-research/easycrypt-closure-20260923-o4g9cwcr/candidate-honest-components/contracts/verification/easycrypt/c10-port/tools/cert_cone.py:117: ResourceWarning: unclosed file <_io.TextIOWrapper name='cdrafts-split/ClassifiedSigner.ec' mode='r' encoding='UTF-8'>
  text = strip_comments(open(p).read())
ResourceWarning: Enable tracemalloc to get the object allocation traceback
/home/nicola/.local/state/pqsigner-research/easycrypt-closure-20260923-o4g9cwcr/candidate-honest-components/contracts/verification/easycrypt/c10-port/tools/cert_cone.py:117: ResourceWarning: unclosed file <_io.TextIOWrapper name='cdrafts-split/ClassifiedGrind.ec' mode='r' encoding='UTF-8'>
  text = strip_comments(open(p).read())
ResourceWarning: Enable tracemalloc to get the object allocation traceback
/home/nicola/.local/state/pqsigner-research/easycrypt-closure-20260923-o4g9cwcr/candidate-honest-components/contracts/verification/easycrypt/c10-port/tools/cert_cone.py:117: ResourceWarning: unclosed file <_io.TextIOWrapper name='cdrafts-split/ClassifiedHistory.ec' mode='r' encoding='UTF-8'>
  text = strip_comments(open(p).read())
ResourceWarning: Enable tracemalloc to get the object allocation traceback
/home/nicola/.local/state/pqsigner-research/easycrypt-closure-20260923-o4g9cwcr/candidate-honest-components/contracts/verification/easycrypt/c10-port/tools/cert_cone.py:117: ResourceWarning: unclosed file <_io.TextIOWrapper name='cdrafts-split/ClassifiedBound.ec' mode='r' encoding='UTF-8'>
  text = strip_comments(open(p).read())
ResourceWarning: Enable tracemalloc to get the object allocation traceback
/home/nicola/.local/state/pqsigner-research/easycrypt-closure-20260923-o4g9cwcr/candidate-honest-components/contracts/verification/easycrypt/c10-port/tools/cert_cone.py:117: ResourceWarning: unclosed file <_io.TextIOWrapper name='cdrafts-split/SessionDigest.ec' mode='r' encoding='UTF-8'>
  text = strip_comments(open(p).read())
ResourceWarning: Enable tracemalloc to get the object allocation traceback
/home/nicola/.local/state/pqsigner-research/easycrypt-closure-20260923-o4g9cwcr/candidate-honest-components/contracts/verification/easycrypt/c10-port/tools/cert_cone.py:117: ResourceWarning: unclosed file <_io.TextIOWrapper name='cdrafts-split/GrindHypertree.ec' mode='r' encoding='UTF-8'>
  text = strip_comments(open(p).read())
ResourceWarning: Enable tracemalloc to get the object allocation traceback
/home/nicola/.local/state/pqsigner-research/easycrypt-closure-20260923-o4g9cwcr/candidate-honest-components/contracts/verification/easycrypt/c10-port/tools/cert_cone.py:117: ResourceWarning: unclosed file <_io.TextIOWrapper name='cdrafts-split/AcceptedHypertree.ec' mode='r' encoding='UTF-8'>
  text = strip_comments(open(p).read())
ResourceWarning: Enable tracemalloc to get the object allocation traceback
/home/nicola/.local/state/pqsigner-research/easycrypt-closure-20260923-o4g9cwcr/candidate-honest-components/contracts/verification/easycrypt/c10-port/tools/cert_cone.py:117: ResourceWarning: unclosed file <_io.TextIOWrapper name='cdrafts-split/DigestWindow.ec' mode='r' encoding='UTF-8'>
  text = strip_comments(open(p).read())
ResourceWarning: Enable tracemalloc to get the object allocation traceback
/home/nicola/.local/state/pqsigner-research/easycrypt-closure-20260923-o4g9cwcr/candidate-honest-components/contracts/verification/easycrypt/c10-port/tools/cert_cone.py:117: ResourceWarning: unclosed file <_io.TextIOWrapper name='cdrafts-split/GrindJointCoverage.ec' mode='r' encoding='UTF-8'>
  text = strip_comments(open(p).read())
ResourceWarning: Enable tracemalloc to get the object allocation traceback
/home/nicola/.local/state/pqsigner-research/easycrypt-closure-20260923-o4g9cwcr/candidate-honest-components/contracts/verification/easycrypt/c10-port/tools/cert_cone.py:117: ResourceWarning: unclosed file <_io.TextIOWrapper name='cdrafts-split/AcceptedCoverage.ec' mode='r' encoding='UTF-8'>
  text = strip_comments(open(p).read())
ResourceWarning: Enable tracemalloc to get the object allocation traceback
/home/nicola/.local/state/pqsigner-research/easycrypt-closure-20260923-o4g9cwcr/candidate-honest-components/contracts/verification/easycrypt/c10-port/tools/cert_cone.py:117: ResourceWarning: unclosed file <_io.TextIOWrapper name='cdrafts-split/FreshCoverage.ec' mode='r' encoding='UTF-8'>
  text = strip_comments(open(p).read())
ResourceWarning: Enable tracemalloc to get the object allocation traceback
/home/nicola/.local/state/pqsigner-research/easycrypt-closure-20260923-o4g9cwcr/candidate-honest-components/contracts/verification/easycrypt/c10-port/tools/cert_cone.py:117: ResourceWarning: unclosed file <_io.TextIOWrapper name='cdrafts-split/DigestPrefix.ec' mode='r' encoding='UTF-8'>
  text = strip_comments(open(p).read())
ResourceWarning: Enable tracemalloc to get the object allocation traceback
/home/nicola/.local/state/pqsigner-research/easycrypt-closure-20260923-o4g9cwcr/candidate-honest-components/contracts/verification/easycrypt/c10-port/tools/cert_cone.py:117: ResourceWarning: unclosed file <_io.TextIOWrapper name='cdrafts-split/DigestPair.ec' mode='r' encoding='UTF-8'>
  text = strip_comments(open(p).read())
ResourceWarning: Enable tracemalloc to get the object allocation traceback
/home/nicola/.local/state/pqsigner-research/easycrypt-closure-20260923-o4g9cwcr/candidate-honest-components/contracts/verification/easycrypt/c10-port/tools/cert_cone.py:117: ResourceWarning: unclosed file <_io.TextIOWrapper name='cdrafts-split/ByteReplay.ec' mode='r' encoding='UTF-8'>
  text = strip_comments(open(p).read())
ResourceWarning: Enable tracemalloc to get the object allocation traceback
/home/nicola/.local/state/pqsigner-research/easycrypt-closure-20260923-o4g9cwcr/candidate-honest-components/contracts/verification/easycrypt/c10-port/tools/cert_cone.py:117: ResourceWarning: unclosed file <_io.TextIOWrapper name='cdrafts-split/DigestCoordinates.ec' mode='r' encoding='UTF-8'>
  text = strip_comments(open(p).read())
ResourceWarning: Enable tracemalloc to get the object allocation traceback
/home/nicola/.local/state/pqsigner-research/easycrypt-closure-20260923-o4g9cwcr/candidate-honest-components/contracts/verification/easycrypt/c10-port/tools/cert_cone.py:117: ResourceWarning: unclosed file <_io.TextIOWrapper name='cdrafts-split/AuditComplete.ec' mode='r' encoding='UTF-8'>
  text = strip_comments(open(p).read())
ResourceWarning: Enable tracemalloc to get the object allocation traceback
/home/nicola/.local/state/pqsigner-research/easycrypt-closure-20260923-o4g9cwcr/candidate-honest-components/contracts/verification/easycrypt/c10-port/tools/cert_cone.py:117: ResourceWarning: unclosed file <_io.TextIOWrapper name='cdrafts-split/AuditPrefix.ec' mode='r' encoding='UTF-8'>
  text = strip_comments(open(p).read())
ResourceWarning: Enable tracemalloc to get the object allocation traceback
/home/nicola/.local/state/pqsigner-research/easycrypt-closure-20260923-o4g9cwcr/candidate-honest-components/contracts/verification/easycrypt/c10-port/tools/cert_cone.py:117: ResourceWarning: unclosed file <_io.TextIOWrapper name='cdrafts-split/PrefixAudit.ec' mode='r' encoding='UTF-8'>
  text = strip_comments(open(p).read())
ResourceWarning: Enable tracemalloc to get the object allocation traceback
/home/nicola/.local/state/pqsigner-research/easycrypt-closure-20260923-o4g9cwcr/candidate-honest-components/contracts/verification/easycrypt/c10-port/tools/cert_cone.py:117: ResourceWarning: unclosed file <_io.TextIOWrapper name='cdrafts-split/ByteAudit.ec' mode='r' encoding='UTF-8'>
  text = strip_comments(open(p).read())
ResourceWarning: Enable tracemalloc to get the object allocation traceback
/home/nicola/.local/state/pqsigner-research/easycrypt-closure-20260923-o4g9cwcr/candidate-honest-components/contracts/verification/easycrypt/c10-port/tools/cert_cone.py:117: ResourceWarning: unclosed file <_io.TextIOWrapper name='cdrafts-split/ByteBound.ec' mode='r' encoding='UTF-8'>
  text = strip_comments(open(p).read())
ResourceWarning: Enable tracemalloc to get the object allocation traceback
/home/nicola/.local/state/pqsigner-research/easycrypt-closure-20260923-o4g9cwcr/candidate-honest-components/contracts/verification/easycrypt/c10-port/tools/cert_cone.py:117: ResourceWarning: unclosed file <_io.TextIOWrapper name='cdrafts-split/FullPrefix.ec' mode='r' encoding='UTF-8'>
  text = strip_comments(open(p).read())
ResourceWarning: Enable tracemalloc to get the object allocation traceback
/home/nicola/.local/state/pqsigner-research/easycrypt-closure-20260923-o4g9cwcr/candidate-honest-components/contracts/verification/easycrypt/c10-port/tools/cert_cone.py:117: ResourceWarning: unclosed file <_io.TextIOWrapper name='cdrafts-split/FullSessionCost.ec' mode='r' encoding='UTF-8'>
  text = strip_comments(open(p).read())
ResourceWarning: Enable tracemalloc to get the object allocation traceback
/home/nicola/.local/state/pqsigner-research/easycrypt-closure-20260923-o4g9cwcr/candidate-honest-components/contracts/verification/easycrypt/c10-port/tools/cert_cone.py:117: ResourceWarning: unclosed file <_io.TextIOWrapper name='cdrafts-split/RawSignerCost.ec' mode='r' encoding='UTF-8'>
  text = strip_comments(open(p).read())
ResourceWarning: Enable tracemalloc to get the object allocation traceback
/home/nicola/.local/state/pqsigner-research/easycrypt-closure-20260923-o4g9cwcr/candidate-honest-components/contracts/verification/easycrypt/c10-port/tools/cert_cone.py:117: ResourceWarning: unclosed file <_io.TextIOWrapper name='cdrafts-split/RawLayerCost.ec' mode='r' encoding='UTF-8'>
  text = strip_comments(open(p).read())
ResourceWarning: Enable tracemalloc to get the object allocation traceback
/home/nicola/.local/state/pqsigner-research/easycrypt-closure-20260923-o4g9cwcr/candidate-honest-components/contracts/verification/easycrypt/c10-port/tools/cert_cone.py:117: ResourceWarning: unclosed file <_io.TextIOWrapper name='cdrafts-split/RawMerkleCost.ec' mode='r' encoding='UTF-8'>
  text = strip_comments(open(p).read())
ResourceWarning: Enable tracemalloc to get the object allocation traceback
/home/nicola/.local/state/pqsigner-research/easycrypt-closure-20260923-o4g9cwcr/candidate-honest-components/contracts/verification/easycrypt/c10-port/tools/cert_cone.py:117: ResourceWarning: unclosed file <_io.TextIOWrapper name='cdrafts-split/RawWotsCost.ec' mode='r' encoding='UTF-8'>
  text = strip_comments(open(p).read())
ResourceWarning: Enable tracemalloc to get the object allocation traceback
/home/nicola/.local/state/pqsigner-research/easycrypt-closure-20260923-o4g9cwcr/candidate-honest-components/contracts/verification/easycrypt/c10-port/tools/cert_cone.py:117: ResourceWarning: unclosed file <_io.TextIOWrapper name='cdrafts-split/RawForestCost.ec' mode='r' encoding='UTF-8'>
  text = strip_comments(open(p).read())
ResourceWarning: Enable tracemalloc to get the object allocation traceback
/home/nicola/.local/state/pqsigner-research/easycrypt-closure-20260923-o4g9cwcr/candidate-honest-components/contracts/verification/easycrypt/c10-port/tools/cert_cone.py:117: ResourceWarning: unclosed file <_io.TextIOWrapper name='cdrafts-split/RawForsCost.ec' mode='r' encoding='UTF-8'>
  text = strip_comments(open(p).read())
ResourceWarning: Enable tracemalloc to get the object allocation traceback
/home/nicola/.local/state/pqsigner-research/easycrypt-closure-20260923-o4g9cwcr/candidate-honest-components/contracts/verification/easycrypt/c10-port/tools/cert_cone.py:117: ResourceWarning: unclosed file <_io.TextIOWrapper name='cdrafts-split/PrefixState.ec' mode='r' encoding='UTF-8'>
  text = strip_comments(open(p).read())
ResourceWarning: Enable tracemalloc to get the object allocation traceback
/home/nicola/.local/state/pqsigner-research/easycrypt-closure-20260923-o4g9cwcr/candidate-honest-components/contracts/verification/easycrypt/c10-port/tools/cert_cone.py:117: ResourceWarning: unclosed file <_io.TextIOWrapper name='cdrafts-split/FullFailure.ec' mode='r' encoding='UTF-8'>
  text = strip_comments(open(p).read())
ResourceWarning: Enable tracemalloc to get the object allocation traceback
/home/nicola/.local/state/pqsigner-research/easycrypt-closure-20260923-o4g9cwcr/candidate-honest-components/contracts/verification/easycrypt/c10-port/tools/cert_cone.py:117: ResourceWarning: unclosed file <_io.TextIOWrapper name='cdrafts-split/RawSessionCost.ec' mode='r' encoding='UTF-8'>
  text = strip_comments(open(p).read())
ResourceWarning: Enable tracemalloc to get the object allocation traceback
/home/nicola/.local/state/pqsigner-research/easycrypt-closure-20260923-o4g9cwcr/candidate-honest-components/contracts/verification/easycrypt/c10-port/tools/cert_cone.py:117: ResourceWarning: unclosed file <_io.TextIOWrapper name='cdrafts-split/RawSession.ec' mode='r' encoding='UTF-8'>
  text = strip_comments(open(p).read())
ResourceWarning: Enable tracemalloc to get the object allocation traceback
/home/nicola/.local/state/pqsigner-research/easycrypt-closure-20260923-o4g9cwcr/candidate-honest-components/contracts/verification/easycrypt/c10-port/tools/cert_cone.py:117: ResourceWarning: unclosed file <_io.TextIOWrapper name='cdrafts-split/SessionKeygen.ec' mode='r' encoding='UTF-8'>
  text = strip_comments(open(p).read())
ResourceWarning: Enable tracemalloc to get the object allocation traceback
/home/nicola/.local/state/pqsigner-research/easycrypt-closure-20260923-o4g9cwcr/candidate-honest-components/contracts/verification/easycrypt/c10-port/tools/cert_cone.py:117: ResourceWarning: unclosed file <_io.TextIOWrapper name='cdrafts-split/RSessionBound.ec' mode='r' encoding='UTF-8'>
  text = strip_comments(open(p).read())
ResourceWarning: Enable tracemalloc to get the object allocation traceback
/home/nicola/.local/state/pqsigner-research/easycrypt-closure-20260923-o4g9cwcr/candidate-honest-components/contracts/verification/easycrypt/c10-port/tools/cert_cone.py:117: ResourceWarning: unclosed file <_io.TextIOWrapper name='cdrafts-split/RSessionCost.ec' mode='r' encoding='UTF-8'>
  text = strip_comments(open(p).read())
ResourceWarning: Enable tracemalloc to get the object allocation traceback
/home/nicola/.local/state/pqsigner-research/easycrypt-closure-20260923-o4g9cwcr/candidate-honest-components/contracts/verification/easycrypt/c10-port/tools/cert_cone.py:117: ResourceWarning: unclosed file <_io.TextIOWrapper name='cdrafts-split/SessionClosedForm.ec' mode='r' encoding='UTF-8'>
  text = strip_comments(open(p).read())
ResourceWarning: Enable tracemalloc to get the object allocation traceback
/home/nicola/.local/state/pqsigner-research/easycrypt-closure-20260923-o4g9cwcr/candidate-honest-components/contracts/verification/easycrypt/c10-port/tools/cert_cone.py:117: ResourceWarning: unclosed file <_io.TextIOWrapper name='cdrafts-split/RawSessionBound.ec' mode='r' encoding='UTF-8'>
  text = strip_comments(open(p).read())
ResourceWarning: Enable tracemalloc to get the object allocation traceback
/home/nicola/.local/state/pqsigner-research/easycrypt-closure-20260923-o4g9cwcr/candidate-honest-components/contracts/verification/easycrypt/c10-port/tools/cert_cone.py:117: ResourceWarning: unclosed file <_io.TextIOWrapper name='cdrafts-split/SessionPhysical.ec' mode='r' encoding='UTF-8'>
  text = strip_comments(open(p).read())
ResourceWarning: Enable tracemalloc to get the object allocation traceback
/home/nicola/.local/state/pqsigner-research/easycrypt-closure-20260923-o4g9cwcr/candidate-honest-components/contracts/verification/easycrypt/c10-port/tools/cert_cone.py:117: ResourceWarning: unclosed file <_io.TextIOWrapper name='cdrafts-split/C10StatefulSearch.ec' mode='r' encoding='UTF-8'>
  text = strip_comments(open(p).read())
ResourceWarning: Enable tracemalloc to get the object allocation traceback
/home/nicola/.local/state/pqsigner-research/easycrypt-closure-20260923-o4g9cwcr/candidate-honest-components/contracts/verification/easycrypt/c10-port/tools/cert_cone.py:117: ResourceWarning: unclosed file <_io.TextIOWrapper name='cdrafts-split/SharedROBounded.ec' mode='r' encoding='UTF-8'>
  text = strip_comments(open(p).read())
ResourceWarning: Enable tracemalloc to get the object allocation traceback
/home/nicola/.local/state/pqsigner-research/easycrypt-closure-20260923-o4g9cwcr/candidate-honest-components/contracts/verification/easycrypt/c10-port/tools/cert_cone.py:117: ResourceWarning: unclosed file <_io.TextIOWrapper name='cdrafts-split/C10HypertreeAccepted.ec' mode='r' encoding='UTF-8'>
  text = strip_comments(open(p).read())
ResourceWarning: Enable tracemalloc to get the object allocation traceback
/home/nicola/.local/state/pqsigner-research/easycrypt-closure-20260923-o4g9cwcr/candidate-honest-components/contracts/verification/easycrypt/c10-port/tools/cert_cone.py:117: ResourceWarning: unclosed file <_io.TextIOWrapper name='cdrafts-split/GFailCharged.ec' mode='r' encoding='UTF-8'>
  text = strip_comments(open(p).read())
ResourceWarning: Enable tracemalloc to get the object allocation traceback
/home/nicola/.local/state/pqsigner-research/easycrypt-closure-20260923-o4g9cwcr/candidate-honest-components/contracts/verification/easycrypt/c10-port/tools/cert_cone.py:117: ResourceWarning: unclosed file <_io.TextIOWrapper name='cdrafts-split/C10BoundedMA.ec' mode='r' encoding='UTF-8'>
  text = strip_comments(open(p).read())
ResourceWarning: Enable tracemalloc to get the object allocation traceback
/home/nicola/.local/state/pqsigner-research/easycrypt-closure-20260923-o4g9cwcr/candidate-honest-components/contracts/verification/easycrypt/c10-port/tools/cert_cone.py:117: ResourceWarning: unclosed file <_io.TextIOWrapper name='cdrafts-split/C10BoundedGame.ec' mode='r' encoding='UTF-8'>
  text = strip_comments(open(p).read())
ResourceWarning: Enable tracemalloc to get the object allocation traceback
/home/nicola/.local/state/pqsigner-research/easycrypt-closure-20260923-o4g9cwcr/candidate-honest-components/contracts/verification/easycrypt/c10-port/tools/cert_cone.py:117: ResourceWarning: unclosed file <_io.TextIOWrapper name='cdrafts-split/C10BoundedSigning.ec' mode='r' encoding='UTF-8'>
  text = strip_comments(open(p).read())
ResourceWarning: Enable tracemalloc to get the object allocation traceback
/home/nicola/.local/state/pqsigner-research/easycrypt-closure-20260923-o4g9cwcr/candidate-honest-components/contracts/verification/easycrypt/c10-port/tools/cert_cone.py:117: ResourceWarning: unclosed file <_io.TextIOWrapper name='cdrafts-split/C10BoundedGrind.ec' mode='r' encoding='UTF-8'>
  text = strip_comments(open(p).read())
ResourceWarning: Enable tracemalloc to get the object allocation traceback
/home/nicola/.local/state/pqsigner-research/easycrypt-closure-20260923-o4g9cwcr/candidate-honest-components/contracts/verification/easycrypt/c10-port/tools/cert_cone.py:117: ResourceWarning: unclosed file <_io.TextIOWrapper name='cdrafts-split/C10BoundedHypertree.ec' mode='r' encoding='UTF-8'>
  text = strip_comments(open(p).read())
ResourceWarning: Enable tracemalloc to get the object allocation traceback
/home/nicola/.local/state/pqsigner-research/easycrypt-closure-20260923-o4g9cwcr/candidate-honest-components/contracts/verification/easycrypt/c10-port/tools/cert_cone.py:117: ResourceWarning: unclosed file <_io.TextIOWrapper name='cdrafts-split/C10AcceptedReduction.ec' mode='r' encoding='UTF-8'>
  text = strip_comments(open(p).read())
ResourceWarning: Enable tracemalloc to get the object allocation traceback
/home/nicola/.local/state/pqsigner-research/easycrypt-closure-20260923-o4g9cwcr/candidate-honest-components/contracts/verification/easycrypt/c10-port/tools/cert_cone.py:117: ResourceWarning: unclosed file <_io.TextIOWrapper name='cdrafts-split/C10ReductionForge.ec' mode='r' encoding='UTF-8'>
  text = strip_comments(open(p).read())
ResourceWarning: Enable tracemalloc to get the object allocation traceback
/home/nicola/.local/state/pqsigner-research/easycrypt-closure-20260923-o4g9cwcr/candidate-honest-components/contracts/verification/easycrypt/c10-port/tools/cert_cone.py:117: ResourceWarning: unclosed file <_io.TextIOWrapper name='cdrafts-split/C10HypertreeCoverage.ec' mode='r' encoding='UTF-8'>
  text = strip_comments(open(p).read())
ResourceWarning: Enable tracemalloc to get the object allocation traceback
/home/nicola/.local/state/pqsigner-research/easycrypt-closure-20260923-o4g9cwcr/candidate-honest-components/contracts/verification/easycrypt/c10-port/tools/cert_cone.py:117: ResourceWarning: unclosed file <_io.TextIOWrapper name='cdrafts-split/C10CubeCorrect.ec' mode='r' encoding='UTF-8'>
  text = strip_comments(open(p).read())
ResourceWarning: Enable tracemalloc to get the object allocation traceback
/home/nicola/.local/state/pqsigner-research/easycrypt-closure-20260923-o4g9cwcr/candidate-honest-components/contracts/verification/easycrypt/c10-port/tools/cert_cone.py:117: ResourceWarning: unclosed file <_io.TextIOWrapper name='cdrafts-split/C10HypertreeCorrect.ec' mode='r' encoding='UTF-8'>
  text = strip_comments(open(p).read())
ResourceWarning: Enable tracemalloc to get the object allocation traceback
/home/nicola/.local/state/pqsigner-research/easycrypt-closure-20260923-o4g9cwcr/candidate-honest-components/contracts/verification/easycrypt/c10-port/tools/cert_cone.py:117: ResourceWarning: unclosed file <_io.TextIOWrapper name='cdrafts-split/C10WOTSCorrect.ec' mode='r' encoding='UTF-8'>
  text = strip_comments(open(p).read())
ResourceWarning: Enable tracemalloc to get the object allocation traceback
/home/nicola/.local/state/pqsigner-research/easycrypt-closure-20260923-o4g9cwcr/candidate-honest-components/contracts/verification/easycrypt/c10-port/tools/cert_cone.py:117: ResourceWarning: unclosed file <_io.TextIOWrapper name='cdrafts-split/C10ReductionChoose.ec' mode='r' encoding='UTF-8'>
  text = strip_comments(open(p).read())
ResourceWarning: Enable tracemalloc to get the object allocation traceback
/home/nicola/.local/state/pqsigner-research/easycrypt-closure-20260923-o4g9cwcr/candidate-honest-components/contracts/verification/easycrypt/c10-port/tools/cert_cone.py:117: ResourceWarning: unclosed file <_io.TextIOWrapper name='cdrafts-split/C10CubeConstruction.ec' mode='r' encoding='UTF-8'>
  text = strip_comments(open(p).read())
ResourceWarning: Enable tracemalloc to get the object allocation traceback
/home/nicola/.local/state/pqsigner-research/easycrypt-closure-20260923-o4g9cwcr/candidate-honest-components/contracts/verification/easycrypt/c10-port/tools/cert_cone.py:117: ResourceWarning: unclosed file <_io.TextIOWrapper name='cdrafts-split/C10HypertreeCharged.ec' mode='r' encoding='UTF-8'>
  text = strip_comments(open(p).read())
ResourceWarning: Enable tracemalloc to get the object allocation traceback
/home/nicola/.local/state/pqsigner-research/easycrypt-closure-20260923-o4g9cwcr/candidate-honest-components/contracts/verification/easycrypt/c10-port/tools/cert_cone.py:117: ResourceWarning: unclosed file <_io.TextIOWrapper name='cdrafts-split/XmssmtCCCharged.ec' mode='r' encoding='UTF-8'>
  text = strip_comments(open(p).read())
ResourceWarning: Enable tracemalloc to get the object allocation traceback
/home/nicola/.local/state/pqsigner-research/easycrypt-closure-20260923-o4g9cwcr/candidate-honest-components/contracts/verification/easycrypt/c10-port/tools/cert_cone.py:117: ResourceWarning: unclosed file <_io.TextIOWrapper name='cdrafts-split/C10SearchBounds.ec' mode='r' encoding='UTF-8'>
  text = strip_comments(open(p).read())
ResourceWarning: Enable tracemalloc to get the object allocation traceback
/home/nicola/.local/state/pqsigner-research/easycrypt-closure-20260923-o4g9cwcr/candidate-honest-components/contracts/verification/easycrypt/c10-port/tools/cert_cone.py:117: ResourceWarning: unclosed file <_io.TextIOWrapper name='cdrafts-split/C10Surface.ec' mode='r' encoding='UTF-8'>
  text = strip_comments(open(p).read())
ResourceWarning: Enable tracemalloc to get the object allocation traceback
/home/nicola/.local/state/pqsigner-research/easycrypt-closure-20260923-o4g9cwcr/candidate-honest-components/contracts/verification/easycrypt/c10-port/tools/cert_cone.py:117: ResourceWarning: unclosed file <_io.TextIOWrapper name='cdrafts-split/C10SurfaceKernel.ec' mode='r' encoding='UTF-8'>
  text = strip_comments(open(p).read())
ResourceWarning: Enable tracemalloc to get the object allocation traceback
/home/nicola/.local/state/pqsigner-research/easycrypt-closure-20260923-o4g9cwcr/candidate-honest-components/contracts/verification/easycrypt/c10-port/tools/cert_cone.py:117: ResourceWarning: unclosed file <_io.TextIOWrapper name='cdrafts-split/CountDS.ec' mode='r' encoding='UTF-8'>
  text = strip_comments(open(p).read())
ResourceWarning: Enable tracemalloc to get the object allocation traceback
/home/nicola/.local/state/pqsigner-research/easycrypt-closure-20260923-o4g9cwcr/candidate-honest-components/contracts/verification/easycrypt/c10-port/tools/cert_cone.py:117: ResourceWarning: unclosed file <_io.TextIOWrapper name='cdrafts-split/VecDP.ec' mode='r' encoding='UTF-8'>
  text = strip_comments(open(p).read())
ResourceWarning: Enable tracemalloc to get the object allocation traceback
/home/nicola/.local/state/pqsigner-research/easycrypt-closure-20260923-o4g9cwcr/candidate-honest-components/contracts/verification/easycrypt/c10-port/tools/cert_cone.py:117: ResourceWarning: unclosed file <_io.TextIOWrapper name='cdrafts-split/C10Encoding.ec' mode='r' encoding='UTF-8'>
  text = strip_comments(open(p).read())
ResourceWarning: Enable tracemalloc to get the object allocation traceback
/home/nicola/.local/state/pqsigner-research/easycrypt-closure-20260923-o4g9cwcr/candidate-honest-components/contracts/verification/easycrypt/c10-port/tools/cert_cone.py:117: ResourceWarning: unclosed file <_io.TextIOWrapper name='cdrafts-split/C10DigitUniform.ec' mode='r' encoding='UTF-8'>
  text = strip_comments(open(p).read())
ResourceWarning: Enable tracemalloc to get the object allocation traceback
/home/nicola/.local/state/pqsigner-research/easycrypt-closure-20260923-o4g9cwcr/candidate-honest-components/contracts/verification/easycrypt/c10-port/tools/cert_cone.py:117: ResourceWarning: unclosed file <_io.TextIOWrapper name='cdrafts-split/C10BoundedIID.ec' mode='r' encoding='UTF-8'>
  text = strip_comments(open(p).read())
ResourceWarning: Enable tracemalloc to get the object allocation traceback
/home/nicola/.local/state/pqsigner-research/easycrypt-closure-20260923-o4g9cwcr/candidate-honest-components/contracts/verification/easycrypt/c10-port/tools/cert_cone.py:117: ResourceWarning: unclosed file <_io.TextIOWrapper name='cdrafts-split/C10SharedSearch.ec' mode='r' encoding='UTF-8'>
  text = strip_comments(open(p).read())
ResourceWarning: Enable tracemalloc to get the object allocation traceback
/home/nicola/.local/state/pqsigner-research/easycrypt-closure-20260923-o4g9cwcr/candidate-honest-components/contracts/verification/easycrypt/c10-port/tools/cert_cone.py:117: ResourceWarning: unclosed file <_io.TextIOWrapper name='cdrafts-split/C10BoundedLeaf.ec' mode='r' encoding='UTF-8'>
  text = strip_comments(open(p).read())
ResourceWarning: Enable tracemalloc to get the object allocation traceback
/home/nicola/.local/state/pqsigner-research/easycrypt-closure-20260923-o4g9cwcr/candidate-honest-components/contracts/verification/easycrypt/c10-port/tools/cert_cone.py:117: ResourceWarning: unclosed file <_io.TextIOWrapper name='cdrafts-split/C10BoundedReduction.ec' mode='r' encoding='UTF-8'>
  text = strip_comments(open(p).read())
ResourceWarning: Enable tracemalloc to get the object allocation traceback
/home/nicola/.local/state/pqsigner-research/easycrypt-closure-20260923-o4g9cwcr/candidate-honest-components/contracts/verification/easycrypt/c10-port/tools/cert_cone.py:117: ResourceWarning: unclosed file <_io.TextIOWrapper name='cdrafts-split/GprocTCollNamed.ec' mode='r' encoding='UTF-8'>
  text = strip_comments(open(p).read())
ResourceWarning: Enable tracemalloc to get the object allocation traceback
/home/nicola/.local/state/pqsigner-research/easycrypt-closure-20260923-o4g9cwcr/candidate-honest-components/contracts/verification/easycrypt/c10-port/tools/cert_cone.py:117: ResourceWarning: unclosed file <_io.TextIOWrapper name='cdrafts-split/BadEncStep4.ec' mode='r' encoding='UTF-8'>
  text = strip_comments(open(p).read())
ResourceWarning: Enable tracemalloc to get the object allocation traceback
/home/nicola/.local/state/pqsigner-research/easycrypt-closure-20260923-o4g9cwcr/candidate-honest-components/contracts/verification/easycrypt/c10-port/tools/cert_cone.py:117: ResourceWarning: unclosed file <_io.TextIOWrapper name='cdrafts-split/BadEncToTColl.ec' mode='r' encoding='UTF-8'>
  text = strip_comments(open(p).read())
ResourceWarning: Enable tracemalloc to get the object allocation traceback
/home/nicola/.local/state/pqsigner-research/easycrypt-closure-20260923-o4g9cwcr/candidate-honest-components/contracts/verification/easycrypt/c10-port/tools/cert_cone.py:117: ResourceWarning: unclosed file <_io.TextIOWrapper name='cdrafts-split/BadEncSplit.ec' mode='r' encoding='UTF-8'>
  text = strip_comments(open(p).read())
ResourceWarning: Enable tracemalloc to get the object allocation traceback
/home/nicola/.local/state/pqsigner-research/easycrypt-closure-20260923-o4g9cwcr/candidate-honest-components/contracts/verification/easycrypt/c10-port/tools/cert_cone.py:117: ResourceWarning: unclosed file <_io.TextIOWrapper name='cdrafts-split/TCollResEnum.ec' mode='r' encoding='UTF-8'>
  text = strip_comments(open(p).read())
ResourceWarning: Enable tracemalloc to get the object allocation traceback
/home/nicola/.local/state/pqsigner-research/easycrypt-closure-20260923-o4g9cwcr/candidate-honest-components/contracts/verification/easycrypt/c10-port/tools/cert_cone.py:117: ResourceWarning: unclosed file <_io.TextIOWrapper name='cdrafts-split/GprocWotsNamed.ec' mode='r' encoding='UTF-8'>
  text = strip_comments(open(p).read())
ResourceWarning: Enable tracemalloc to get the object allocation traceback
/home/nicola/.local/state/pqsigner-research/easycrypt-closure-20260923-o4g9cwcr/candidate-honest-components/contracts/verification/easycrypt/c10-port/tools/cert_cone.py:117: ResourceWarning: unclosed file <_io.TextIOWrapper name='cdrafts-split/WotsLegCharged.ec' mode='r' encoding='UTF-8'>
  text = strip_comments(open(p).read())
ResourceWarning: Enable tracemalloc to get the object allocation traceback
/home/nicola/.local/state/pqsigner-research/easycrypt-closure-20260923-o4g9cwcr/candidate-honest-components/contracts/verification/easycrypt/c10-port/tools/cert_cone.py:117: ResourceWarning: unclosed file <_io.TextIOWrapper name='cdrafts-split/C10DeployedCapstone.ec' mode='r' encoding='UTF-8'>
  text = strip_comments(open(p).read())
ResourceWarning: Enable tracemalloc to get the object allocation traceback
/home/nicola/.local/state/pqsigner-research/easycrypt-closure-20260923-o4g9cwcr/candidate-honest-components/contracts/verification/easycrypt/c10-port/tools/cert_cone.py:117: ResourceWarning: unclosed file <_io.TextIOWrapper name='cdrafts-split/GprocQBound.ec' mode='r' encoding='UTF-8'>
  text = strip_comments(open(p).read())
ResourceWarning: Enable tracemalloc to get the object allocation traceback
/home/nicola/.local/state/pqsigner-research/easycrypt-closure-20260923-o4g9cwcr/candidate-honest-components/contracts/verification/easycrypt/c10-port/tools/cert_cone.py:117: ResourceWarning: unclosed file <_io.TextIOWrapper name='cdrafts-split/GprocT3Trco.ec' mode='r' encoding='UTF-8'>
  text = strip_comments(open(p).read())
ResourceWarning: Enable tracemalloc to get the object allocation traceback
/home/nicola/.local/state/pqsigner-research/easycrypt-closure-20260923-o4g9cwcr/candidate-honest-components/contracts/verification/easycrypt/c10-port/tools/cert_cone.py:117: ResourceWarning: unclosed file <_io.TextIOWrapper name='cdrafts-split/GprocVI.ec' mode='r' encoding='UTF-8'>
  text = strip_comments(open(p).read())
ResourceWarning: Enable tracemalloc to get the object allocation traceback
/home/nicola/.local/state/pqsigner-research/easycrypt-closure-20260923-o4g9cwcr/candidate-honest-components/contracts/verification/easycrypt/c10-port/tools/cert_cone.py:117: ResourceWarning: unclosed file <_io.TextIOWrapper name='cdrafts-split/GprocT2Trh.ec' mode='r' encoding='UTF-8'>
  text = strip_comments(open(p).read())
ResourceWarning: Enable tracemalloc to get the object allocation traceback
/home/nicola/.local/state/pqsigner-research/easycrypt-closure-20260923-o4g9cwcr/candidate-honest-components/contracts/verification/easycrypt/c10-port/tools/cert_cone.py:117: ResourceWarning: unclosed file <_io.TextIOWrapper name='cdrafts-split/GprocT1Opre.ec' mode='r' encoding='UTF-8'>
  text = strip_comments(open(p).read())
ResourceWarning: Enable tracemalloc to get the object allocation traceback
/home/nicola/.local/state/pqsigner-research/easycrypt-closure-20260923-o4g9cwcr/candidate-honest-components/contracts/verification/easycrypt/c10-port/tools/cert_cone.py:117: ResourceWarning: unclosed file <_io.TextIOWrapper name='cdrafts-split/GprocChargedQWired.ec' mode='r' encoding='UTF-8'>
  text = strip_comments(open(p).read())
ResourceWarning: Enable tracemalloc to get the object allocation traceback
/home/nicola/.local/state/pqsigner-research/easycrypt-closure-20260923-o4g9cwcr/candidate-honest-components/contracts/verification/easycrypt/c10-port/tools/cert_cone.py:117: ResourceWarning: unclosed file <_io.TextIOWrapper name='cdrafts-split/GprocQWired.ec' mode='r' encoding='UTF-8'>
  text = strip_comments(open(p).read())
ResourceWarning: Enable tracemalloc to get the object allocation traceback
/home/nicola/.local/state/pqsigner-research/easycrypt-closure-20260923-o4g9cwcr/candidate-honest-components/contracts/verification/easycrypt/c10-port/tools/cert_cone.py:117: ResourceWarning: unclosed file <_io.TextIOWrapper name='cdrafts-split/SphincsC10CapstoneCharged.ec' mode='r' encoding='UTF-8'>
  text = strip_comments(open(p).read())
ResourceWarning: Enable tracemalloc to get the object allocation traceback
/home/nicola/.local/state/pqsigner-research/easycrypt-closure-20260923-o4g9cwcr/candidate-honest-components/contracts/verification/easycrypt/c10-port/tools/cert_cone.py:117: ResourceWarning: unclosed file <_io.TextIOWrapper name='cdrafts-split/BadEncCountermodel.ec' mode='r' encoding='UTF-8'>
  text = strip_comments(open(p).read())
ResourceWarning: Enable tracemalloc to get the object allocation traceback
/home/nicola/.local/state/pqsigner-research/easycrypt-closure-20260923-o4g9cwcr/candidate-honest-components/contracts/verification/easycrypt/c10-port/tools/cert_cone.py:117: ResourceWarning: unclosed file <_io.TextIOWrapper name='cdrafts-split/DarkSideC10.ec' mode='r' encoding='UTF-8'>
  text = strip_comments(open(p).read())
ResourceWarning: Enable tracemalloc to get the object allocation traceback
/home/nicola/.local/state/pqsigner-research/easycrypt-closure-20260923-o4g9cwcr/candidate-honest-components/contracts/verification/easycrypt/c10-port/tools/cert_cone.py:117: ResourceWarning: unclosed file <_io.TextIOWrapper name='cdrafts-split/DarkSide.ec' mode='r' encoding='UTF-8'>
  text = strip_comments(open(p).read())
ResourceWarning: Enable tracemalloc to get the object allocation traceback
/home/nicola/.local/state/pqsigner-research/easycrypt-closure-20260923-o4g9cwcr/candidate-honest-components/contracts/verification/easycrypt/c10-port/tools/cert_cone.py:117: ResourceWarning: unclosed file <_io.TextIOWrapper name='cdrafts-split/C10SpecControls.ec' mode='r' encoding='UTF-8'>
  text = strip_comments(open(p).read())
ResourceWarning: Enable tracemalloc to get the object allocation traceback
/home/nicola/.local/state/pqsigner-research/easycrypt-closure-20260923-o4g9cwcr/candidate-honest-components/contracts/verification/easycrypt/c10-port/tools/cert_cone.py:117: ResourceWarning: unclosed file <_io.TextIOWrapper name='cdrafts-split/C10DeployedScope.ec' mode='r' encoding='UTF-8'>
  text = strip_comments(open(p).read())
ResourceWarning: Enable tracemalloc to get the object allocation traceback
/home/nicola/.local/state/pqsigner-research/easycrypt-closure-20260923-o4g9cwcr/candidate-honest-components/contracts/verification/easycrypt/c10-port/tools/cert_cone.py:117: ResourceWarning: unclosed file <_io.TextIOWrapper name='cdrafts-split/C10DeployedGeometry.ec' mode='r' encoding='UTF-8'>
  text = strip_comments(open(p).read())
ResourceWarning: Enable tracemalloc to get the object allocation traceback
/home/nicola/.local/state/pqsigner-research/easycrypt-closure-20260923-o4g9cwcr/candidate-honest-components/contracts/verification/easycrypt/c10-port/tools/cert_cone.py:117: ResourceWarning: unclosed file <_io.TextIOWrapper name='cdrafts-split/FORS_C_TreePort.ec' mode='r' encoding='UTF-8'>
  text = strip_comments(open(p).read())
ResourceWarning: Enable tracemalloc to get the object allocation traceback
/home/nicola/.local/state/pqsigner-research/easycrypt-closure-20260923-o4g9cwcr/candidate-honest-components/contracts/verification/easycrypt/c10-port/tools/cert_cone.py:117: ResourceWarning: unclosed file <_io.TextIOWrapper name='cdrafts-split/FORS_C.ec' mode='r' encoding='UTF-8'>
  text = strip_comments(open(p).read())
ResourceWarning: Enable tracemalloc to get the object allocation traceback
/home/nicola/.local/state/pqsigner-research/easycrypt-closure-20260923-o4g9cwcr/candidate-honest-components/contracts/verification/easycrypt/c10-port/tools/cert_cone.py:117: ResourceWarning: unclosed file <_io.TextIOWrapper name='cdrafts-split/WOTS_C_Multi.ec' mode='r' encoding='UTF-8'>
  text = strip_comments(open(p).read())
ResourceWarning: Enable tracemalloc to get the object allocation traceback
./home/nicola/.local/state/pqsigner-research/easycrypt-closure-20260923-o4g9cwcr/candidate-honest-components/contracts/verification/easycrypt/c10-port/tools/cert_cone.py:117: ResourceWarning: unclosed file <_io.TextIOWrapper name='base-c10-split/A.ec' mode='r' encoding='UTF-8'>
  text = strip_comments(open(p).read())
ResourceWarning: Enable tracemalloc to get the object allocation traceback
/home/nicola/.local/state/pqsigner-research/easycrypt-closure-20260923-o4g9cwcr/candidate-honest-components/contracts/verification/easycrypt/c10-port/tools/cert_cone.py:117: ResourceWarning: unclosed file <_io.TextIOWrapper name='base-c10-split/B.eca' mode='r' encoding='UTF-8'>
  text = strip_comments(open(p).read())
ResourceWarning: Enable tracemalloc to get the object allocation traceback
.
----------------------------------------------------------------------
Ran 11 tests in 3.247s

OK
OK EasyCrypt manual source binding: 320 inputs (not extraction)
