cdrafts-split/C10DeployedCapstone.ec::EUFCMA_SPHINCS_PLUS_C10_AT_DEPLOYED_PARAMS	5bd600cb2661b4af2426525bb72e4058
cdrafts-split/SphincsC10CapstoneCharged.ec::EUFCMA_SPHINCS_PLUS_C10_CHARGED	630f6d5487a3f8ed7a5b69313d5c994d
cdrafts-split/SphincsC10CapstoneWired.ec::EUFCMA_SPHINCS_PLUS_C10_GROUNDED	4649eba5761382549d106f45db91e372
op:base-c10-split/FL_SL_XMSS_MT_ES.ec::dist_adrstypes	cc76465f16416ff7a5b888c4b46f1046
op:base-c10-split/FL_SL_XMSS_MT_ES.ec::valid_xidxvals_idxvals	b7c96b97697e579f3799edca3503d8a9
op:base-c10-split/FORS_ES.ec::A_forge_ll	64168c943fbe63c0f79d0e1f183a3b6a
op:base-c10-split/FORS_ES.ec::dist_adrstypes	507e2f3f67d47b2cdbfcd82943b605e9
op:base-c10-split/FORS_ES.ec::valid_fidxvals_idxvals	d99095f6640c59e19678b9e99eaaac50
op:base-c10-split/OpenPRE_From_TCR_DSPR_THF.eca::A_find_ll	2e5851717a96f4e136c7c4a4760926f2
op:base-c10-split/OpenPRE_From_TCR_DSPR_THF.eca::A_pick_ll	316ce56539c770d115bb0aaa146eea2b
op:base-c10-split/SPHINCS_PLUS.ec::a_val	b5d50d588c647c5d256cf359a7b27f87
op:base-c10-split/SPHINCS_PLUS.ec::d_val	ab1e22c59e34eef998668d483fa574bc
op:base-c10-split/SPHINCS_PLUS.ec::dist_adrstypes	4771bc3aa3cfc820d2466702e343b07f
op:base-c10-split/SPHINCS_PLUS.ec::hp_val	eb6c42390d377908ee01a4377036f841
op:base-c10-split/SPHINCS_PLUS.ec::k_val	f7d8e6da0a0f339efdb769d98cac140e
op:base-c10-split/SPHINCS_PLUS.ec::len_val	123fd6b5372abf8bd0b02488d336b037
op:base-c10-split/SPHINCS_PLUS.ec::log2_w_val	73181d382641ea9015b0cfac7a2da44e
op:base-c10-split/SPHINCS_PLUS.ec::n_val	bab2b36dc257c67dc13cae587bfba63a
op:base-c10-split/TweakableHashFunctions.eca::in_collection	ec5009b683b2ce666936f5b5eecfb5b3
op:base-c10-split/WOTS_TW_ES.ec::A_choose_ll	9859a6177db6222457d12a1e5775866f
op:base-c10-split/WOTS_TW_ES.ec::A_forge_ll	9078dedf211bd74956d398ff977910d0
op:base-c10-split/WOTS_TW_ES.ec::P	fe55dd1ef00e83fb56cad1c1c8bb2308
op:base-c10-split/WOTS_TW_ES.ec::ch0	82ac047b9b1dbbd5785c1d7596997374
op:base-c10-split/WOTS_TW_ES.ec::chS	6f30980abfbfe7f7f058376c5682fd0c
op:base-c10-split/WOTS_TW_ES.ec::digitsum	942164f556ab27e70a2fbd63f211e98a
op:base-c10-split/WOTS_TW_ES.ec::encode_msgWOTS	61ae1fc0d9b6f690f9822e696cfbe160
op:base-c10-split/WOTS_TW_ES.ec::join_dgst	b8149d5b650400ca2ee9d2076b6a9ed4
op:base-c10-split/WOTS_TW_ES.ec::n_m	4af34eb5ba11ca9674617cdecafdc674
op:base-c10-split/WOTS_TW_ES.ec::target_sum	76d788172bb44f06e8db103b77c52475
op:base-c10-split/WOTS_TW_ES.ec::tgt_witness	f04b069e28511fc865194cca418d8101
op:base-c10-split/WOTS_TW_ES.ec::valid_widxvals_idxvals	4237fcb1ca8ed2d9dba2737f42d2e62d
op:cdrafts-split/C10DeployedInstance.ec::c10_k	dea7b37861baa7dadd26ee4dd2928a52
op:cdrafts-split/C10DeployedInstance.ec::c10_len	018ab5f0ded493f86bfd51d3df8c721f
op:cdrafts-split/C10DeployedInstance.ec::c10_n	4c160488222a666174e86c7487a78ce7
op:cdrafts-split/C10DeployedInstance.ec::c10_r	61d42b48905338fec9b497dc9be54cb9
op:cdrafts-split/FORS_C10.ec::dmkey_ll	015d646e38e758b5e8de7c41b30ab166
op:cdrafts-split/FORS_C10.ec::eqiks_g	16b8472573f690f8ed293541f026998f
op:cdrafts-split/FORS_C10.ec::good_pos	cc486efb3978b3a2987aa6a5f756def2
op:cdrafts-split/FORS_C10.ec::neqisvs_g	fccec9e2eb4fe3551bd80a7a38d32844
op:cdrafts-split/FORS_C10.ec::rng_g	50d5c8caa806b16fb19c80fbbd7ba1d9
op:cdrafts-split/FORS_C10.ec::size_g	3af59a67e74304b0ddeeb6f5888eb9e0
op:cdrafts-split/FORS_C10.ec::uniq_g	312d92badbe522216cece323b499c735
op:cdrafts-split/STCR_C.ec::dpp_ll	951421efe7cd3b443190d2535b7e8855
op:cdrafts-split/WOTS_C_Real.ec::ThC	186da9998320a0e8066351cbf710d89a
op:cdrafts-split/WOTS_C_Real.ec::emb_in	f220c139f37b2242a58a82b310b2c87c
op:cdrafts-split/WOTS_C_Real.ec::emb_in0	5ed94536c6c97215706c7dbdd71599c7
op:cdrafts-split/WOTS_C_Real.ec::emb_in1	a8c773c14b498dc3ea771864bbbe7094
op:cdrafts-split/WOTS_C_Real.ec::emb_tw	d1f13099b62ef240723195ef707528b6
op:cdrafts-split/WOTS_C_Real.ec::predC	68813dccd39048d6d08e8635b84ad21d
op:cdrafts-split/WOTS_C_Real.ec::encode_msgWOTS_C	04327ba9c94f4c4bbd7b8aa8b01302f2
base-c10-split/WOTS_TW_ES.ec::nhchwcoll_hchwpre_msg	49f15718059803921bb9a55e407506c1
cdrafts-split/C10DeployedCapstone.ec::EUFCMA_SPHINCS_PLUS_C10_AT_DEPLOYED_PARAMS_PINNED_ENCODER	0458787fbaa4ccc6fd7d9fc62c39773e
cdrafts-split/C10DeployedCapstone.ec::c10_deployed_STCR_premises_hold	a935072fe5917bab452498c5d88a0109
cdrafts-split/C10DeployedInstance.ec::c10_deployed_encoder_meets_model	b24fd3b56800d450ebf046c9614f44d2
cdrafts-split/C10DeployedInstance.ec::c10_deployed_encoder_gives_width	bbe9f89800d5dc7d12059cb1cfcac8a1
cdrafts-split/C10DeployedCapstone.ec::EUFCMA_SPHINCS_PLUS_C10_CONTENTFUL_AT_DEPLOYED_ENCODER	6bcc73a472b37c7e963c29e3f9e0a779
cdrafts-split/GprocFORSC10.ec::Gproc_uncovered_gives_witness	77ace8bea1813e146160d8fd5f040cb3
cdrafts-split/GprocFORSC10.ec::GprocKg_sk_eq	a226ca66356c908846e4c96fc7533b14
cdrafts-split/C10DeployedCapstone.ec::c10_dfC_separations_from_width_alone	e56f1e42f3af59c9793c387e896b47f4
cdrafts-split/C10DeployedCapstone.ec::c10_embg_not_constant	2fe434ad43c6cc73ace18a033b5bda07
cdrafts-split/C10DeployedCapstone.ec::c10_deployed_encoder_not_constant	7fae22b0015729bc40151e0995935a56
op:cdrafts-split/GprocFORSC10.ec::pkfors_of	6bbaa54458976927b7ca061773c3ad3b
cdrafts-split/GprocFORSC10.ec::genpkfors_cf_op	aa4ceafb28a7f1b11c6134220ee70b6a
cdrafts-split/GprocFORSC10.ec::MM45_keygen_pk_from_sk	d33e1cf76a5a60d89a41426060672ffd
cdrafts-split/GprocFORSC10.ec::Gproc_keygen_pk_from_sk	92ba88affc78d87502d93028e5c9def1
cdrafts-split/GprocFORSC10.ec::pk_pools_eq	d1b55c89a61d2c19ddb58775e8124656
cdrafts-split/GprocFORSC10.ec::GprocKg_keygen_eq	be111bffff3a01e469c3e8f50064f9ab
# --- FORS_C_TreePort, admitted to the closure 2026-08-04 (run 23) -------------
# 1733 lines of tree-layer reduction that were in NEITHER closure until now, so
# every "proved" claim in the file was checked by its own prose and nothing else.
# Pinned here so the file's status -- especially WHICH parts are real and which
# is admitted -- cannot drift.
#
# extract_op is THE admit (census row admit:3b102492d8ec).  Its four
# un-discharged parts (R-KEY, R-SIM, actual-oracle R-INDEX, R-OPEN) need an
# UPSTREAM interface change (exposed randomized leaf keygen), not more proof.
# extract_trh / extract_trco are real byequivs; op_preimage_core and
# op_extract_wins are the two genuinely proved halves of the OpenPRE branch.
# fors_c_tree_port is the top-level bound they assemble into -- it is a bound on
# EUF_CMA_FORSC_I, NOT on EUF_CMA_Gproc_I, so it does not bound Q.
cdrafts-split/FORS_C_TreePort.ec::fors_c_tree_port	a06a38702aed06d54aa243c71061d470
cdrafts-split/FORS_C_TreePort.ec::extract_op	07220b0a14b5f74aff8bf16edccff966
cdrafts-split/FORS_C_TreePort.ec::extract_trh	a0d4f5c57fe570535502f56acd0a1733
cdrafts-split/FORS_C_TreePort.ec::extract_trco	f27e4957dc71c598129eb393c4ea277f
cdrafts-split/FORS_C_TreePort.ec::instr_eq	a7cb3d56fdb2053e03572ee13c1862fe
cdrafts-split/FORS_C_TreePort.ec::op_preimage_core	0c318dbf51965a0c115d4f82aa18d34c
cdrafts-split/FORS_C_TreePort.ec::op_extract_wins	ce5b5ae8e1ab95d9918efb9d0481b74c
cdrafts-split/FORS_C_TreePort.ec::trh_collision_at_div	6baadd44c2f4c0a2a4a47ffdb99005e6
cdrafts-split/FORS_C_TreePort.ec::op_win_satisfiable	97acef007c041e20ef5f4b87aeacd40d
# --- option (a): the instrumented three-flag Gproc game (run 24) --------------
# gproc_Q_decomposition is the deliverable: Q (the unreduced bad-event term in
# EUFCMA_SPHINCS_PLUS_C10_GROUNDED) EQUALS three named terms over the
# instrumented game.  Pinned because the decomposition is only as meaningful as
# the FLAG DEFINITIONS it splits on -- the algebra would hold for constant flags,
# so a silent edit to EUF_CMA_Gproc_V's ghost block would hollow these out while
# leaving them provable.  The module body is separately pinned by the census
# (module:fbc0ec28fb21).  NONE of these bounds Q.
cdrafts-split/GprocFORSC10.ec::gproc_V_eq	433196c21382dfdc9a92b8b4995c2127
cdrafts-split/GprocFORSC10.ec::gproc_V_split	22e700d9eaca1b7073af0c03a3079289
cdrafts-split/GprocFORSC10.ec::gproc_Q_decomposition	0ef81d5067032e8dd67b7f70909ea8e3
# --- GprocVI: the V->VI hop, admitted to the closure 2026-08-05 (run 26) ----
# gproc_V_VI_eq is the deliverable: Pr over Gproc_V = Pr over Gproc_VI for the
# T3 event.  MM45 proves its TRH/TRCO branches over _VI, not _V, so without this
# hop the T3 reduction byequiv has no alignable left-hand side.  The chain below
# it is pinned too because the hop is only as good as the Merkle equivalence and
# the keygen correspondence it rests on.
cdrafts-split/GprocVI.ec::gproc_V_VI_eq	481b10689ee47e4e0586c406758796d8
cdrafts-split/GprocVI.ec::gprockg_vi_eq	ca9e2b0b553d0090d7bce0d047644154
cdrafts-split/GprocVI.ec::gprockg_vi_sk_eq	23212732cc23c4a58c59421cef8d49c2
cdrafts-split/GprocVI.ec::GprocKgVI_pk_from_sk	b0bc95f2b2f9b0597feaaa1b3749b510
cdrafts-split/GprocVI.ec::GprocTreeVI_root_h	603dacda7f5b19cbc7e8dac55f10a6cf
cdrafts-split/GprocVI.ec::GprocTreeVI_root_ll	7fec0c632cc428706dd367b43169d86d
cdrafts-split/GprocVI.ec::pkfors_of_from_roots	302ab305ea54372d8b3c1e62147611dd
cdrafts-split/GprocVI.ec::cube_is_mkseq	aba73ce2f8a5251bdf536e3d94a89a93
cdrafts-split/GprocVI.ec::size_cube	9ceedab53dc7d176b235cacf736be443
cdrafts-split/GprocT1Opre.ec::t1_term_pinned	035f68ac5444410cf5eab899c11a903d
cdrafts-split/GprocT1Opre.ec::t1_opre_bound	1666e83512d975fa2c69aabd2b1f6e02
cdrafts-split/GprocT1Opre.ec::Eqv_OCMA_sign	b4fc971e6349efef59372667541bd220
cdrafts-split/GprocT2Trh.ec::t2_trh_bound	ceea05ba6fa283d24fe81ed7baba5e4d
cdrafts-split/GprocT2Trh.ec::t2_trh_bound_VI	0a691522b51b844f64ae524302228a9b
cdrafts-split/GprocT3Trco.ec::t3_trco_bound	d154db53959e58ee005c0ec57288c8a4
cdrafts-split/GprocT3Trco.ec::t3_trco_bound_VI	76a240c0cb1eeb54084eb044656006a3
cdrafts-split/GprocQBound.ec::gproc_Q_bound	b86f78592fd3c07437a7a055e9475ee4
cdrafts-split/GprocQWired.ec::EUFCMA_SPHINCS_PLUS_C10_QWIRED	8d3a836ef71f3cb941fcfdbe5348e781
cdrafts-split/GprocQWired.ec::qwired_at_witness	589a29228413259cb52b0d634bb3ee05
cdrafts-split/GprocQWired.ec::EUFCMA_SPHINCS_PLUS_C10_AT_DEPLOYED_PARAMS_QWIRED	64f7c7d50453517aace808d97230f911
cdrafts-split/GprocQWired.ec::EUFCMA_SPHINCS_PLUS_C10_AT_DEPLOYED_PARAMS_PINNED_ENCODER_QWIRED	b84b033f504cc96062289d604f2d99be
cdrafts-split/GprocQWired.ec::deployed_qwired_at_witness	a70156a3efc5ad332591cd5eefa0021f
cdrafts-split/DarkSide.ec::ds_ge_1t	30c7048624261f6170e3aa0c381d1e1b
cdrafts-split/DarkSide.ec::forsc_le_fors	149a4c3c47fff9c7a1c928ccc10e5d43
cdrafts-split/DarkSide.ec::cover_all_pr	46259369ce3168d1a64f1c84911bff25
cdrafts-split/DarkSide.ec::cover_some_le	3a7a7c072842b7e32a3e36b81812bacc
cdrafts-split/DarkSide.ec::ds_le_linear	f6d6b492990c65aca24dc5c3e61f8c2b
cdrafts-split/DarkSideC10.ec::c10_ds_ge_1t	eeaa76b8d9c8fd39c257ffc1964d5588
cdrafts-split/DarkSideC10.ec::c10_forsc_le_fors	8ef97e2cd27b93997513a9c4670d9652
cdrafts-split/DarkSide.ec::mixture_le_moment	464ad56df8ab57d55e0c23b25a13eb23
cdrafts-split/DarkSide.ec::mixture_le_moment_finite_ex	0ac2baaf163e806d0a3ad4905121d50d
cdrafts-split/GprocChargedQWired.ec::EUFCMA_SPHINCS_PLUS_C10_CHARGED_QWIRED	b80928e1d3392cbae58677c035c6af02
cdrafts-split/GprocChargedQWired.ec::charged_qwired_at_witness	5405125da8ca0ccfd3c9c4fe071e95c5

# --- C10DeployedScope (promoted 2026-08-19 from experiments/ptgts-pin/PTgtsPin.ec) ---
# The DEPLOYED-SCOPE facts.  Pinned because their VALUE is entirely in what they
# say: a name-only check would let `! (c <= c10_q_s)` be weakened to `true` and
# every other phase would still pass.  Note c10_q_s (= MAX_SLOT_USES) appears
# ONLY in conclusions here -- it is never a hypothesis, and nothing certified
# requires this file, so the deployment cap is NOT imported into the model.
cdrafts-split/C10DeployedScope.ec::c10_c_closed	25874a8bd9dc44a61be1012d7319cc3c
cdrafts-split/C10DeployedScope.ec::c10_p_tgts_is_least	eb6975a4ded06381d60f76456cec64cf
cdrafts-split/C10DeployedScope.ec::c10_c_le_p_tgts_at_pin	614a85247d5086e5ec360152660adfe5
cdrafts-split/C10DeployedScope.ec::c10_usage_cap_is_not_admissible_as_p_tgts	87f6ef81e556ff2ba8c9546876754084
cdrafts-split/C10DeployedScope.ec::c10_ht_capacity	741b506a042b203b9085d892ef00086a
cdrafts-split/C10DeployedScope.ec::c10_ht_capacity_vs_usage_cap	185df70ae6f1284ffa4e9cd9a3ed2fdc
# --- C10DeployedScope: FULL declaration coverage (2026-08-19) ---
# The six scope pins added on promotion covered 6 of 18 lemmas and 0 of 6
# ops -- so twelve statements and every op VALUE were unpinned inside the
# very file that quarantines the deployment cap.  A value swap
# (op c10_p_tgts : int = 262656 -> 65536) moved NO pin.  Now every
# declaration in that file is pinned; PHASE 1g additionally makes adding
# or removing one fatal.
cdrafts-split/C10DeployedScope.ec::c10_pow2_9	e55dd93932a03c64b2e067612a2ce39e
cdrafts-split/C10DeployedScope.ec::c10_pow2_18	cbfc4c13d4867b794c5fea9fa6a1f267
cdrafts-split/C10DeployedScope.ec::c10_geometry_pinned_in_base	f8daefeeaebd48da2e980b5ec147c83f
cdrafts-split/C10DeployedScope.ec::c10_c_is_two_powers	ec387afc850d76b8946197908371d0e8
cdrafts-split/C10DeployedScope.ec::c10_c_is_leaves_plus_toptree	9ebdacdfcd6a88439281dfcd21397168
cdrafts-split/C10DeployedScope.ec::c10_p_tgts_admissible	4e800323c44e81d464c23f4fad708ca4
cdrafts-split/C10DeployedScope.ec::c10_p_tgts_dominates_c	573f1d498edfecf068c304878f3b7b23
cdrafts-split/C10DeployedScope.ec::c10_p_tgts_is_exactly_c	dec643cbc79a4468c699a107670349bb
cdrafts-split/C10DeployedScope.ec::c10_pin_respects_ge0_ptgts	6f7b3a01e716f90fe00e6c1d58c55451
cdrafts-split/C10DeployedScope.ec::c10_usage_cap_below_c	8656fbd9f3371ebc415f7b949558edb8
cdrafts-split/C10DeployedScope.ec::c10_layers_times_usage_cap_below_c	16649d8a662ec2a9d52d280664e9fa31
cdrafts-split/C10DeployedScope.ec::c10_distinct_instances_under_usage_cap	253bed4bb4803b74ba6d0126c42841ce
op:cdrafts-split/C10DeployedScope.ec::c10_hp	ea32435467d935dbb5cebb92366ddb68
op:cdrafts-split/C10DeployedScope.ec::c10_d	5144b78f4f841381926e974c0479777d
op:cdrafts-split/C10DeployedScope.ec::c10_h	1cb5b6e046243f4e925a1476aa0fef25
op:cdrafts-split/C10DeployedScope.ec::c10_c	6e4556d7fb1382d9011b615dae7896b2
op:cdrafts-split/C10DeployedScope.ec::c10_p_tgts	403f6508dc2d65c5efd5984ed2e66a93
op:cdrafts-split/C10DeployedScope.ec::c10_q_s	775acb6fd903a15ed87c995969a12ff4
# === TOTAL STATEMENT COVERAGE (2026-08-20) ===
# Every top-level statement in all 38 certified roots (34 closure members + the four
# base roots) is now pinned by digest.  Motivation: an adversarial review found that a
# NEW certified statement is structurally invisible to the gate -- PHASE 1c iterates
# THIS MANIFEST, not the source files, so a lemma that was never pinned is simply
# absent, and absence is invisible to a loop reading the manifest.
#
# PINS ALONE DO NOT CLOSE THAT.  They stop a pinned statement from CHANGING; they do
# not stop an 897th statement from APPEARING.  The other half is PHASE 1h
# (tools/stmt_coverage.py), which enumerates statements FROM THE FILES and asserts each
# has a row here, with a committed EXPECT_STMTS total.  Read the two together:
#   PHASE 1c  manifest -> files   a pinned statement cannot silently CHANGE
#   PHASE 1h  files -> manifest   a statement cannot silently APPEAR unpinned
#
# axiom / declare axiom pin through the op: path -- digest() matches only
# lemma/theorem/equiv/hoare/phoare, while digest_op() handles axioms.
cdrafts-split/Grind.ec::head_mem	5fa9b2d9f077e145a3bbf5d3ad53f7dc
cdrafts-split/Grind.ec::grind_fails_iff	fbd2b1555b9fa70af0395c5ce85f42fb
cdrafts-split/Grind.ec::grindP_iff	75e10568a3cd3d94d148258ea037930d
cdrafts-split/Grind.ec::grind_correct	b68bb13518dc1c09054e2123cf87dbc6
cdrafts-split/Grind.ec::GrindSearch_search_ll	4c46238753c64a8c2f52c05dc0aa6407
cdrafts-split/Grind.ec::head_filter_ne	c7076c4af8fb1621a1c73790e034588d
cdrafts-split/Grind.ec::GrindSearch_run_computes_grind	20b7fe56cc2bfd8fea32a34386675582
cdrafts-split/STCR_C.ec::query_targets_predC	b8f19547aee7993ced72bb46829957d4
cdrafts-split/STCR_C.ec::O_STCRC_query_good	046e7cbbdc6474765a79697acb0ede19
cdrafts-split/WOTS_C_Real.ec::valwadrs_inst	48baed7e3bddcd2d1ac7f61d8d913715
cdrafts-split/WOTS_C_Real.ec::emb_tw_valid	3355554d5968ca6b845803e2618cd08f
cdrafts-split/WOTS_C_Real.ec::emb_tw_val	faf685e934d3f8ddac72e3c41c1f791a
cdrafts-split/WOTS_C_Real.ec::nth3_emb_tw	0d1867b64de2aead0533ca6a5721371d
cdrafts-split/WOTS_C_Real.ec::nth3_valid	2b4bed68858a1f3d4c7db01bd989e5f0
cdrafts-split/WOTS_C_Real.ec::nonvac_guard	fa6b3456580a1c18af021b67e0f14e0f
cdrafts-split/WOTS_C_Real.ec::emb_off_range	1f285edbef595a11b5eb7afb6a8902d3
cdrafts-split/WOTS_C_Real.ec::emb_disj_concrete	b0dc35a2c693a7a8e77fe1344ee684b9
cdrafts-split/WOTS_C_Real.ec::emb_in0_size	986210d1f66be62a5b77bb181cf865e0
cdrafts-split/WOTS_C_Real.ec::emb_in1_size	37511401fb2982114c394e64726443d3
cdrafts-split/WOTS_C_Real.ec::emb_in01_distinct_members	3b109959845eb76f660da8b9ae908c88
cdrafts-split/WOTS_C_Real.ec::emb_in0_inj	48726472e3c3908e1acb1e46d31eb4cf
cdrafts-split/WOTS_C_Real.ec::predC_iff_sum	19d897c8abb99075b7ef2c7eaff99203
cdrafts-split/WOTS_C_Real.ec::encode_msgWOTS_C_compat	4826796705a478679a4dfb48836a25c7
cdrafts-split/WOTS_C_Real.ec::targetSumReachable	9b2a16b88b9e4d7dba460a86789726c2
cdrafts-split/WOTS_C_Real.ec::wotsc_grind_targets_predC	c81f8d3cef40270e06717bb569cc7972
cdrafts-split/WOTS_C_Real.ec::O_STCRC_query_ll	8c340d00f966b328310abe27b298ff06
cdrafts-split/WOTS_C_Real.ec::O_THFC_query_ll	325182b5618347a5d72137c49b440cbc
cdrafts-split/WOTS_C_Scheme.ec::sign_counter_predC	f21601972ab26d32a68e81344ec4ded2
cdrafts-split/WOTS_C_Scheme.ec::pkfs_ll	c449e1d5511371bca13b1424a9cf20a4
cdrafts-split/WOTS_C_Scheme.ec::keygenR_ll	8f80b6a006e3583117564945d05e8014
cdrafts-split/WOTS_C_Scheme.ec::WOTS_C_ES_keygen_ll	a18b7335c85005b962125b3f74cecd88
cdrafts-split/WOTS_C_Scheme.ec::WOTS_C_ES_sign_ll	a1a444f5a9442b33710b29283a5ceadc
cdrafts-split/WOTS_C_Scheme.ec::O_MEUFGCMA_WOTSC_query_ll	587a6f8ce377ca126b214a9eb79162f7
cdrafts-split/XMSSMT_C_Scheme.ec::gen_skWOTS_h	6fdd960ea04a1601c4f3a8806669020f
cdrafts-split/XMSSMT_C_Scheme.ec::pkWOTS_from_skWOTS_h	6a1fd928c6ed152f55d9838a741246a6
cdrafts-split/XMSSMT_C_Scheme.ec::wotsc_sign_h	ae0503d6127d9c58e58f570352c1e13e
cdrafts-split/XMSSMT_C_Scheme.ec::leaves_h	2d93b7eb22b795a6eb0060c735789f63
cdrafts-split/XMSSMT_C_Scheme.ec::sign_size_d	f19a5785717ccf949153dcdc3a7ac4d5
cdrafts-split/XMSSMT_C_Scheme.ec::gen_skWOTS_ll	1f2e429732e8871486cfe43817b50a3a
cdrafts-split/XMSSMT_C_Scheme.ec::pkWOTS_from_skWOTS_ll	76b49e6e45ded68d855bee5df13734a1
cdrafts-split/XMSSMT_C_Scheme.ec::leaves_ll	0d9e0fc7ec2ea0b8bfd0860f8a3374b5
cdrafts-split/XMSSMT_C_Scheme.ec::sign_ll	f6468898c96b0e055d767605099b3dff
cdrafts-split/WOTS_C_Reduction.ec::sign_ctr	5d1600b587a1b398ef1ad0c7e4d94928
cdrafts-split/WOTS_C_Reduction.ec::keygen_eq	aff602f05c38c62668e51bdc65bc9ad1
cdrafts-split/WOTS_C_Reduction.ec::sign_eq	ffd4c23bc7e93d752b75ae06a50fc5ad
cdrafts-split/WOTS_C_Reduction.ec::keygen_sk	2898821f88880cc8e2bf7b6fc48aba19
cdrafts-split/WOTS_C_Reduction.ec::keygen_ad	37a89bf34859ef78692dfd7b48e790f9
cdrafts-split/WOTS_C_Reduction.ec::keygen_eqad	1633390c2954b3b1d934be5b0bd4e60d
cdrafts-split/WOTS_C_Reduction.ec::keygen_eqs	4ac871721571ed3e9c5e54c646fd9c77
cdrafts-split/WOTS_C_Reduction.ec::sign_eqs	8bc17801da6d78ed6bf80e8322c442aa
cdrafts-split/WOTS_C_Reduction.ec::sign_ctr2	5e8cfc2583558ddebcb7b83b0629b7b3
cdrafts-split/WOTS_C_Reduction.ec::sign_eqs2	6b8f3275189c07aecbdea1dbb845b0a5
cdrafts-split/WOTS_C_Reduction.ec::grindC_E	2c18e2fe5c72c6615a652cb81a3d0906
cdrafts-split/WOTS_C_Reduction.ec::verify_ll	75bab08214064e89ebe225940af19faa
cdrafts-split/WOTS_C_Reduction.ec::WOTSC_C2_reduce	d931abc8a24d745bc4a7e844444cf563
cdrafts-split/WOTS_C_Reduction.ec::WOTSC_C2_hop1	0fa79ed49677e7f05c623914d2118648
cdrafts-split/WOTS_C_Reduction.ec::grindC_filter	63e4ada51b65670f3df03479c7dfe257
cdrafts-split/WOTS_C_Reduction.ec::keygenC_TW	2dd10242adb1f8799439ec85825fa568
cdrafts-split/WOTS_C_Reduction.ec::keygenTW_sk	2140ec3877eccbd6be97529ed455a889
cdrafts-split/WOTS_C_Reduction.ec::keygenC_TW_s	4547704164a2ab588c52635fe5048c3f
cdrafts-split/WOTS_C_Reduction.ec::signC_TW	b08dfec320197f3906eb322488958aa4
cdrafts-split/WOTS_C_Reduction.ec::verifyC_TW	f3774877608799b79450112663934b19
cdrafts-split/WOTS_C_Reduction.ec::verifyC_TW2	260f56f6716d62523b996c6c676b9606
cdrafts-split/WOTS_C_Reduction.ec::Rchoose_grind	a2455b3a2d488a1d58d22f96563982c1
cdrafts-split/WOTS_C_Reduction.ec::WOTSC_C2_hop2	79e7c973a25b88d405380d9dc5ab1bfe
cdrafts-split/WOTS_C_Reduction.ec::EUFNACMA_WOTSC_C2	d79ff9f99a2b4e7516a6ab4d130f8d76
cdrafts-split/WOTS_C_Multi.ec::uniq_wgpidxs_uniq	ea1cf34045e5924e1f869bc4feac92f8
cdrafts-split/WOTS_C_Multi.ec::disj_wgpidxs_disj_lists	dc0f9c13deb7c94bb0688c6a8e46da08
cdrafts-split/WOTS_C_Multi.ec::map_fst_targets	4d2355f00757e5d84ee4c6a30f3bf6af
cdrafts-split/WOTS_C_Multi.ec::D1_reduce	af7ea12376696fa97fa698a0a2641403
cdrafts-split/WOTS_C_Multi.ec::D1_hop1	79e8a2a30d3dba94ab94836cc1eb94b8
cdrafts-split/WOTS_C_Multi.ec::verifytw_ll	4310318764cd93d0d18aafc7be9efcdb
cdrafts-split/WOTS_C_Multi.ec::D1_hop2	2a4e9d0931341b8cfb7ee80eb16ab8b5
cdrafts-split/WOTS_C_Multi.ec::D1_MEUFNACMA_WOTSC	ae741b7f679929720a883fbc815f9bcf
cdrafts-split/WOTS_C_Interactive.ec::ThC_member	c4f3ba97cd9417bd474e7b5e48123246
cdrafts-split/WOTS_C_Interactive.ec::ThC_member1	145ebce2f453f7aed145c87e6f03b55c
cdrafts-split/WOTS_C_Interactive.ec::ThC_members_distinct	94e6af67e309ba7be6c5bb48eed5d0a0
cdrafts-split/WOTS_C_Interactive.ec::ThC_same_member	11501505124ad6373ec0cd6aea1d6e4f
cdrafts-split/WOTS_C_Interactive.ec::ThC_coll_projects	d4140c1394eb01ebb54ee3e6cc2ebd7d
cdrafts-split/WOTS_C_Interactive.ec::ThC_genuine_2ndpreimage	f705d75c578c0cf09cc948de20d5eec4
cdrafts-split/WOTS_C_Interactive.ec::S_TCR_C_Int_win_2ndpreimage	63de28e21e377dd060d635a113d0d29a
cdrafts-split/WOTS_C_Interactive.ec::S_TCR_C_Int_win_implies_SMDTTCRC	ad4456d137a5674ecd342c4749bf91ac
cdrafts-split/WOTS_C_Interactive.ec::R_ts_allvalid_FC	2772cd744dd766edecf1530989e0d6a0
cdrafts-split/WOTS_C_Interactive.ec::emb_targets_disj_core	9c99c6472172de9f2be21d315bc88839
cdrafts-split/WOTS_C_Interactive.ec::axis1_chainwalk_cond	c194e4c9d3af4a09ec40ce0b293843e0
cdrafts-split/WOTS_C_Interactive.ec::disj_lists_discharged	7cf1918787ee73562fa03d6560d85c30
cdrafts-split/WOTS_C_Interactive.ec::wgp_embv	a9902eb61012096f7303eceec45d866b
cdrafts-split/WOTS_C_Interactive.ec::hembinj_repaired	c751a18ef582f27f7adcf61ca1d5bdfe
cdrafts-split/WOTS_C_Interactive.ec::emb_dist_valid	8abd4cf0ad1359003cdda59ba9848d34
cdrafts-split/WOTS_C_Interactive.ec::allvalid_map_fst	4df6cf8f241ecfd54ec31ecea9dcc30c
cdrafts-split/WOTS_C_Interactive.ec::allvalid_satisfiable_nonempty	6a4557875232cb8d9c2c057bd9d4886e
cdrafts-split/WOTS_C_Interactive.ec::emb_dist_conclusion_falsifiable	d8919d58687e4e29bc11ca9f4adb5a4a
cdrafts-split/WOTS_C_Interactive.ec::interactive_success_transfer	c2fe93293aea091a163176424b89c364
cdrafts-split/WOTS_C_Interactive.ec::query_eq	97679a66852e604d55c8a589932160c1
cdrafts-split/WOTS_C_Interactive.ec::choose_ii	5778d8c61e7b29061c71512ea7198dcb
cdrafts-split/WOTS_C_Interactive.ec::forge_eq	8a70af73fcbf3b2f0f7884c799cf68fc
cdrafts-split/WOTS_C_Interactive.ec::interactive_hop1_reduce	b09c0482cb7a66e0dc21e230030cd3c8
cdrafts-split/WOTS_C_Interactive.ec::interactive_hop1	80b027f6fc81a7c48faf5cbfb443732e
cdrafts-split/WOTS_C_Interactive.ec::nonvac_break_loadbearing	5b619ac2f66efea69696bf5087e43431
cdrafts-split/WOTS_C_Interactive.ec::nonvac_target_unopened	8868e1c96990ef6c3436d654724f326a
cdrafts-split/WOTS_C_Interactive.ec::nonvac_disj_nonvacuous	f856904fcf00ccecc3556f9adc9187e9
cdrafts-split/WOTS_C_Interactive.ec::disj_wgpidxs_transfer	b50a36a4b169714fbe67f830acc91c40
cdrafts-split/WOTS_C_Interactive.ec::ThC_E	24d15ab936912866235f1a7d1584ff42
cdrafts-split/WOTS_C_Interactive.ec::grind_disj	668e4bef16948e3830b3eaed2481e8db
cdrafts-split/WOTS_C_Interactive.ec::query_eq_tw	bbbac0a56155745ce7c4095b8192f07a
cdrafts-split/WOTS_C_Interactive.ec::choose_tw	8f8b07ad29e1f1743df8b9003e6e634f
cdrafts-split/WOTS_C_Interactive.ec::forge_eq_tw	6f83499d6b8cb62db52abdab63e4bb0a
cdrafts-split/WOTS_C_Interactive.ec::verifytw_ll	4310318764cd93d0d18aafc7be9efcdb
cdrafts-split/WOTS_C_Interactive.ec::interactive_hop2	2cb237bb8a031c292dfd47fd68391a67
cdrafts-split/WOTS_C_Interactive.ec::interactive_D1	59b3b0c0c73a43a514daebaa7ea0b96e
cdrafts-split/WOTS_C_Interactive.ec::member_sep_disj	6a06e33d237d8c15a84a7fd3db63bf75
cdrafts-split/WOTS_C_Interactive.ec::members_in_thfc_set_neq_dfC	3964076ded4be00d6492d3555ffdd881
cdrafts-split/WOTS_C_Interactive.ec::member_aware_disj_discharged	b1eb0ff3a83dc989d291e919dd70e145
cdrafts-split/WOTS_C_Interactive.ec::S_TCR_C_Int_MA_win_implies_2ndpreimage	6e53db026febcfb6aacc5baad116ce9e
cdrafts-split/WOTS_C_Interactive.ec::R_ts_allvalid	8841250ee7295dd2adf9fd77312b88d2
cdrafts-split/WOTS_C_Interactive.ec::interactive_success_transfer_MA	2aa0a8acf6a251c135ba9d3a10c83371
cdrafts-split/WOTS_C_Interactive.ec::query_eq_MA	0694036517c3a7d8520b86156dadf059
cdrafts-split/WOTS_C_Interactive.ec::choose_ii_MA	5c4a32797a172561f5dfafd883526792
cdrafts-split/WOTS_C_Interactive.ec::forge_eq_MA	271bb80dee3df37bdfdda776bb4346a8
cdrafts-split/WOTS_C_Interactive.ec::interactive_hop1_reduce_MA	d973b4ecdbcd9f5e93dff389bf295ba4
cdrafts-split/WOTS_C_Interactive.ec::interactive_hop1_MA	010aeb9cd28fd5587f6485cb916ad043
cdrafts-split/WOTS_C_Interactive.ec::interactive_D1_MA	5c781bfdc888dc18f65b6e778882239e
cdrafts-split/WOTS_C_Interactive.ec::owrap_chainwalk_member8n	d33c08dcd1a9b66eb5ea995ee2cdab5a
cdrafts-split/XmssmtCC_All.ec::pkWOTS_from_skWOTS_nprf_h	eed08e2684225c1b6b2e32322f27cb43
cdrafts-split/XmssmtCC_All.ec::pkWOTS_from_skWOTS_nprf_ll	9148e0acf204e16e1efca574f35723e5
cdrafts-split/XmssmtCC_All.ec::leaves_sklpsad_h	8e6e5ddb8fe96f5522748b7e13d50861
cdrafts-split/XmssmtCC_All.ec::leaves_sklpsad_ll	35366c5b2f94a298cc9f0cf60ba61c26
cdrafts-split/XmssmtCC_All.ec::nprf_sign_size_d	04e97e0d17a7812ee62caf76e9b6c593
cdrafts-split/XmssmtCC_All.ec::nprf_sign_ll	82a0669d9cd65c7ea5306742bf091fe8
cdrafts-split/XmssmtCC_All.ec::pkfromsigC_verify_eq	aae0225fb49340f01eb75821aef03fe8
cdrafts-split/XmssmtCC_All.ec::all_idfun_nth	bcffa8d768c35b17870aa1bcff690150
cdrafts-split/XmssmtCC_All.ec::all_idfun_rcons	7bfc3ad4664bc04bfe8aba50b270df5d
cdrafts-split/XmssmtCC_All.ec::pkfsc_self_eq	eea7bb1cd5515661eca32a05242fdde5
cdrafts-split/XmssmtCC_All.ec::root_from_sigC_okl_eq	229a461a119c22beb934ec56894d4e55
cdrafts-split/XmssmtCC_All.ec::pkfsc_okC_post	67383bc23f16c1ce9cbc15ad8b79fa15
cdrafts-split/XmssmtCC_All.ec::root_from_sigC_tri_eq	81a8410c21eb9ab655e45161d57348a5
cdrafts-split/XmssmtCC_All.ec::root_from_sigC_okl_tri_char	aad598cc2995e269252b465a0a48d79f
cdrafts-split/XmssmtCC_All.ec::okC_select	038ef59514c2014e8901be30912ef001
cdrafts-split/XmssmtCC_All.ec::okC_ghost	5480350efe7867313cfa31d69eae04fe
cdrafts-split/XmssmtCC_All.ec::size_pkco_input	afafb702bc43076fae11273c1a44f50f
cdrafts-split/XmssmtCC_All.ec::size_trh_input	749cb5a6475f5dc081757a6d71f7a8e1
cdrafts-split/XmssmtCC_All.ec::othfcma_query_neq	6e319c722d95834aab8357553d3ee1d7
cdrafts-split/XmssmtCC_All.ec::owrap_query_neq_dfC	069b28bd5f740d323c26dcc7e31a0236
cdrafts-split/XmssmtCC_All.ec::R_leaf_C_A_wf_MA	8e34e9cf465d78084ad93b9603238a02
cdrafts-split/XmssmtCC_All.ec::A_ht_dfC_breaks_wf	d1b861176354d9e0f9fe253ac7a3f23f
cdrafts-split/XmssmtCC_All.ec::leaf_reduction_MEUFGCMAWOTSC_bound	bd75cbf30436d3a46707066c0c5e65ba
cdrafts-split/XmssmtCC_All.ec::Eqv_O_MEUFGCMA_WOTSC_query_Orig_V	948039bf2bed9efa58fcbb3c1fafb388
cdrafts-split/XmssmtCC_All.ec::EqPr_MEUFGCMAWOTSC_Orig_V	3bd49e8fcf8157597ddde5b79796c2f5
cdrafts-split/XmssmtCC_All.ec::seam_branch1_WOTSC	501260addb2c35529738cb17392553d7
cdrafts-split/XmssmtCC_All.ec::seam_branch1_leaf_composed	a43a1fb04385e4b6570f1f18dd78ba21
cdrafts-split/XmssmtCC_All.ec::find_inrange_iff_validWOTSTWES	431bfa62eb716489715a45378edea9c1
cdrafts-split/XmssmtCC_All.ec::Eqv_EUFNAGCMA_FLSLXMSSMTTWCESNPRF_C_V	d7613e21af10ab73807dd6c3add9fbb4
cdrafts-split/XmssmtCC_All.ec::Eqv_EUFNAGCMA_FLSLXMSSMTTWCESNPRF_Orig_C	d9ce84914b2e221899d8e3f58f6c1cbf
cdrafts-split/XmssmtCC_All.ec::EqPr_EUFNAGCMA_FLSLXMSSMTTWCESNPRF_Orig_V	beba0e3f118565c525a5731b7d9cd6ca
cdrafts-split/XmssmtCC_All.ec::seam_branch1_lifted_to_REAL	671a28c84656772fc7eab80fde610ca2
cdrafts-split/XmssmtCC_All.ec::ht_sigcE	28c0db891c464e9f7f849625644d6183
cdrafts-split/XmssmtCC_All.ec::ht_root_rcons_lt	5a707ef58d08c1f659f9fedf0fdae758
cdrafts-split/XmssmtCC_All.ec::ht_root_rcons_eq	0d3f1f4f49c03f16d8c94ff65ee9d9e5
cdrafts-split/XmssmtCC_All.ec::ht_sigc_rcons_lt	86052f24b6fb12b332a48be20b63d348
cdrafts-split/XmssmtCC_All.ec::ht_sigc_rcons_eq	fc8ffb778fd7650c3262b9795ae9fbf5
cdrafts-split/XmssmtCC_All.ec::ht_sigcube_transitivity	bb4bd6a9e7ac36637ee69219ee5f7f4e
cdrafts-split/XmssmtCC_All.ec::eq_mkseq_of_nth	bf3af0946913d4095437e2d97c632215
cdrafts-split/XmssmtCC_All.ec::ht_telescope_contra	48132ad7495119e19e40e4ffde52f03a
cdrafts-split/XmssmtCC_All.ec::seam_branch2_trh	302024962b697bc3f720d6c6a1b53bd4
cdrafts-split/XmssmtCC_All.ec::seam_branch2	ab20057729ac4748b3028079f5af0997
cdrafts-split/XmssmtCC_All.ec::EUFNAGCMA_FLSLXMSSMTTWCESNPRF	a724c60e7a94145839c918953ba4d255
cdrafts-split/XmssmtCC_All.ec::EUFNAGCMA_FLSLXMSSMTTWCESNPRF_Unfolded	eb8e2ccc24c1a76d39ac9b8d134cdf62
cdrafts-split/XmssmtCC_All.ec::size_trco_input	0d2f7c7ce570ba2b5b2795f4491b6d04
cdrafts-split/XmssmtCC_All.ec::mem4_neq_dfC	a82a43f568d570af58a11bdb8d76b701
cdrafts-split/XmssmtCC_All.ec::all_in_thfc4_neq_dfC	6bbfc5c3cabe38d33381fa8c4d483313
cdrafts-split/XmssmtCC_All.ec::member_aware_disj_discharged_4	c42ef8cb157c98b509062c45de4e948a
cdrafts-split/XmssmtCC_All.ec::mem4_f	54d6301d77ba18ef1a0aa6e627bd99d9
cdrafts-split/XmssmtCC_All.ec::mem4_pkco	7cc27c289367e9f03bfa1337bf96486f
cdrafts-split/XmssmtCC_All.ec::mem4_trh	8214d3c4b81f5e6066e09576021dcc83
cdrafts-split/XmssmtCC_All.ec::mem4_trco	d094cb95105b0ba5b93398395874f955
cdrafts-split/XmssmtCC_All.ec::in_thfc4P	d987d555a1ea35a7c603459a87fd3607
cdrafts-split/XmssmtCC_All.ec::in_thfc4_dgst	d70116fc7a4dc7a25bf4b525999e86e2
cdrafts-split/XmssmtCC_All.ec::othfcma_query_mem4	a651c56f9b6fb1a7052df43f52895956
cdrafts-split/XmssmtCC_All.ec::owrap_query_mem4	557e5295670636abb675387f06342c7a
cdrafts-split/XmssmtCC_All.ec::R_leaf_C_members4	8f72575a089580873b5009d712b6816d
cdrafts-split/XmssmtCC_All.ec::R_leaf_C_A_wf_MA_members4	277f8ea41e5ddc7cd28fe4263272c352
cdrafts-split/XmssmtCC_All.ec::leaf_reduction_MEUFGCMAWOTSC_bound_members4	6907c99659b37842efdaa3d3f6e8b4e4
cdrafts-split/XmssmtCC_All.ec::A_ht_dfC_breaks_members4	70962cc8629ea14d839f917fa76ba78d
cdrafts-split/XmssmtCC_All.ec::size_trco_witness	012ed2b80282781993eb565b65b94ada
cdrafts-split/XmssmtCC_All.ec::A_ht_trco_sat_members4	e3d8828921075a375517141939fe40f5
cdrafts-split/XmssmtCC_All.ec::A_ht_trco_breaks_members3	201731c16787d77d72fd0cf43787da33
cdrafts-split/XmssmtCC_All.ec::R_top_members4	6a19ec2063cc71fd2ed03b827a23e415
cdrafts-split/XmssmtCC_All.ec::leaf_reduction_MEUFGCMAWOTSC_bound_Rtop	d30fc8b9d19c4bf06be3b73b8a25c1d8
cdrafts-split/XmssmtCC_All.ec::R_top_OC_leak_breaks_members4	ef006598c036487e8efb115317719987
cdrafts-split/XmssmtCC_All.ec::R_leaf_C_members4_Rtop	979b945b147de3e7cf7c4ea5c580efc4
cdrafts-split/XmssmtCC_All.ec::R_leaf_C_A_wf_MA_members4_Rtop	1b97336ca2f3608fb59685ae226638b6
cdrafts-split/XmssmtCC_All.ec::R_top_members4_Ftriv	1649cbf36499ef245110b0fd752a4133
cdrafts-split/XmssmtCC_All.ec::fors_adrstypes_ne	6a8bf6bf6e6a57bc8566df38a4855237
cdrafts-split/XmssmtCC_All.ec::validxsadz	c1c4ef5230f9c85f59b65b4d3cf0f2cf
cdrafts-split/XmssmtCC_All.ec::valadz	facaf3e068888cb65c72bb9302753f92
cdrafts-split/XmssmtCC_All.ec::gettype_site_fors	568f3992e6d03ba5b8e844fcf63c3f60
cdrafts-split/XmssmtCC_All.ec::gettype_site_trco	51ee24af08c490be673156984dea6bc9
cdrafts-split/XmssmtCC_All.ec::nr_nodesf0	541afcd0bac9bee7c156ce7d9fe5fb26
cdrafts-split/XmssmtCC_All.ec::valid_tbfidx_cube	1d564a7869b73d5d8752abc58c10117d
cdrafts-split/XmssmtCC_All.ec::othfc_fc_query_ntype	bb75baf019e8c019e1ee63383c482630
cdrafts-split/XmssmtCC_All.ec::R_top_allnchads	48e10af98e26cb1f318348a7ab8ed1d0
cdrafts-split/XmssmtCC_All.ec::opkcowrap_query_ntype	55996c3794886a371bc49339143a8165
cdrafts-split/XmssmtCC_All.ec::R_top_allnpkcoads	db1f3f0c7ca975bfdc40b14e4c17874f
cdrafts-split/XmssmtCC_All.ec::otrhwrap_query_ntype	472f6dbc0fddaa56f104c3635d2d6c9a
cdrafts-split/XmssmtCC_All.ec::R_top_allntrhads	12fc391920844ac07cbbc72466f524bd
cdrafts-split/XmssmtCC_All.ec::R_top_A_wf_ht	90c1f2599e3028319935c44e7bedba4a
cdrafts-split/XmssmtCC_All.ec::R_top_allnchads_Ftriv	ce5fcd9b6b49856a90aba5d7df813329
cdrafts-split/XmssmtCC_All.ec::R_top_allnpkcoads_Ftriv	8a50780047764ce6772f108836153f74
cdrafts-split/XmssmtCC_All.ec::R_top_allntrhads_Ftriv	1c139ab82d955876be23610f8f96f4a7
cdrafts-split/XmssmtCC_All.ec::R_top_A_wf_ht_Ftriv	16748dac00b89a1555bec6008ff44c49
cdrafts-split/RtopCSoundness.ec::Eqv_Orig_RV_C	68ba3bd74782b64b17ecb7def7a37b2c
cdrafts-split/RtopCSoundness.ec::keygenC_eq_simple	4111848681c205ca915cf08d0afcd5f2
cdrafts-split/RtopCSoundness.ec::keygenC_pkin	6b7f2da21380d2c5a75c80f63f18eb62
cdrafts-split/RtopCSoundness.ec::keygenC_eq	5fd26792909130150a89392c46499ea7
cdrafts-split/RtopCSoundness.ec::keygenC_pksk	74cfae599349f9d3c922ddea89555b80
cdrafts-split/RtopCSoundness.ec::keygenC_eq2	fa759d0b4b624ed33cfd949338fe39e3
cdrafts-split/RtopCSoundness.ec::pkwots_cf_h	13860a0fc3530f7f6e9fd766c4ecafe9
cdrafts-split/RtopCSoundness.ec::wotsc_sign_cf_h	2f66444b869875ef3397cf7e3036ad38
cdrafts-split/RtopCSoundness.ec::leaves_cf_h	749994a7c50eba3578d0ea608e8a318e
cdrafts-split/RtopCSoundness.ec::nprf_sign_cf_h	3fe2d95689de3042445fcc28eb3c1a2c
cdrafts-split/RtopCSoundness.ec::nprf_sign_cf	ceca5ad2c3e60572fed5e99a13071b6c
cdrafts-split/RtopCSoundness.ec::pkfnt_flatten_val	7e082797efb4dc95ada1404dd1ef9626
cdrafts-split/RtopCSoundness.ec::genleaves_cf_h	05c84ef80da6d1f75f4f1c91f44fe7ac
cdrafts-split/RtopCSoundness.ec::genpkfors_cf_h	e6557a1724ed9ba32a7f892fbf2e5479
cdrafts-split/RtopCSoundness.ec::genleaves_ll	8c6bb20296af0951e7a1dac739509db2
cdrafts-split/RtopCSoundness.ec::genpkfors_ll	f18e512b187376b5f50a2953002aa5d4
cdrafts-split/RtopCSoundness.ec::genpkfors_cf	b127e4430e34213a0cc6a07de7ac6a45
cdrafts-split/RtopCSoundness.ec::genpkfors_flatten	2d716655c9a71efe2da32e4974afd7e3
cdrafts-split/RtopCSoundness.ec::LeqPr_VF_C	9d27970b39ea3a66ba3663b4b71721ff
cdrafts-split/RtopCSoundness.ec::R_top_C_members4	2804b6c18755b53436a34917df2d563e
cdrafts-split/RtopCSoundness.ec::R_top_C_allnchads	00d82060611dcaee9383454b2e17375f
cdrafts-split/RtopCSoundness.ec::R_top_C_allnpkcoads	c451743f8297320f4c063620ff2ddac9
cdrafts-split/RtopCSoundness.ec::R_top_C_allntrhads	ae160a84f25729938899e53e762f3b7e
cdrafts-split/RtopCSoundness.ec::R_top_C_A_wf_ht	9fc8721e1c1a99c6abdab99bde61aa55
cdrafts-split/RtopCSoundness.ec::qeq	88d0479a6c404956670db0873c2e5799
cdrafts-split/RtopCSoundness.ec::choose_eq_C	a56119591c1e9817b4867cfb3654df7f
cdrafts-split/RtopCSoundness.ec::oracle_clone_hop_C	fb7edfca449346162ef6f401c02fc699
cdrafts-split/FxChain.ec::fors_genleaves_closed	566d531aae955de0164ac01983e62a75
cdrafts-split/FxChain.ec::fors_leaves_ll	72b5194f7906ca0a02cff1e57f84b155
cdrafts-split/FxChain.ec::fors_lfidx_bound	09e68d5f355b0488a12dde77635a06a5
cdrafts-split/FxChain.ec::fors_sign_trace	ec97a2b01988356cfa70a63307e9d233
cdrafts-split/FxChain.ec::fors_sign_ll	c745f482c1de10a93e018ef53cbf2416
cdrafts-split/FxChain.ec::fors_sign_seed_cf	2b78bcf55460ab58ee4fecf77cd83407
cdrafts-split/FxChain.ec::genpk_seed_cf_h	98c6d623f6bcc6aa6279495f56b32f9b
cdrafts-split/FxChain.ec::fors_genpk_ll	45fb1812cd1f19f25740c9f96d290536
cdrafts-split/FxChain.ec::genpk_seed_cf	f97db2b9103d1a604d91df0f7bdf50a1
cdrafts-split/FxChain.ec::genleaves_cube_cf_h	43815d487ebce08fa1e7571263fab4d9
cdrafts-split/FxChain.ec::genleaves_cube_ll	934e6d99c589d6faaba12c2839208ed8
cdrafts-split/FxChain.ec::fors_sign_cube_trace	36ad1ba78009ee544104e7f2652eb111
cdrafts-split/FxChain.ec::fors_sign_cube_ll	7c90d453a7dd2370e427e94e41fd71e2
cdrafts-split/FxChain.ec::fors_sign_cube_cf	032e80a50eca8a2f16967d5a47bc09cf
cdrafts-split/FxChain.ec::genpkfors_cf_h	82f2f976fa928d8e6ffb52110364303f
cdrafts-split/FxChain.ec::genpkfors_ll	f18e512b187376b5f50a2953002aa5d4
cdrafts-split/FxChain.ec::genpkfors_cf	2812f385192296ff8e329f8a44cc01c9
cdrafts-split/FxChain.ec::genskwots_cf_h	780b04a265bcccc3d180230620c8330d
cdrafts-split/FxChain.ec::pkwots_es_cf_h	9a8b2022ef8b36b5989a21e78411b56c
cdrafts-split/FxChain.ec::pkwots_cube_cf_h	263a97e1554f90b12bc754ba0eb66bb9
cdrafts-split/FxChain.ec::wotsc_sign_cf_h	2f66444b869875ef3397cf7e3036ad38
cdrafts-split/FxChain.ec::leaves_sspsad_cf_h	e11e174103980024158380be02ac776e
cdrafts-split/FxChain.ec::leaves_sspsad_cf	c07ae2c23cd659adf0aa0e41c78fc873
cdrafts-split/FxChain.ec::htsign_seed_cf_h	297d457dfcfb77192d0e9c50eeeed832
cdrafts-split/FxChain.ec::htsign_seed_cf	87a0eb1c9e3509b640997dff0820de64
cdrafts-split/FxChain.ec::leaves_cube_cf_h	f8cb5df8a093e899d142a9607248d9bd
cdrafts-split/FxChain.ec::leaves_cube_cf	c2b476f5c7eb7c132c7b7abd3dc8c7c8
cdrafts-split/FxChain.ec::nprf_sign_cf_h	8ad3103fcbc72bd0ee547c2a6989a5f0
cdrafts-split/FxChain.ec::nprf_sign_cf	df3b1d534cac9f0d948ff589f11f535b
cdrafts-split/FxChain.ec::pow_l	c301bb7d83d15f3f3f79d224b586e3de
cdrafts-split/FxChain.ec::pow_lS	950811dae7780c620d2470fc2d399b5f
cdrafts-split/FxChain.ec::fidx_tree_bound	743ece426cf36c091e278be8a053f70d
cdrafts-split/FxChain.ec::fidx_tidx_bound	e7ee61aba526d8f5bfbe89d1aaf15e6c
cdrafts-split/FxChain.ec::fidx_kpidx_bound	362a19d9ec862cf8d7f83c1bc23a40ac
cdrafts-split/FxChain.ec::fors_leaves_s_eq_c	2f5a44fe80a19b86958cd09aefa88ab1
cdrafts-split/FxChain.ec::fors_sig_op_s_eq_c	1724a905ba6bc4a1df940fbb5b5fa776
cdrafts-split/FxChain.ec::tree_leaves_s_eq_c	353cd3433e4949433cc22d162b6929e3
cdrafts-split/FxChain.ec::rt_cf_s_eq_c	0a3c86b6c7bca12163916bd4b145478d
cdrafts-split/FxChain.ec::sig_cf_elem_s_eq_c	64d0655b556c5fe3bbf746ee87689759
cdrafts-split/FxChain.ec::ap_cf_elem_s_eq_c	530cc39bf683fa3574c3b718e71bf6d3
cdrafts-split/FxChain.ec::nr_trees0_l	5ed70b7a4adef71a4ab415b02489f4c6
cdrafts-split/FxChain.ec::edivz_pair	0b325da3cc2e079886f72eeaf5def74c
cdrafts-split/FxChain.ec::edivz_tidx_bound	ba0022809422b40a59dbdd6f507a166a
cdrafts-split/FxChain.ec::edivz_kpidx_bound	ca8cded4da5db022106a4f35b0603506
cdrafts-split/FxChain.ec::Eqv_C10_sign_FSbody	567ceba473b2fd385ef7ba6738844bbc
cdrafts-split/FxChain.ec::Eqv_OsignC10_Default_FS	1a2e7b6b4f74417e79156f4d94b36362
cdrafts-split/FxChain.ec::Eqv_EUFCMA_C10_FSPRFPRFC	4444c3a2359953bd77535c3a1391ed25
cdrafts-split/FxChain.ec::Pr_EUFCMA_C10_FSPRFPRFC	e890ac9370d46f0a5727b3804d36565a
cdrafts-split/FxChain.ec::EqPr_SKGPRF_C_false	7529def96a03f55c7adbc14347ab51d4
cdrafts-split/FxChain.ec::skgprf_mul_lt	29f6c635283f4abab0910d0e5b9bf4f1
cdrafts-split/FxChain.ec::EqPr_SKGPRF_C_true	aa2932025257bf7ffbbc0517dd62ad35
cdrafts-split/FxChain.ec::SKGPRF_C_hop	b15276fd631d0c9f73576ad882da6d2d
cdrafts-split/FxChain.ec::leaves_eq	b0a0d868218339f9f46c3b990b8baab7
cdrafts-split/FxChain.ec::forssign_eq	91162608410a660023f27f826daa1cc8
cdrafts-split/FxChain.ec::genpkfors_eq	b741e700cc139b9751e643feb7827406
cdrafts-split/FxChain.ec::htsign_eq	3b4293cf56f4045ce58b36f28f4fe412
cdrafts-split/FxChain.ec::forspk_from_sig_eq	035887b745e40ac5040f40804a7d06b0
cdrafts-split/FxChain.ec::rootfromsigc_eq	0257e7bfea19745024eef5103e4be08d
cdrafts-split/FxChain.ec::Eqv_NPRFPRF_V_C	d94b80b7ac4250d626d9e527e9e776df
cdrafts-split/FxChain.ec::hop4_musplit	e51c1538bb0a0494d8e64c9b682524b4
cdrafts-split/FORS_C10.ec::query_targets_good	c3b912e4e74d853f4b4997af592c9357
cdrafts-split/FORS_C10.ec::query_ll	98c6e9db8752779b897fefc9d9087150
cdrafts-split/FORS_C10.ec::good_exists	c41e18886c2c8a73fec6c934e6eeef8c
cdrafts-split/FORS_C10.ec::hC_size	8e026acd82efa3b95bc0cec897b3f7db
cdrafts-split/FORS_C10.ec::hC_nonempty	5df2fdf82ce44e1130f8e6252525c231
cdrafts-split/FORS_C10.ec::hC_trees_uniq	b9fd81ef33a6487704e6b0793fd13188
cdrafts-split/FORS_C10.ec::ITSRC10_le_noC_SAME_ORACLE	a5031aa5d819cd74657e085a45bc4a40
cdrafts-split/FORS_C10_Multi.ec::query_registers_exactly_one	a68043e80626dbca7ef0c38c51431d02
cdrafts-split/FORS_C10_Multi.ec::eufcma_mforsc10_I_eq	95eebb39c9bd75707dd72a14e087412f
cdrafts-split/FORS_C10_Multi.ec::ITSRC10_hop_M	5e4153d1920d2a68947ee8cc39dd7675
cdrafts-split/FORS_C10_Multi.ec::EUFCMA_MFORSC10	0cc97d7a47567ba24bb3673c7bc21c5f
cdrafts-split/GprocFORSC10.ec::ftw_size_g	0db67c526a593b15b44601c5792529ee
cdrafts-split/GprocFORSC10.ec::ftw_eqiks_g	a87a1c69b9e602ba9bafd791834dd59b
cdrafts-split/GprocFORSC10.ec::ftw_neqisvs_g	5dc241b1efdd45eb2e46941dc2f238f7
cdrafts-split/GprocFORSC10.ec::ftw_rng_g	299465786efbfe4e8aa61362f1d746bb
cdrafts-split/GprocFORSC10.ec::ftw_uniq_g	06e44e312ccf85908d62d6a1a066d46c
cdrafts-split/GprocFORSC10.ec::good_eq_good_fors_M	201de8d1fb52ea70da0d94e014840781
cdrafts-split/GprocFORSC10.ec::dcond_good_eq	ba6a8a7c2a9b59a26fec2294fa4c946f
cdrafts-split/GprocFORSC10.ec::keygen_eq	36964e0ab48cf79b5beb1d41191974c5
cdrafts-split/GprocFORSC10.ec::forsnprf_sign_eq	9a0ec75e82a31466f3239bf65a10ab8e
cdrafts-split/GprocFORSC10.ec::htsign_eq	3b4293cf56f4045ce58b36f28f4fe412
cdrafts-split/GprocFORSC10.ec::pkfromsig_ll	48a86a4e7d5f3c1926dad699ff554660
cdrafts-split/GprocFORSC10.ec::pkfromsig_eq	36f67cc55c313002156475a3d5b83d6e
cdrafts-split/GprocFORSC10.ec::eufcma_gproc_I_eq	5b927cd76298f8045436a36fe6a3ac43
cdrafts-split/GprocFORSC10.ec::ITSRC10_hop_Gproc	f79be2afeec17c1a1db0c41295351ddf
cdrafts-split/GprocFORSC10.ec::EUFCMA_Gproc	a0be8abdfb91c61c60b26f957b60f9ad
cdrafts-split/GprocFORSC10.ec::genpkfors_cf_named	d7db22117fa204f8072f4753d11b906e
cdrafts-split/GprocFORSC10.ec::tk_bounds	001dc4b5ecbf2565ef6f4cff4d2df5e9
cdrafts-split/GprocFORSC10.ec::pkwsigc_ll	71528f6e6f841a10e2f247e99a5df284
cdrafts-split/GprocFORSC10.ec::rootfromsigc_ll	5b9653388657cee96ad9107fc89dd064
cdrafts-split/GprocFORSC10.ec::LeqPr_VT_C_proc	9e84d75dfbe0ff8621b9b60d2c805936
cdrafts-split/FORS_C_TreePort.ec::brk_genuine_partition	f8cdcda14fc8561b6812ffd82c812e9e
cdrafts-split/FORS_C_TreePort.ec::trco_collision_core	72436d0a28a5b8d2d55b29f612d191d6
cdrafts-split/FORS_C_TreePort.ec::trco_residual_collision	ff943b520b7e910a08652f68dd0537ed
cdrafts-split/FORS_C_TreePort.ec::first_merge	93cefc99fb604779a0ca2ecae12bea71
cdrafts-split/FORS_C_TreePort.ec::trh_collision_core	0ea35b1ca419d57e1a3e3081c19d1613
cdrafts-split/FORS_C_TreePort.ec::trh_residual_collision	5197a2c4953bd02b34397f949cbde428
cdrafts-split/FORS_C_TreePort.ec::disj_nil	9da3d983e11a7fa51e583cc67ce7615c
cdrafts-split/FORS_C_TreePort.ec::trh_extract_wins	c759035e37cdd69d62c882c68db69aaf
cdrafts-split/FORS_C_TreePort.ec::record_digest_canonical	0c7eba1d87af62bbe52726e79c197609
cdrafts-split/SphincsC10CapstoneWired.ec::ftw_size_g	0db67c526a593b15b44601c5792529ee
cdrafts-split/SphincsC10CapstoneWired.ec::ftw_eqiks_g	a87a1c69b9e602ba9bafd791834dd59b
cdrafts-split/SphincsC10CapstoneWired.ec::ftw_neqisvs_g	5dc241b1efdd45eb2e46941dc2f238f7
cdrafts-split/SphincsC10CapstoneWired.ec::ftw_rng_g	299465786efbfe4e8aa61362f1d746bb
cdrafts-split/SphincsC10CapstoneWired.ec::ftw_uniq_g	06e44e312ccf85908d62d6a1a066d46c
cdrafts-split/SphincsC10CapstoneWired.ec::good_eq_good_fors	6b572cbf216fbf354328eb147b93c9c0
cdrafts-split/SphincsC10CapstoneWired.ec::EUFCMA_SPHINCS_PLUS_C10	9122ece59140feb9bc67a2ca626ab0f6
cdrafts-split/SphincsC10CapstoneWired.ec::capstone_emb_axis_premise_free	07e4562685e4532632ee52b2c9f79d9e
cdrafts-split/SphincsC10CapstoneWired.ec::capstone_real_premises_satisfiable	a70c725099e100096dd905e7aa4375cc
cdrafts-split/SphincsC10Content.ec::cw_sum_digitsum	fdb07ea2f62d7ba842ef4652dab561d3
cdrafts-split/SphincsC10Content.ec::N1_holds	4bab0dcc566c52bce5d826adfef264d2
cdrafts-split/SphincsC10Content.ec::constsum_encoding_is_two_encodings	cc95da27dcc5d4783b112cdb74dc9119
cdrafts-split/SphincsC10Content.ec::gate_passes_on_ground_counter	177218339a53302b557e34ac90389906
cdrafts-split/SphincsC10Content.ec::two_dgstblocks	cb09fd437873fd87076605c5adaf5b61
cdrafts-split/SphincsC10Content.ec::MODEL_N1_N2_nondegenerate	e949dbad9693ffe0d4b149c5b8876faf
cdrafts-split/SphincsC10Content.ec::MODEL_predC_strict_iff	cd58040f1fd9c85a1fb6e17f764da7e0
cdrafts-split/SphincsC10Content.ec::embg_size	ce65995657e63af55dc7d1e9906d856c
cdrafts-split/SphincsC10Content.ec::embg_len	e2bd1480e6668ddd63ea749f12edddb2
cdrafts-split/SphincsC10Content.ec::embg_inj	3abf3711bfa8593d0bc4f86c84226c7c
cdrafts-split/SphincsC10Content.ec::MODEL_emb_in_witness	622c4326855d0ce891430e5737a23cc6
cdrafts-split/SphincsC10Content.ec::MODEL_dfC_separations_at_port_params	d6dc1a750af39f62c9d698cbc32cbaff
cdrafts-split/SphincsC10Content.ec::MODEL_dfC_8np32_unsafe_at_n4	a306b2d54c124bf8cdb6d302aa0f5f6b
cdrafts-split/SphincsC10Content.ec::dmsgWOTS_join_pos	61f1203128e378ff684164dea98ab0a0
cdrafts-split/SphincsC10Content.ec::MODEL_JOINT_on_actual_globals	8e4a0b453d98c58bf052dc316384cdfd
cdrafts-split/SphincsC10Content.ec::EUFCMA_SPHINCS_PLUS_C10_CONTENTFUL	9677a8139ae8699aec1fb81e9ee91159
cdrafts-split/C10DeployedGeometry.ec::c10_admissible_n	351b5890b3048695d5cead449145a605
cdrafts-split/C10DeployedGeometry.ec::c10_admissible_log2w	5746dffee7f3ec32ecc867b813c42cdb
cdrafts-split/C10DeployedGeometry.ec::c10_admissible_len	90a3e96039dec6cd41ed19950729fce5
cdrafts-split/C10DeployedGeometry.ec::c10_pow8	7443b78aac9722abda49e36ab44245ca
cdrafts-split/C10DeployedGeometry.ec::c10_w_consistent	3e1c7601a3ef2bbd676a07d473e85084
cdrafts-split/C10DeployedGeometry.ec::c10_target_sum_in_range	4b081e2f0b78e62fa5a66f7b4ae75dfa
cdrafts-split/C10DeployedGeometry.ec::c10_codeword_space	348627112448222d6b3d67b4e6baa55b
cdrafts-split/C10DeployedGeometry.ec::c10_message_space	e8aa30769ee65bc1a5e530f95bcbe9ab
cdrafts-split/C10DeployedGeometry.ec::c10_codomain_exceeds_domain	3e981494094d08a64b68bd2dd34975b1
cdrafts-split/C10DeployedGeometry.ec::c10_codeword_space_not_covered	3b2802914db7613cca437846ccf3e50f
cdrafts-split/C10DeployedGeometry.ec::c10_width_129_not_8n	3ea42f0bb632dbeaa934bda0c78cf68e
cdrafts-split/C10DeployedGeometry.ec::c10_digest_width_model	c06342c849f7c37577c45d8611153750
cdrafts-split/C10DeployedGeometry.ec::c10_codeword_space_model	5d7f114f92db95d95cc1d8dec19e056a
cdrafts-split/C10DeployedGeometry.ec::c10_codomain_exceeds_domain_model	6cc9dcc459ea1fb71c2f74e282c994e8
cdrafts-split/C10DeployedGeometry.ec::c10_tie_n	29abd7007a04becc9e722485e1991dbd
cdrafts-split/C10DeployedGeometry.ec::c10_tie_len	9a2683407e305121ab560c0080f4e95c
cdrafts-split/C10DeployedGeometry.ec::c10_tie_w	fc733f13d03af76309a5c575488331da
cdrafts-split/C10DeployedGeometry.ec::c10_tie_w_def	f117b2b260ecf2a505d4c68cf07a634f
cdrafts-split/C10DeployedGeometry.ec::antichain_holds_for_any_encoder	860e128eb5bd012ae60bfdde7b02660f
cdrafts-split/C10DeployedGeometry.ec::c10_dfC_separations	be499c7b8c81c7aa7f6f15662f93a633
cdrafts-split/C10DeployedGeometry.ec::c10_dfC_separations_r32	d1027c2040b58028e57f8388c79b41a1
cdrafts-split/C10DeployedGeometry.ec::c10_dfC_separations_r256	78620d612c00e753e651ab97f73567bf
cdrafts-split/C10DeployedGeometry.ec::c10_width_256_is_8n_and_fits	e18af4deb95ccdfd2a4204a90ed7b4f7
cdrafts-split/GFailCharged.ec::interactive_hop2_charged	e83d17eb58217aad0593c6318b97f13e
cdrafts-split/GFailCharged.ec::interactive_hop2_charged_pr	6c326ca17e18e644397d32c5941025fa
cdrafts-split/GFailCharged.ec::interactive_D1_MA_charged	d92ab3e3458478a2cca978a1f3b1ed12
cdrafts-split/GFailCharged.ec::no_gfail_under_N2	63622cd990e13e32a4925e57aacfef77
cdrafts-split/GFailCharged.ec::gfail_zero_under_N2	ebacf7136ab05de0ea8bd420439172d6
cdrafts-split/GFailCharged.ec::interactive_D1_MA_from_charged	d2362692bb4562983036490b90a31899
cdrafts-split/XmssmtCCCharged.ec::leaf_reduction_MEUFGCMAWOTSC_bound_charged	d2345f5fb23b6a99912452fd2c1c6654
cdrafts-split/XmssmtCCCharged.ec::leaf_reduction_MEUFGCMAWOTSC_bound_from_charged	6318148dc84bf4e7f9cf14ecd51f2c6c
cdrafts-split/XmssmtCCCharged.ec::seam_branch1_leaf_composed_charged	f66826191e846f7f87026b30fd32001b
cdrafts-split/XmssmtCCCharged.ec::seam_branch1_lifted_to_REAL_charged	066eec4dd28ab4ca6755e6b6cfe060d4
cdrafts-split/XmssmtCCCharged.ec::EUFNAGCMA_FLSLXMSSMTTWCESNPRF_charged	42e85a8aaca567365d06774629a65a9d
cdrafts-split/XmssmtCCCharged.ec::leaf_reduction_MEUFGCMAWOTSC_bound_members4_charged	4661bb66fcb0f77eb5103c72f5ab2005
cdrafts-split/XmssmtCCCharged.ec::leaf_reduction_MEUFGCMAWOTSC_bound_Rtop_charged	4a93b4d5dc5837156aaeea7c46b80fb3
cdrafts-split/SphincsC10CapstoneCharged.ec::EUFCMA_SPHINCS_PLUS_C10_from_charged	1d280a35f23524cb111eae004bd37df4
cdrafts-split/C10DeployedInstance.ec::c10_admissible_n	351b5890b3048695d5cead449145a605
cdrafts-split/C10DeployedInstance.ec::c10_admissible_n_m	684db505b16c5f08a5dd6abe180b6226
cdrafts-split/C10DeployedInstance.ec::c10_admissible_log2w	5746dffee7f3ec32ecc867b813c42cdb
cdrafts-split/C10DeployedInstance.ec::c10_admissible_len	90a3e96039dec6cd41ed19950729fce5
cdrafts-split/C10DeployedInstance.ec::c10_deployed_parameters_are_admissible	8cedaba5cd187376352b2afb2734e9c3
cdrafts-split/C10DeployedInstance.ec::c10_pow8	7443b78aac9722abda49e36ab44245ca
cdrafts-split/C10DeployedInstance.ec::c10_codeword_space	348627112448222d6b3d67b4e6baa55b
cdrafts-split/C10DeployedInstance.ec::c10_message_digest_space	101b27a18e0dfd095824bbd58c43af8d
cdrafts-split/C10DeployedInstance.ec::c10_split_removes_the_width_obstruction	cdf993122b27c0f4a6b836f8442e9607
cdrafts-split/C10DeployedInstance.ec::c10_unsplit_fell_short	ae8e6c4f1f4d187947e1fd461afa599a
cdrafts-split/C10DeployedInstance.ec::c10_digitsum_range	9b6b828dc69b9fe3f49ba5e1d295ab64
cdrafts-split/C10DeployedInstance.ec::c10_target_sum_not_excluded_by_geometry	1dc602935c23ca3132cd93ecce31ae46
cdrafts-split/C10DeployedInstance.ec::c10_tie_n	372b974fffd6b9ec494a7ae228d11dda
cdrafts-split/C10DeployedInstance.ec::c10_tie_n_m	9260b195dfd59e6a6524539ce3f0a062
cdrafts-split/C10DeployedInstance.ec::c10_tie_log2w	58a84ac65055bd6e510ab9c6d7229f85
cdrafts-split/C10DeployedInstance.ec::c10_tie_len	ae200ccbd77e76d2cf84a680b2ef7814
cdrafts-split/C10DeployedInstance.ec::c10_tie_width_ok	d3f74890fe66d97a62660a3ce5005e69
cdrafts-split/C10DeployedInstance.ec::c10_tie_target_sum_in_range	c0d15a31af49e1165f475513e4858b3f
cdrafts-split/C10DeployedInstance.ec::c10_witness_digits_in_range	ed2db0b9f0f3a904e0b7035f37229a1d
cdrafts-split/C10DeployedInstance.ec::c10_witness_digits_sum	ff95904e3a0c65605b4073defa6a56d0
cdrafts-split/C10DeployedInstance.ec::c10_target_sum_attained	2758c488d6c83ffab95748841ceb2ed3
cdrafts-split/C10DeployedInstance.ec::c10_witness_word_digits	7dae7a38263582312c4af82a16d1e60e
cdrafts-split/C10DeployedInstance.ec::c10_witness_word_digitsum	ee5d7e4c89883a51b18d04c98cde5b4b
cdrafts-split/C10DeployedInstance.ec::c10_target_sum_205_realisable	c87647849abcfe685da0d5ce2549e0ad
cdrafts-split/C10DeployedInstance.ec::c10_dfC_deployed_values	798567ee665900071878ff16afc00465
cdrafts-split/C10DeployedInstance.ec::c10_dfC_separations_deployed	c52b49027699a68b780add4a4b7350c1
cdrafts-split/C10DeployedInstance.ec::c10_embg_size	bc1d26608f78050d4a5ca3b6d51a5782
cdrafts-split/C10DeployedInstance.ec::c10_embg_constant_width	d2ece72d881538c905345e470b371e0a
cdrafts-split/C10DeployedInstance.ec::c10_embg_is_embg	edd0f2faecbdd29dca9aa103d9dad3ea
cdrafts-split/C10DeployedInstance.ec::c10_embg_inj	e6a98940270dc16ab77f251b33e682e4
cdrafts-split/C10DeployedInstance.ec::c10_embg_meets_LEN_and_INJ	de07c6733cb43b5428384903624f55d6
cdrafts-split/C10DeployedInstance.ec::c10_deployed_serialisation_meets_the_model	2a17248c53d00d6bcc74fe8a4f03ed64
cdrafts-split/C10DeployedInstance.ec::c10_digit_at_ge0	d31857528f429cf673d3baf872633e06
cdrafts-split/C10DeployedInstance.ec::c10_digit_at_lt_w	f48ec33adfb1e6cd49ae45279f77e71a
cdrafts-split/C10DeployedInstance.ec::c10_deployed_digit_map_is_wellformed	eef588dbe6c202db704d4c34b9cc58cb
cdrafts-split/C10DeployedInstance.ec::c10_window_bits	f931de5bfb4573d9e6581fcfb85c40b9
cdrafts-split/C10DeployedInstance.ec::c10_window_fits_digest	e86a6600f38a4acafe2b8546cb0a834e
cdrafts-split/C10DeployedInstance.ec::c10_window_exceeds_chain_width	e21d024ea218de116aae1a6689138313
cdrafts-split/C10DeployedInstance.ec::c10_witness_bit	f9c13516d188cce996002d9571aa3a17
cdrafts-split/C10DeployedInstance.ec::c10_digit_lo	f35e80a3a7e7a02979a61f018be5bd8f
cdrafts-split/C10DeployedInstance.ec::c10_digit_hi	0e8dce4e2a1461d93ea469e0e7f43be1
cdrafts-split/C10DeployedInstance.ec::c10_deployed_encoder_attains_target	d024a1686376d11ce25ab544e8df3590
cdrafts-split/C10SpecControls.ec::deployed_really_in_force	65571c5a9b3018f008f13f09c3ec405e
cdrafts-split/C10SpecControls.ec::deployed_w	884e961944c389ccaaed670d342de640
cdrafts-split/GprocT1Opre.ec::Eqv_OPRE_Init_Orig_CL1	a13e84f719d65e004cdbbd52bad4639f
cdrafts-split/GprocT1Opre.ec::Eqv_OPRE_Init_CL1_CL2	1d3103802e8bfffb6c3e0b1550ab7180
cdrafts-split/GprocT1Opre.ec::Eqv_OPRE_Init_CL2_CL3	dbd3e34c6738591cd971cdd69eb9b2eb
cdrafts-split/GprocT1Opre.ec::Eqv_OPRE_Init_CL3_ILN	f0c3440f91a86a05ea9fcb788010ea67
cdrafts-split/GprocT1Opre.ec::Eqv_OPRE_Init_Orig_ILN	bd9345b23c909157829e5440bc05ca61
cdrafts-split/GprocT1Opre.ec::nth_rcons_lt	4272878d6994ee311f7d6e901d230487
cdrafts-split/GprocT1Opre.ec::nth_rcons_eq	a49920f71dacb96b47c869950a1fb11c
cdrafts-split/GprocT1Opre.ec::fold_rcons_corr	d29a3aeee3a53aeda3acdbfe010f8fa9
cdrafts-split/GprocT1Opre.ec::fold_rcons_corr_j	27d6287b3e97f9a01ed857b3a88d7589
cdrafts-split/GprocT1Opre.ec::flat_idx_lt	ce778992fee5abe2e9df81c3a1a097f7
cdrafts-split/GprocT1Opre.ec::lt_step	27e29a7a4d4143c601daee49c2e1ef0e
cdrafts-split/GprocT1Opre.ec::kt_step	e441e9332da6aeeeb61970d0b05c252b
cdrafts-split/GprocT1Opre.ec::flat_idx_ge0	747e08beaa0e568e5d01297c73e585a9
cdrafts-split/GprocT1Opre.ec::flat_le	1f55a7e951439e428ef553bbe82997d7
cdrafts-split/GprocT1Opre.ec::fold_rcons_corr_u	76cd7a411512530c556fa4020d795250
cdrafts-split/GprocT1Opre.ec::leaves_eq_cube_char	d3d9dce4b16082b3deb33c97208d31d8
cdrafts-split/GprocT1Opre.ec::flat_span	cbd7fe1bfd446267483fc0ed5254f35b
cdrafts-split/GprocT1Opre.ec::leaves_eq_cube	2074731844b12a33aac6981ffd4645d6
cdrafts-split/GprocT1Opre.ec::tweak_getidx	54557e9f61f8c67ce1e19921677c2779
cdrafts-split/GprocT1Opre.ec::flat_decomp	bcc01c6adaf5146e9dde77887fe72209
cdrafts-split/GprocT1Opre.ec::tws_uniq	dc85e81f5c49fbe7cb7c6d7cf9ee822e
cdrafts-split/GprocT1Opre.ec::Eqv_sampling_bridge	17f72c595a9a5d062e0f0c65c8a612c8
cdrafts-split/GprocT1Opre.ec::nth_chunk_take_drop	0b088beb1b5b3512a8acf6be2bc84910
cdrafts-split/GprocT1Opre.ec::hC_nth	475eef8ba3da2c220fffd07958216723
cdrafts-split/GprocT1Opre.ec::hC_range	9fb67ce097ee2e84c0f5c1f1a520f486
cdrafts-split/GprocT1Opre.ec::hC_size	65e5f40952a3a83941eed232cfd76ca0
cdrafts-split/GprocT1Opre.ec::hC_drop_k	13cef46c409b4c796ae2b161d2e5dbe6
cdrafts-split/GprocT1Opre.ec::flatten_map_hC_rcons	fc1a07003880e47281da4fc68a29e846
cdrafts-split/GprocT1Opre.ec::tail_step	23ff18c585cb901f38e7cb0561436cf8
cdrafts-split/GprocT1Opre.ec::flat_pack	1f31277466a4f2bfcb7efb3a0c81a797
cdrafts-split/GprocT1Opre.ec::flat_inj	f39d4d0279a1d5b5bdbf92640462b59c
cdrafts-split/GprocT1Opre.ec::tuple3_eq	ff6586933225aef4c1d0acb4f725d7dc
cdrafts-split/GprocT1Opre.ec::cov_step	0106f15a97cc049a2881091a74e9bdd8
cdrafts-split/GprocT1Opre.ec::cov_exit	41f76cff84a45e64dadae80a111b4fc2
cdrafts-split/GprocT1Opre.ec::hC_fst	f2f6d9c3ec08cd5e12eb605a90ecc283
cdrafts-split/GprocT1Opre.ec::find_fresh	2726bead2cc6cbb00819af0d6de19c2b
cdrafts-split/GprocT1Opre.ec::t1_win	6b76e760b0d9a62e899f1a567b007398
cdrafts-split/GprocT2Trh.ec::adz_val	649c48d6b14de39136d4c44cb2350134
cdrafts-split/GprocT2Trh.ec::valid_fidxvals_adzf	28304c21f7b95cb6b9455beb8071de32
cdrafts-split/GprocT2Trh.ec::valid_adrsidxs_adzf	8edf9964a49e2c124c7007439ec9f29b
cdrafts-split/GprocT2Trh.ec::adzf_val	dc913abca576a58de809ec297c44ecdf
cdrafts-split/GprocT2Trh.ec::valid_fadrs_adzf	724412f7c180f090c2acb0bd41d2b35c
cdrafts-split/GprocT2Trh.ec::settype_adz_adzf	400136d769b9702e303009d70f28a209
cdrafts-split/GprocT2Trh.ec::settype_adzf	03e9847983da7a0cf3b9c778e44d37d5
cdrafts-split/GprocT2Trh.ec::settype_adz_eq	d4319e8ee74df292814f8a045a62a830
cdrafts-split/GprocT2Trh.ec::root_from_nodest	ab5a036dc47a1398e8e8fd4e98e34624
cdrafts-split/GprocT2Trh.ec::node_level_step	a0625043f3689b82e538d80957bad6cc
cdrafts-split/GprocT2Trh.ec::gettype_nodeaddr	1c843628d478e211a25f29d60149a01c
cdrafts-split/GprocT2Trh.ec::gettype_leafaddr	bb31ea51d4285c17f97181bd032da5bf
cdrafts-split/GprocT2Trh.ec::getth_nodeaddr	61b3800e0a59195ebf3562b8e5172e77
cdrafts-split/GprocT2Trh.ec::getth_leafaddr	842f9b43e08856923d9d1c3f38effbf6
cdrafts-split/GprocT2Trh.ec::node_children_step	4b4df27161013ea5baf2fe2ce21a12d0
cdrafts-split/GprocT2Trh.ec::t2_idx_lt_span	af0e7dca61ecdacc95bca3c3e684cd13
cdrafts-split/GprocT2Trh.ec::t2_off_mono_w	648488523fefce66da3d495f88ca6385
cdrafts-split/GprocT2Trh.ec::bigi_nnf_ge0	dc3123fb3c18eb8cd931afecfe63487a
cdrafts-split/GprocT2Trh.ec::t2_off_mono_v	92afa1988235fffdc5171b64a09743ca
cdrafts-split/GprocT2Trh.ec::t2_nthE_append	f3a788376ebc25f835626fb12b1bd4c9
cdrafts-split/GprocT2Trh.ec::t2_off_mono_u	aa4c75d2c1da49f38ee35d9ff4df8d8e
cdrafts-split/GprocT2Trh.ec::t2_off_mono_j	ed800e12b2c6ff86b6461f7a3f25cbba
cdrafts-split/GprocT2Trh.ec::t2_off_mono_i	3494002153b49de21492a5609e2362e0
cdrafts-split/GprocT2Trh.ec::t2_nthD_append	3340333e2e294290e8b1c6a656b038ae
cdrafts-split/GprocT2Trh.ec::t2_nthC_append	97a5a7c1aef9ed942dd5b71381f758b7
cdrafts-split/GprocT2Trh.ec::t2_nthB_append	7cd05429cbbb04497bf2a3d59ea351aa
cdrafts-split/GprocT2Trh.ec::t2_nthA_append	4a3867a1b548425e64fb11c475cd48e1
cdrafts-split/GprocT2Trh.ec::nodeaddr_neq	342766d73f5550c6ea7a6924a13c5fd4
cdrafts-split/GprocT2Trh.ec::tbidx_inj	390ff67a337269f4491cdbd536e7397c
cdrafts-split/GprocT2Trh.ec::nodeaddr_fresh	462160d18ac3678ef0057ab20f19e75f
cdrafts-split/GprocT2Trh.ec::t2_memE_new	b0a84ad751bdccdd5c31da87098e6b19
cdrafts-split/GprocT2Trh.ec::t2_memE_old	0a2b01bf9ff373bd34db4df3d00280d8
cdrafts-split/GprocT2Trh.ec::sum_nr_nodesf	4ca47856c71c04bd9d83c07810596cc3
cdrafts-split/GprocT2Trh.ec::t2_memA_rcons	df5dbb816a56865c90d6312e5bcb3f93
cdrafts-split/GprocT2Trh.ec::t2_memB_rcons	50dee068f0ad375dce39d390e60494f0
cdrafts-split/GprocT2Trh.ec::t2_memC_rcons	491ffde90f2682437b970194e87bd70b
cdrafts-split/GprocT2Trh.ec::t2_memD_rcons	0b9abec4daaf68426c12decb99225b01
cdrafts-split/GprocT2Trh.ec::t2_memE_rcons	0293d544ca9c13ff7f59c4083592c634
cdrafts-split/GprocT2Trh.ec::t2_memD_fold	323aab9064837f87551283d82809018a
cdrafts-split/GprocT2Trh.ec::t2_memC_fold	174d658c41e955d78acf56eff3e04512
cdrafts-split/GprocT2Trh.ec::t2_memB_fold	6aa408b9fe20564528fe681b21535a0b
cdrafts-split/GprocT2Trh.ec::t2_memA_fold	93bd5aa716fdef75eb8c5a8e285f72e1
cdrafts-split/GprocT2Trh.ec::valid_tbf_pack	6c18551096a5497d37c686a47f37e42f
cdrafts-split/GprocT2Trh.ec::nodeaddr_notin_ts	72c34930d76862451e1c753dc381b98d
cdrafts-split/GprocT2Trh.ec::t2_nthD_fold	2aac3d6b7a48d18586a2e9042577e40f
cdrafts-split/GprocT2Trh.ec::t2_ndst_fold	872c9c6dc86c25a6dc7d7cacb5ad1b8c
cdrafts-split/GprocT2Trh.ec::bigi_nnf_recr	1014425d757e94a08fe82c70812fcdda
cdrafts-split/GprocT2Trh.ec::t2_memE_nil	d1be4545e768081743829710d546698a
cdrafts-split/GprocT2Trh.ec::t2_nthE_nil	e53209c63d4c287312dc147d548ca7e1
cdrafts-split/GprocT2Trh.ec::t2_ndscl_nil	4e27be0649924e5a87351ef7d23c54f4
cdrafts-split/GprocT2Trh.ec::t2_memD_nil	f30e9654aba30bdfdc828c27d7ecd6d0
cdrafts-split/GprocT2Trh.ec::t2_nthD_nil	4355d53850970398f84595eec5bd493d
cdrafts-split/GprocT2Trh.ec::t2_ndst_nil	ccf78d357e4734e8f8fcf66db86db7b2
cdrafts-split/GprocT2Trh.ec::bigi_nnf_nil	a3aadc61ef9da3954f3b24f36af77476
cdrafts-split/GprocT2Trh.ec::t2_nthC_fold	71e656d712d7a0131f1c773fff9cdfff
cdrafts-split/GprocT2Trh.ec::t2_size_fold_a	c6a844b93075382be030b49203387c8f
cdrafts-split/GprocT2Trh.ec::t2_nthB_fold	f8860a6d682884ba7d0439f6a4c9d287
cdrafts-split/GprocT2Trh.ec::t2_nthA_fold	07242f74a48dc89ddeec8031769ddd22
cdrafts-split/GprocT2Trh.ec::t2_size_fold_k	c9bd5e9149b3979c3dc42a821590e3c0
cdrafts-split/GprocT2Trh.ec::t2_size_fold_l	946b3bd507785b536bdd73dfe458559e
cdrafts-split/GprocT2Trh.ec::t2_memC_nil	48fc0fe4e8a9f5b65b4e2b90fa957bbe
cdrafts-split/GprocT2Trh.ec::t2_nthC_nil	39371aa4fcd5c8ad92995c45caee35e1
cdrafts-split/GprocT2Trh.ec::size_flatten_roots	2085addc1dc645735988c58fdc84ebcc
cdrafts-split/GprocT2Trh.ec::trcoaddr_gettype	9da530106782aa1d9b2812c7344374b0
cdrafts-split/GprocT2Trh.ec::t2_size_fold_l0	fc8759cbc2dba5d4d37beae35c898457
cdrafts-split/GprocT2Trh.ec::nrtrees_lp_l	fd3e940094ab237d27fe3e190f8f5ecc
cdrafts-split/GprocT2Trh.ec::hC_is_g	5152a667e94a48aab356e4796280d01b
cdrafts-split/GprocT2Trh.ec::hC_chunk	cf7dcfaa23a89c85ef8ebcd5d93704ae
cdrafts-split/GprocT2Trh.ec::hC_pos	f484922ba3e64259ffd33c56b1c27d8e
cdrafts-split/GprocT2Trh.ec::hC_inst	ae3f8257ee5e58f3a7676bd8b4b068e7
cdrafts-split/GprocT2Trh.ec::t2_memA_raw	dddac8a2e99f6a9733efbffe177f08c4
cdrafts-split/GprocT2Trh.ec::t2_memB_raw	96339a6fda9b0c483090c060af406296
cdrafts-split/GprocT2Trh.ec::t2_nthA_raw	99b4541328e1bba296ab0c9b15d3556b
cdrafts-split/GprocT2Trh.ec::t2_nthB_raw	31acaf5c301118d48d703de8fa84fee3
cdrafts-split/GprocT2Trh.ec::leafaddr_thidx0	801723c0350e876b3c11ba2cfa3a31d6
cdrafts-split/GprocT2Trh.ec::t2_otsdef_step	32272ecfe24d28b7f608ad3f9ffb8b8e
cdrafts-split/GprocT2Trh.ec::t2_nthE_step	8891e4d4b2d56376ee3c812f3fa8093a
cdrafts-split/GprocT2Trh.ec::t2_ndscl_step	d4362b5d58677ee3044a5b662fc5b9fb
cdrafts-split/GprocT2Trh.ec::nodeaddr_good	ad912fc3bb6e1e1f1f3b553a57c82e31
cdrafts-split/GprocT2Trh.ec::gproc_V_VI_eq_trh	d11c264722166fbb73d237a5b2eb1c31
cdrafts-split/GprocT3Trco.ec::adz_val	649c48d6b14de39136d4c44cb2350134
cdrafts-split/GprocT3Trco.ec::valid_fidxvals_adzf	28304c21f7b95cb6b9455beb8071de32
cdrafts-split/GprocT3Trco.ec::valid_adrsidxs_adzf	8edf9964a49e2c124c7007439ec9f29b
cdrafts-split/GprocT3Trco.ec::adzf_val	dc913abca576a58de809ec297c44ecdf
cdrafts-split/GprocT3Trco.ec::valid_fadrs_adzf	724412f7c180f090c2acb0bd41d2b35c
cdrafts-split/GprocT3Trco.ec::settype_adz_adzf	400136d769b9702e303009d70f28a209
cdrafts-split/GprocT3Trco.ec::settype_adzf	03e9847983da7a0cf3b9c778e44d37d5
cdrafts-split/GprocT3Trco.ec::settype_adz_eq	d4319e8ee74df292814f8a045a62a830
cdrafts-split/GprocT3Trco.ec::root_from_nodest	ab5a036dc47a1398e8e8fd4e98e34624
cdrafts-split/GprocT3Trco.ec::node_level_step	a0625043f3689b82e538d80957bad6cc
cdrafts-split/GprocT3Trco.ec::hC_chunk	cf7dcfaa23a89c85ef8ebcd5d93704ae
cdrafts-split/GprocT3Trco.ec::hC_pos	f484922ba3e64259ffd33c56b1c27d8e
cdrafts-split/GprocT3Trco.ec::hC_inst	ae3f8257ee5e58f3a7676bd8b4b068e7
cdrafts-split/GprocT3Trco.ec::nrtrees_lp_l	fd3e940094ab237d27fe3e190f8f5ecc
cdrafts-split/GprocT3Trco.ec::gettype_nodeaddr	1c843628d478e211a25f29d60149a01c
cdrafts-split/GprocT3Trco.ec::gettype_leafaddr	bb31ea51d4285c17f97181bd032da5bf
cdrafts-split/DarkSide.ec::dleaf_ll	21f99d71cf9a3a623dc0d9f8709ed7f0
cdrafts-split/DarkSide.ec::supp_dleaf	5dd03c79b088e5cff920d84b2d948881
cdrafts-split/DarkSide.ec::dleaf1E	130056ed63142ce270199c0058f25907
cdrafts-split/DarkSide.ec::mu_dleaf_neq	6057fadeb2e6e60c1fd823b00cc1ed20
cdrafts-split/DarkSide.ec::miss_pr	c9eb83a6921602e87fa7842008012726
cdrafts-split/DarkSide.ec::cover_pr	5c4ac0a6b51a887a28ae4b28c0407019
cdrafts-split/DarkSide.ec::ds_0	b4ae1c94c91f0c998a7592b85fbe5560
cdrafts-split/DarkSide.ec::ge0_1t	d4e9d36ffdf0af28a87973e7847d35de
cdrafts-split/DarkSide.ec::ds_bnd	fd4c9703ab005140b0420e172c964d84
cdrafts-split/DarkSide.ec::ds_1	cb47134bd9ad6c30728a7ab4015d9840
cdrafts-split/DarkSide.ec::ds_mono	89391c2fbe4c2c5d0f024ca360f5627e
base-c10-split/WOTS_TW_ES.ec::ge1_nm	16f821ca232e7c552777660f550dc705
base-c10-split/WOTS_TW_ES.ec::wpowof2	75227278ed76b9803b4212f8a1e64cd7
base-c10-split/WOTS_TW_ES.ec::log2_wP	4adf96d6113fb0c9601446ca54569b04
base-c10-split/WOTS_TW_ES.ec::val_w	0cf59ba7ae5f224f06a53e9ed5994b8a
base-c10-split/WOTS_TW_ES.ec::val_w_log2	7343643fedb4b8fcea1253269c7281a4
base-c10-split/WOTS_TW_ES.ec::val_w_log4	1dcb31345d84fa7a7fad484391b60a56
base-c10-split/WOTS_TW_ES.ec::val_w_log8	85b9329bb61622f28aa6dac6e9f23836
base-c10-split/WOTS_TW_ES.ec::join_dgst_size	6bd7c0f57e7e0499442be5723ac43681
base-c10-split/WOTS_TW_ES.ec::join_dgst_inj	edd99e40cfce6cc2c70155edb1d2ff8f
base-c10-split/WOTS_TW_ES.ec::ddgstblockl_ll	d5e6bfb40a8885d5785469adc58c7b74
base-c10-split/WOTS_TW_ES.ec::dskWOTS_ll	365881b5e40e558ef14013e7e1e77601
base-c10-split/WOTS_TW_ES.ec::ddgstblocklift_ll	c55337fc27bafc6825c6555981060737
base-c10-split/WOTS_TW_ES.ec::valid_wadrsidxs_adrsidxs	6d247bea271b8eb3c621acc35463313b
base-c10-split/WOTS_TW_ES.ec::ch1	7b8d9d6c2d4524cf063baa2c2af43ce5
base-c10-split/WOTS_TW_ES.ec::ch_comp	26fd3f86183c327e1711c38664de9c73
base-c10-split/WOTS_TW_ES.ec::chSA	8e1ff8aedb88d95ba9e4301e618e4fe9
base-c10-split/WOTS_TW_ES.ec::P_inhabited	8edc5350b67fe05f358c56f013bc9385
base-c10-split/WOTS_TW_ES.ec::constsum_dominance	6322e665a34d26909b1fb2dd5888009c
base-c10-split/WOTS_TW_ES.ec::constsum_antichain	7745d1cbcd35ae96394d63364f74de1f
base-c10-split/WOTS_TW_ES.ec::two_encodings	667e00153294d2045d5af87c122f932f
base-c10-split/WOTS_TW_ES.ec::gt_exprsbde	e9ad8a3f87997827c88c70ab9051c4fb
base-c10-split/WOTS_TW_ES.ec::size_nth_uniq	3c57ef80e89932c1c9a9d18594b36273
base-c10-split/WOTS_TW_ES.ec::map_size_ge0	5faa743e3f72d5a1d4e3b68e88cf766b
base-c10-split/WOTS_TW_ES.ec::uniq_mapP	8cc03d4962e8b51a008e78e5c1eba002
base-c10-split/WOTS_TW_ES.ec::uniq_flatten_map_in	7f26ca466c363028f6175478501f291b
base-c10-split/WOTS_TW_ES.ec::uniq_flatten_map_in_rev	50b7b82d876318000b25a19b9a2820db
base-c10-split/WOTS_TW_ES.ec::nth_flatten_flatten	c8bd3dadb7267e69fe93a406646ddac9
base-c10-split/WOTS_TW_ES.ec::nth_flatten_map_flatten	c09cafe6d7310957756a44f1a3567003
base-c10-split/WOTS_TW_ES.ec::eq_from_flatten_nth	de4f51b018c9b5e222c30246836bc3f6
base-c10-split/WOTS_TW_ES.ec::djl_parts	af0b1b7611017d1634c0139af50a2ebc
base-c10-split/WOTS_TW_ES.ec::validwadrsidxs_puthidx	529dcc3840be1c3065d44c6e9a592e27
base-c10-split/WOTS_TW_ES.ec::validwadrsidxs_putchidx	3150ba3ffa939306df6cf2ac80a7aa75
base-c10-split/WOTS_TW_ES.ec::validwadrsidxs_putchhidx	363b0f029bfbe97532a0ca2bd8b910c0
base-c10-split/WOTS_TW_ES.ec::validwadrs_sethidx	0493c9c4e3215cbf5f8ebc289a6998e4
base-c10-split/WOTS_TW_ES.ec::validwadrs_setchidx	5a5dfc82a70dfac2daa3315da201c573
base-c10-split/WOTS_TW_ES.ec::validwadrs_setchhidx	d73d6bb5c2d6463b677765dd98adb34a
base-c10-split/WOTS_TW_ES.ec::neq_after_setchidx	086324bee57c1e11c040094426abba17
base-c10-split/WOTS_TW_ES.ec::neq_after_sethidx	eeaa0f845b475f250d63c6fdcc0e958e
base-c10-split/WOTS_TW_ES.ec::neq_after_setchhidx	5b2ee0da0f202fabd804cae97639decd
base-c10-split/WOTS_TW_ES.ec::neq_gp	6e9a4254d96d402a47807b5651652577
base-c10-split/WOTS_TW_ES.ec::eq_gp_sethidx	2e12b6b5bec46c756b115a9a38a1f719
base-c10-split/WOTS_TW_ES.ec::eq_gp_setchidx	db182d3c110db93d5af91c9e035ac8f1
base-c10-split/WOTS_TW_ES.ec::eq_gp_setchhidx	5c260ffc281ea2c52eb971d3f345ad4a
base-c10-split/WOTS_TW_ES.ec::hchwcoll_findchrng	719732f916582798ad4fdc84ff4bbd58
base-c10-split/WOTS_TW_ES.ec::hchwcoll_hcoll	6e4a3148080aca272c5cabbcb927ca26
base-c10-split/WOTS_TW_ES.ec::hchwcoll_findlcollrng	1525a86c7742ab6704dc32c68f083ddc
base-c10-split/WOTS_TW_ES.ec::hchwcoll_findrcollrng	8d50ab55328e2ff7159a9580da3a50ac
base-c10-split/WOTS_TW_ES.ec::collision_extraction	dd6b705bacbd96d05deafcf533c9a670
base-c10-split/WOTS_TW_ES.ec::nhchwcoll_hchwpre	f5867a9952e17744b88de06c964cc62b
base-c10-split/WOTS_TW_ES.ec::hchwpre_findprerng	21f56a69a42ccee8ba03e7569f190a61
base-c10-split/WOTS_TW_ES.ec::hchwpre_neq0_findchwpre	777b2bd0abc2cdf9aee529b8b5a5bcce
base-c10-split/WOTS_TW_ES.ec::relcqsadudi_rcons_qs	71df01dedb6efdf962fb1b7832cf3b2e
base-c10-split/WOTS_TW_ES.ec::relcqsad_udi_outer_full	9ae9721541dbb0bd44b623f84c51b521
base-c10-split/WOTS_TW_ES.ec::relcqsad_udi_outer_cat	abbea4f384ae50eb5c6fd9c34dcc3ca9
base-c10-split/WOTS_TW_ES.ec::relcqsadudi_rng	0b952bd5dad4deee80cf52eb1e1794e0
base-c10-split/WOTS_TW_ES.ec::reltqsadudi_rcons_qs	db2051bde626aa7135d51ae7c49700ea
base-c10-split/WOTS_TW_ES.ec::relcqsad_tcr_outer_full	6a01a44803e707894efd934629ab566d
base-c10-split/WOTS_TW_ES.ec::relcqsad_tcr_outer_inner_full	20c6f6f2d9b51d0af568e83f98c60a56
base-c10-split/WOTS_TW_ES.ec::relcqsad_tcr_inner_rcons	67960cb1d353f72d04659cfae02f3b78
base-c10-split/WOTS_TW_ES.ec::relcqsadtcr_rng	a8959fbbfa7f05b996315b8ecf392fcf
base-c10-split/WOTS_TW_ES.ec::relcqsdg_tcr_outer_full	27219f17011f30bef29839a868c8d099
base-c10-split/WOTS_TW_ES.ec::relcqsdg_tcr_outer_inner_full	77b5d1f8ca2cb8b5d7c1dc8fd9850489
base-c10-split/WOTS_TW_ES.ec::relcqsdg_tcr_inner_rcons	ef43c9ef5d98473d13e36ce2e650c773
base-c10-split/WOTS_TW_ES.ec::relcqsad_pre_outer_full	0c0b780261d73db8a13bcc2716e31074
base-c10-split/WOTS_TW_ES.ec::relcqsdg_pre_outer_full	aed948fefc4005495a4c063a7d84e89b
base-c10-split/WOTS_TW_ES.ec::relcqsadpre_rng_ub	30014def99b513fd2d43ea4b4eabede4
base-c10-split/WOTS_TW_ES.ec::reltqsad_pre_outer_full	ee2f696f2836d174b335678766da863a
base-c10-split/WOTS_TW_ES.ec::reltqsad_pre_outer_inner_full	8bd4ff12f7b096b2aea1cd43c80a004e
base-c10-split/WOTS_TW_ES.ec::reltqsad_pre_inner_rcons	23bdff4397af3308c45bc825f40ee373
base-c10-split/WOTS_TW_ES.ec::eq_qsadtcridx_qsdgtcridx	a33f89d1a4e1ad437bcaa200a75d545b
base-c10-split/WOTS_TW_ES.ec::eq_qsadpreidx_qsdgpreidx	c14d68fd362e5568f42f2b37a30c74c6
base-c10-split/WOTS_TW_ES.ec::qsadtcridx_rng	d717d59ab052618f47ff63de576fee9a
base-c10-split/WOTS_TW_ES.ec::nth_relcqsadtcr_qsadtcridx	9ee24d67fa3a3c784a673d06e777b842
base-c10-split/WOTS_TW_ES.ec::qsdgtcridx_rng	9046a1b5c73de29dfe1028109e7c73d7
base-c10-split/WOTS_TW_ES.ec::nth_relcqsdgtcr_qsdgtcridx	4a61a1e8005aebdfe63dfacad9645490
base-c10-split/WOTS_TW_ES.ec::qsadpreidx_rng	96e6015601b723cb9f4e74737fee5d8b
base-c10-split/WOTS_TW_ES.ec::nth_relcqsadpre_qsadpreidx	7a7577fc0d70def3e46a1efa20b22cf9
base-c10-split/WOTS_TW_ES.ec::qsdgpreidx_rng	cda511e27a4258e773ff47ca11126deb
base-c10-split/WOTS_TW_ES.ec::nth_relcqsdgpre_qsdgpreidx	1eccffb09bf7b81e200ed35e1fa6c4c7
base-c10-split/WOTS_TW_ES.ec::uniq_relcqsadudi	1b3cdb8ac18d6ad49b566ffaa0814edb
base-c10-split/WOTS_TW_ES.ec::disj_relcqsadudi	a2387ebc8e6c13aa2285862a4f97a806
base-c10-split/WOTS_TW_ES.ec::disj_relcqsadudi_reltqsadudi	bc6b564f5da9b28d05240ca1757f2d2a
base-c10-split/WOTS_TW_ES.ec::uniq_relcqsadtcr	bd0d70ef77ce7b6ca808b86924466514
base-c10-split/WOTS_TW_ES.ec::disj_relcqsadtcr	1434c5c4cd4e0115941f6cc835db719f
base-c10-split/WOTS_TW_ES.ec::uniq_relcqsadpre	14a4a9fa4ed31ce7f053152050a15053
base-c10-split/WOTS_TW_ES.ec::disj_relcqsadpre_reltqsadpre	c8844137619b4c51d8fbda37389c2fdc
base-c10-split/WOTS_TW_ES.ec::O_MEUFGCMA_WOTSTWESNPRF_Inlined_Orig_SampleSample	c12cf641800baa318e7a14a8332f22ee
base-c10-split/WOTS_TW_ES.ec::O_MEUFGCMA_WOTSTWESNPRF_Inlined_SampleSample_LoopSnocSample	8dbd49e920e9609af73fb42adbc9e280
base-c10-split/WOTS_TW_ES.ec::O_MEUFGCMA_WOTSTWESNPRF_Inlined_LoopSnocSample_Alt	843aaa6807ddbdde375e4c2ca1c86b7f
base-c10-split/WOTS_TW_ES.ec::O_MEUFGCMA_WOTSTWESNPRF_Inlined_Orig_Alt	5b9bf491c5167713ddd1bccdccca01a0
base-c10-split/WOTS_TW_ES.ec::O_Game34_WOTSTWES_Orig_SampleSample	e27103f7fde831b08e7a1c479d3e3730
base-c10-split/WOTS_TW_ES.ec::O_Game34_WOTSTWES_SampleSample_LoopSnocSample	0cc5b82effdda6c218c6818422484ba0
base-c10-split/WOTS_TW_ES.ec::O_Game34_WOTSTWES_LoopSnocSample_LoopSnocSampleAlt	85cde673f7a8cf8f51e461b23b3b9d18
base-c10-split/WOTS_TW_ES.ec::O_Game34_WOTSTWES_LoopSnocSampleAlt_Alt	7236b57f6173c1d448d107f7d88af060
base-c10-split/WOTS_TW_ES.ec::O_Game34_WOTSTWES_Orig_Alt	8fc63691ea2a5279d2ba79fd50e11818
base-c10-split/WOTS_TW_ES.ec::Game4_WOTSTWES_Orig_Alt	1da2dd2035ca86445069bdd8b026d109
base-c10-split/WOTS_TW_ES.ec::DistRCHi_Orig_SampleSample	34d69555151612099b663a8e7a7ffd16
base-c10-split/WOTS_TW_ES.ec::DistRCHi_SampleSample_LoopSnocSample	bb1623d04f5a4df0f235d7117a0719a9
base-c10-split/WOTS_TW_ES.ec::DistRCHi_LoopSnocSample_Alt	65c0e2dcdd22dc8d0348ce5610718c4a
base-c10-split/WOTS_TW_ES.ec::DistRCHi_Orig_Alt	19cabda1c4ab7ced2183631f8a699c19
base-c10-split/WOTS_TW_ES.ec::EqPr_MEUFGCMA_WOTSTWESNPRF_Inlined	c2d603b2dce50da7fd206d6c9ec09281
base-c10-split/WOTS_TW_ES.ec::MEUFGCMA_WOTSTWESNPRF_Inlined_Game2_WOTSTWES	46cf9e23bf9477587d779c413fb2c378
base-c10-split/WOTS_TW_ES.ec::Game2_Game3_WOTSTWES_DistRCH	9bb18bf23cbd83afedda541797f7dcd5
base-c10-split/WOTS_TW_ES.ec::DistRCH_SMDTUDC	416b1cbb209620c436691eae2bad7d07
base-c10-split/WOTS_TW_ES.ec::Step_Game2_Game3_WOTSTWES_SMDTUDC	858cd46d01d1b64f9f6c421389ef1738
base-c10-split/WOTS_TW_ES.ec::Game3_Game4_WOTSTWES_Hchwcoll	3490cde3cdb9b2d9b9ae19017a51ddc7
base-c10-split/WOTS_TW_ES.ec::Step_Game3_Game4_WOTSTWES_SMDTTCRC	0c17092a523a28719f905b110bfff0b8
base-c10-split/WOTS_TW_ES.ec::Step_Game4_WOTSTWES_SMDTPREC	6b6340c85a3525781fa48db6c0954c50
base-c10-split/WOTS_TW_ES.ec::MEUFGCMA_WOTSTWESNPRF_Charged	7b24d2be220ca1bf21408927145c38b1
base-c10-split/WOTS_TW_ES.ec::admit_free_caller_split	8af4adc4ba92031c5b1495aa39f19074
base-c10-split/WOTS_TW_ES.ec::caller_split_recovers_admit_under_badenc	1f6cf3d5f42b2ee1a5ecd3f38961e87d
base-c10-split/WOTS_TW_ES.ec::Alt_BadEnc_eq	8fa676418a03b1e927e29afcf7322888
base-c10-split/WOTS_TW_ES.ec::EqPr_BadEnc	2d59b43dccd39b52caf9128cb1205f18
base-c10-split/FL_SL_XMSS_MT_ES.ec::ge2_lp	b6b2b77e0398b039bee97b15db0b9dd2
base-c10-split/FL_SL_XMSS_MT_ES.ec::ge1_h	d9609c80357ab97957aa6690a313b732
base-c10-split/FL_SL_XMSS_MT_ES.ec::ge2_l	6431b370d33b1e10969fb76f8c0fd1d5
base-c10-split/FL_SL_XMSS_MT_ES.ec::nrnodesht_h	44179de55f124c9b9a71756173a4f093
base-c10-split/FL_SL_XMSS_MT_ES.ec::nrnodesht_nrtrees	e258ed972ac90e9a65c787138f53f3e9
base-c10-split/FL_SL_XMSS_MT_ES.ec::ge1_bigitrees	f37ceaa83b91eee09cf345dcaec2fd65
base-c10-split/FL_SL_XMSS_MT_ES.ec::valid_xadrsidxs_adrsidxs	c677995debe69947042ef2a646a30f93
base-c10-split/FL_SL_XMSS_MT_ES.ec::valid_xadrsidxs_xadrschpkcotrhidxs	5ca8db49b6bcd040411eacaf01d80a8f
base-c10-split/FL_SL_XMSS_MT_ES.ec::valid_xadrs_xadrschpkcotrh	30fedd3578b5d2e563a4daac563d1b6c
base-c10-split/FL_SL_XMSS_MT_ES.ec::take_take_drop_cat	ebf679243eb9b33b568391baf51b9bdf
base-c10-split/FL_SL_XMSS_MT_ES.ec::take_rev_int2bs	c9d3cd45061ce9590951e4748983bf74
base-c10-split/FL_SL_XMSS_MT_ES.ec::rcons_take_rev_int2bs	dad7c82955f80ef0cd8271a4e7e34ebc
base-c10-split/FL_SL_XMSS_MT_ES.ec::take1_head	c0ad452e5f4422354a099a77cc0894b7
base-c10-split/FL_SL_XMSS_MT_ES.ec::drop1_behead	e4a8d827aee3b481dfb7c97ed61fd557
base-c10-split/FL_SL_XMSS_MT_ES.ec::foldlupdhbidx	659bbc25419edde6499b7af3222a9de7
base-c10-split/FL_SL_XMSS_MT_ES.ec::foldedivz	6c0d927de290f302155b31ad645f0623
base-c10-split/FL_SL_XMSS_MT_ES.ec::ltbignrt_i	63daed40c44061202093079a69ac3e19
base-c10-split/FL_SL_XMSS_MT_ES.ec::ltnn1_bignn	efee1b3ad2b1e32568a72e30a398711c
base-c10-split/FL_SL_XMSS_MT_ES.ec::ltbignn_i	935b63a463a08d12b2e174aa4c138c0a
base-c10-split/FL_SL_XMSS_MT_ES.ec::validxadrs_validwadrs_setallboch	2acef47ce7222f3b06134de01ba15818
base-c10-split/FL_SL_XMSS_MT_ES.ec::validxadrs_validwadrs_setallch	8e1498704ee4b7038910c9b509f6e876
base-c10-split/FL_SL_XMSS_MT_ES.ec::gettype_setalltrh	7474d714d0d3009f225a714959c70c48
base-c10-split/FL_SL_XMSS_MT_ES.ec::gettype_setkptypeltchpkco	c26499bb670d0ca621c5db2c19478da9
base-c10-split/FL_SL_XMSS_MT_ES.ec::gettype_setallch	575fafb56654f409281581f1dcfd03ac
base-c10-split/FL_SL_XMSS_MT_ES.ec::neqlidx_setkptypelt	7b2f5c12352a6cf1a3dbffd28a62bbd4
base-c10-split/FL_SL_XMSS_MT_ES.ec::neqtidx_setkptypelt	9b06b16a58f9d1ab70a88b07efd28fa4
base-c10-split/FL_SL_XMSS_MT_ES.ec::neqkpidx_setkptypelt	2d72a7333a90202ecd78f4aeef8629a2
base-c10-split/FL_SL_XMSS_MT_ES.ec::neqlidx_setthtypelt	4ed1253a1a7c4c86e5fafbb8913baf0a
base-c10-split/FL_SL_XMSS_MT_ES.ec::neqtidx_setthtypelt	718781ce0433fc0516db2803d88a74c4
base-c10-split/FL_SL_XMSS_MT_ES.ec::neqthidx_setthtypelt	2b22f2a6914aa92092ada22ace94c681
base-c10-split/FL_SL_XMSS_MT_ES.ec::neqtbidx_setthtypelt	6d823db065aefde13576282e47e5586d
base-c10-split/FORS_ES.ec::ge2_t	22c3b4ea14e05511c7cff20fcfc9e000
base-c10-split/FORS_ES.ec::ge1_d	51e91eca1d9f2c80b6f251d671e57ad9
base-c10-split/FORS_ES.ec::valid_fadrsidxs_adrsidxs	de3c1904d2c117da07c4496b59fdb1c4
base-c10-split/FORS_ES.ec::ddgstblocklift_ll	c55337fc27bafc6825c6555981060737
base-c10-split/FORS_ES.ec::valid_fadrs_adrs	fc1b8d235240fc303be629dcb6c27fed
base-c10-split/FORS_ES.ec::ltlltr	2d55c7a0f0bd60c9e79eacca57ce474c
base-c10-split/FORS_ES.ec::leller	adfde8444efcc692856e4c35a1345c99
base-c10-split/FORS_ES.ec::neqsmnt	240a86e44100569b5aa839291ef69b9b
base-c10-split/FORS_ES.ec::ltnn1_bignna	65e12d8c98a9f90ff379d3118d518ff3
base-c10-split/FORS_ES.ec::take1_head	c0ad452e5f4422354a099a77cc0894b7
base-c10-split/FORS_ES.ec::drop1_behead	e4a8d827aee3b481dfb7c97ed61fd557
base-c10-split/FORS_ES.ec::take_take_drop_cat	ebf679243eb9b33b568391baf51b9bdf
base-c10-split/FORS_ES.ec::take_rev_int2bs	c9d3cd45061ce9590951e4748983bf74
base-c10-split/FORS_ES.ec::rcons_take_rev_int2bs	dad7c82955f80ef0cd8271a4e7e34ebc
base-c10-split/FORS_ES.ec::foldlupdhbidx	ed943398ad2d9471aba3df3fc035d95c
base-c10-split/FORS_ES.ec::eq_from_flatten_nth	de4f51b018c9b5e222c30246836bc3f6
base-c10-split/FORS_ES.ec::vkpidx_setkpttype	100affbf44ed0a049f43323b23e1dd48
base-c10-split/FORS_ES.ec::gettype_setthtbkptypetrh	f047e0dfda4d1519b6552494580b11a5
base-c10-split/FORS_ES.ec::gettype_setkp2type2trhtrco	8df46cdb3d3370807e3ad0df9b7150a3
base-c10-split/FORS_ES.ec::getth_setthtbkpttype	019a64233093c44d4fb6216e644f4f78
base-c10-split/FORS_ES.ec::neqtidx_setthtbkpt	8fc1cf531ad143fa1c0aa54e597ae596
base-c10-split/FORS_ES.ec::neqkpidx_setthtbkpt	7e5910382527c94abb393c627bdf147a
base-c10-split/FORS_ES.ec::neqthidx_setthtbkpt	cf57d58a0ebbcf6b88c13b97300eb7df
base-c10-split/FORS_ES.ec::neqtbidx_setthtbkpt	f76c41b83674a06193d0359f2dd7fa49
base-c10-split/FORS_ES.ec::neqtidx_setkp2type2trhtrco	92fd7ceb7a47a100945cc1a95def73ab
base-c10-split/FORS_ES.ec::neqkpidx_setkp2type2trhtrco	bd5188b3e3766d56d18ae1798bd44709
base-c10-split/FORS_ES.ec::Eqv_O_SMDTOpenPRE_Default_Init_Orig_CL1	0970b99db7a4bc50e262c2014768ecf3
base-c10-split/FORS_ES.ec::Eqv_O_SMDTOpenPRE_Default_Init_CL1_CL2	d571f626d45b31517127f0cbb3c5c47f
base-c10-split/FORS_ES.ec::Eqv_O_SMDTOpenPRE_Default_Init_CL2_CL3	fdb4bd1ff91a5b2f574d9756b1228099
base-c10-split/FORS_ES.ec::Eqv_O_SMDTOpenPRE_Default_Init_CL3_ILN	bf2e6e5a970a0f6db490c1070836bf9b
base-c10-split/FORS_ES.ec::Eqv_O_SMDTOpenPRE_Default_Init_Orig_ILN	28383a1f2fd1357d01b70173a16e5466
base-c10-split/FORS_ES.ec::Eqv_EUF_CMA_MFORSTWESNPRF_Orig_C	7fa2904fcd5580f7671d3c0138e2a3b3
base-c10-split/FORS_ES.ec::Eqv_EUF_CMA_MFORSTWESNPRF_C_V	07a010c580deb94db02338106ebf49dc
base-c10-split/FORS_ES.ec::Eqv_EUF_CMA_MFORSTWESNPRF_V_VI	8935c0c5f64e511abcc035b785025db2
base-c10-split/FORS_ES.ec::EUFCMA_MFORSTWESNPRF_OPRE	4ceb779f9b71db49dcf69531e287ad6f
base-c10-split/FORS_ES.ec::EqPr_SMDTOpenPRE_FOpenPRE_FPOpenPRE	113959ef9d9a8dacd888503197372632
base-c10-split/FORS_ES.ec::EUFCMA_MFORSTWESNPRF	c7490cfd33abdd779e00ad824a7d591b
base-c10-split/SPHINCS_PLUS.ec::ge1_n	f585eb84b3bcbe8a07c41e5bf6e7a184
base-c10-split/SPHINCS_PLUS.ec::ge1_k	4adde24c9408bcb014006b2aa7cb0171
base-c10-split/SPHINCS_PLUS.ec::ge1_a	9f7933c79194e4f09517822c8cdf5dd6
base-c10-split/SPHINCS_PLUS.ec::val_log2w	9543ce693d12907cea59dd45627bed64
base-c10-split/SPHINCS_PLUS.ec::ge2_len	e8f159667d9de2d833f52631fa659258
base-c10-split/SPHINCS_PLUS.ec::ge1_hp	f529b796d4b86049ec3ed29ec1a51e50
base-c10-split/SPHINCS_PLUS.ec::ge1_d	51e91eca1d9f2c80b6f251d671e57ad9
base-c10-split/SPHINCS_PLUS.ec::ge2_lp	b6b2b77e0398b039bee97b15db0b9dd2
base-c10-split/SPHINCS_PLUS.ec::ge1_h	d9609c80357ab97957aa6690a313b732
base-c10-split/SPHINCS_PLUS.ec::ge2_l	6431b370d33b1e10969fb76f8c0fd1d5
base-c10-split/SPHINCS_PLUS.ec::ge2_t	22c3b4ea14e05511c7cff20fcfc9e000
base-c10-split/SPHINCS_PLUS.ec::take_take_drop_cat	ebf679243eb9b33b568391baf51b9bdf
base-c10-split/SPHINCS_PLUS.ec::setallchadz_getchidx	3e8d53c0c457ffc4577e390c0c04b8cf
base-c10-split/SPHINCS_PLUS.ec::setalladzch_getkpidx	1c2c55586f02e3a8a11be69ddb0a0aa5
base-c10-split/SPHINCS_PLUS.ec::setalladzch_gettypeidx	76b6d14c07fc80a03d27bf75718103cd
base-c10-split/SPHINCS_PLUS.ec::setalladzch_gettidx	6be04bcda3959238e5bb21f6716498eb
base-c10-split/SPHINCS_PLUS.ec::setalladzch_getlidx	00e5971ecdf7a75f0f1e9958794c19ec
base-c10-split/SPHINCS_PLUS.ec::setalladztrhf_getbidx	c54b0e6f76f423cb4e4d1f7feefd5933
base-c10-split/SPHINCS_PLUS.ec::setalladztrhf_getkpidx	28ea7d227cff7b973daed6b0bfdcdd3c
base-c10-split/SPHINCS_PLUS.ec::setalladztrhf_gettypeidx	00c70e07df2ddbbe0552336da6ce46a3
base-c10-split/SPHINCS_PLUS.ec::setalladztrhf_gettidx	6535fac8caec5757a2ff5bfdcaa53e60
base-c10-split/SPHINCS_PLUS.ec::eq_dbsettype_adztrhf	43e2d33885b539e8a411976a73d8a4d4
base-c10-split/SPHINCS_PLUS.ec::eq_settype_adztrhfch	68cb3d545908f8e0cbe8b45e016117f1
base-c10-split/SPHINCS_PLUS.ec::eq_setlttype_adztrhf	dc01df6279419411b5a75a395730b56a
base-c10-split/SPHINCS_PLUS.ec::getsettrhf_kpidx	3e807b4b322ddbf3f5a66890f6b9da78
# --- pred BODIES (2026-08-20) ---
# A pred body is pure logical content usable as a lemma HYPOTHESIS, and it was
# pinnable by NEITHER digest path: digest() takes only lemma/theorem/equiv/hoare/
# phoare, and digest_op() lacked `pred`.  So statements naming a pred digested only
# the TOKEN -- appending a conjunct to the body installed that hypothesis in every
# statement using it with zero pin, coverage or census delta.  That is exactly the
# attack PHASE 1g exists to stop, landing through a surface no phase watched.
op:cdrafts-split/FORS_C_TreePort.ec::fverify_structural	56c0eaf76c6f9913e56cc78f462f0c37
op:cdrafts-split/FORS_C_TreePort.ec::enum_nondegen	29f7d5212eaa4de2259895f23752c006
op:cdrafts-split/FORS_C_TreePort.ec::brk_structural	37f581d62aea832a62ec3037c34de1b1
op:cdrafts-split/FORS_C_TreePort.ec::roots_dgst_inj	c69d0cfc313e16dd8e04af21dac62dfb
op:cdrafts-split/FORS_C_TreePort.ec::trh_interior_structural	43da3775741846aaa65076f7b94fb982
op:cdrafts-split/FORS_C_TreePort.ec::trh_registration	a351fb0910bb498f46b6fe3f99e30b5c
op:cdrafts-split/FORS_C_TreePort.ec::leaf_openpre_structural	a88d2c2071c2d0cbeea56cb9c7b3467b
op:cdrafts-split/FORS_C_TreePort.ec::op_registration	6e1f6f95d195f9b434d92020dfd56ac9
op:cdrafts-split/FORS_C_TreePort.ec::sim_sig_op_fidelity	f7ff3db450def9ba3ee0a5409539784d
# --- NON-ROOT CONE FILES (2026-08-20) ---
# Coverage originally enumerated only the 38 GATE ROOTS, but the certified cone
# is 45 files.  The 79 statements in the 7 transitively-required files were pinned
# by NEITHER check -- not by PHASE 1c (no manifest row) and not by PHASE 1h (not
# enumerated) -- so one could change, or appear, with no delta anywhere.  Note one
# of the seven is cdrafts-split/FORS_C.ec: project code, not vendored library.
base-c10-split/BinaryTrees.ec::ge0_height	c93eef14842164a138f40a6be7094b62
base-c10-split/BinaryTrees.ec::height_eq0	d26489b94aae6108dc6993da74513146
base-c10-split/BinaryTrees.ec::height_gt0	79030225e693d6a9708fd1c52809da07
base-c10-split/BinaryTrees.ec::height_balanced_gt0	5e30428bfdfd50bfd867a51d6786ced9
base-c10-split/BinaryTrees.ec::subbt_empty	3ccf9c83a368c4c6f0cecf3a55c3c44a
base-c10-split/BinaryTrees.ec::vallf_subbt_Leaf	7a53f1a8e61e9a03aacf4bbc61415560
base-c10-split/BinaryTrees.ec::vallf_subbt_Node	630be5bd291641516980a1e8229e4ea8
base-c10-split/BinaryTrees.ec::list2tree_spec	5ad363a5f98257b0b42f235e10c7a5d5
base-c10-split/BinaryTrees.ec::list2tree_spec_ok	7a3d2bca545fe10f70ccd56ae8a45ada
base-c10-split/BinaryTrees.ec::list2tree_ok	c59a69a4c57b3edf632845ad7c3e590d
base-c10-split/BinaryTrees.ec::list2tree_lvb	98e46ba69fab8894a1cbc093f833165d
base-c10-split/BinaryTrees.ec::list2tree_height	edcd4d2820cb381a4702eb7893ea61cc
base-c10-split/BinaryTrees.ec::list2tree_fullybalanced	c89da2ce6ef6e22d5b74d1ba536a2b36
base-c10-split/BinaryTrees.ec::list2tree1	a1a20966e5d458bb2242dd7584567ebc
base-c10-split/BinaryTrees.ec::list2tree_uniq2	edda147b3d8e2c9279a3741073857987
base-c10-split/BinaryTrees.ec::list2tree_uniq	c5b13d44a72bb4655638aa9ec590c267
base-c10-split/BinaryTrees.ec::list2tree_pred0	8e0a0da2228ec11476fe312b3ad64b11
base-c10-split/BinaryTrees.ec::list2tree0	9ec88a405a110ebc2a99979f893c2142
base-c10-split/BinaryTrees.ec::list2tree_predS	7780a877156ee16eb66a071517fe9e9c
base-c10-split/BinaryTrees.ec::list2treeS	b035af1a6e9fdde78e9e7ac122578716
base-c10-split/BinaryTrees.ec::subbt_list2tree_cons	037c0889593f1c57c5026a401f8ff2ee
base-c10-split/BinaryTrees.ec::subbt_list2tree_takedrop	ad35b417e50a391acc5811737dde4c48
base-c10-split/BinaryTrees.ec::subbt_list2tree_idx_leaf	558d06f900b6945c408f9f658c66b8b1
base-c10-split/HashAddresses.eca::eq_adrs_idxs	6e0fd96a5fa274818836071078949513
base-c10-split/HashAddresses.eca::eq_adrs_idxsq	6b3ec0cdd89b27ca090c662c72d3f1ea
base-c10-split/HashAddresses.eca::getidx_df_setidx	82e43f4a3885619f8619f37749a7d061
base-c10-split/HashAddresses.eca::valin_getidx_setidx	3705bf8607e52eb241c0166ee4040235
base-c10-split/HashAddresses.eca::eq_after_setidx	71424b43cb6bba4f1560b1fa090f4537
base-c10-split/HashAddresses.eca::neq_after_setidx_sida	3964e14d025dab516da0921a60e83b8a
base-c10-split/HashAddresses.eca::neq_after_setidx_sidv	16b2d0dcc054f6c5b6abb78a82693f76
base-c10-split/MerkleTrees.ec::size_consap	de4a274730ce78a0e7032ae11493cb4c
base-c10-split/MerkleTrees.ec::nth_consap	ad2db391a2a97260f310cb1199d62fb2
base-c10-split/MerkleTrees.ec::eq_valbt_valap	b82efb156766a4facec599ef55b3b704
base-c10-split/MerkleTrees.ec::ecbtapP	017c56160c80c658c326471746dbfbf4
base-c10-split/MerkleTrees.ec::ecbtabp_props	d6bddee493e9fc2c0c5ad216fea07db6
base-c10-split/MerkleTrees.ec::ecbtap_vals	61f620135e2e6c100335518c71eed84f
base-c10-split/OpenPRE_From_TCR_DSPR_THF.eca::mem_size_ge1	b27699d4c76fc50c0c6cd054c84e81e7
base-c10-split/OpenPRE_From_TCR_DSPR_THF.eca::mem_size_ge2	5f3e4398b5ef3acaabc3ef5642cfeac9
base-c10-split/OpenPRE_From_TCR_DSPR_THF.eca::uniq_size_ge2_mem	99b14610f3cff199309c4d435acfceb3
base-c10-split/OpenPRE_From_TCR_DSPR_THF.eca::is_finite_ispref	12029e5e5eb0034c87149b7648bdb924
base-c10-split/OpenPRE_From_TCR_DSPR_THF.eca::ltcard_szprefl	c29b11a3933d73a41f459148e95261ee
base-c10-split/OpenPRE_From_TCR_DSPR_THF.eca::rngprefl_image	a74158fd467e9aa804facebc65b3e484
base-c10-split/OpenPRE_From_TCR_DSPR_THF.eca::eqv_spex_szprefl	d0b7c2f9ae145c588894d101112c69e0
base-c10-split/OpenPRE_From_TCR_DSPR_THF.eca::eqv_img_prefl	1885b412c946c1adfc68b18f42bced84
base-c10-split/OpenPRE_From_TCR_DSPR_THF.eca::eqv_img_mem	3af39834e6e5b22bc184339969b886a2
base-c10-split/OpenPRE_From_TCR_DSPR_THF.eca::eqv_prefl_mem	17fbf23384c5bccbfbedb1d9e88e7748
base-c10-split/OpenPRE_From_TCR_DSPR_THF.eca::fin_sum_type	d1bf0556b66d4d630b618abff6e56510
base-c10-split/OpenPRE_From_TCR_DSPR_THF.eca::sumr_const_val	3ca45abd9b1c1aa1b0337ee8bd822b31
base-c10-split/OpenPRE_From_TCR_DSPR_THF.eca::sumr_const_val_seq	494085498d8aa9a7e2e850df4e1940fd
base-c10-split/OpenPRE_From_TCR_DSPR_THF.eca::Si_eq_sem	bdfc33a89cc94a15950388a9cdb7cc12
base-c10-split/OpenPRE_From_TCR_DSPR_THF.eca::pr_Si_Sief_eq	37d7306da9c6e6a8e0e7eed8dfdce9d4
base-c10-split/OpenPRE_From_TCR_DSPR_THF.eca::pr_Si_Sief	602322457fe878432af592f7269f1e49
base-c10-split/OpenPRE_From_TCR_DSPR_THF.eca::pr_Sief_Siis_eq	1313160bf9c77585bf66e0693705898e
base-c10-split/OpenPRE_From_TCR_DSPR_THF.eca::opreg0	f2a5318b6cf5fdcc85f23251a43d8a5b
base-c10-split/OpenPRE_From_TCR_DSPR_THF.eca::dspr0	4c12b8441b0237eb52f4b8c25ccec830
base-c10-split/OpenPRE_From_TCR_DSPR_THF.eca::spproba0	b4065dd6a776ec6731c82157d6c52b44
base-c10-split/OpenPRE_From_TCR_DSPR_THF.eca::tcr0	f898daa8f4bfee7d09a79783bba65e26
base-c10-split/OpenPRE_From_TCR_DSPR_THF.eca::si0	7e1dad1c023d3283eb3d169dfac9ccd6
base-c10-split/OpenPRE_From_TCR_DSPR_THF.eca::ef0	b894ed143546a7f17997b0e8af6c7bff
base-c10-split/OpenPRE_From_TCR_DSPR_THF.eca::is0	a3bc23fb1841829caf9cffa7e94f97b5
base-c10-split/OpenPRE_From_TCR_DSPR_THF.eca::pr_Sief_Siis	ce25c1840567fc45cccb4c416cb5e30b
base-c10-split/OpenPRE_From_TCR_DSPR_THF.eca::pr_Siis_Siisa_eq	122b68a94493bd218dcabfbef22d2257
base-c10-split/OpenPRE_From_TCR_DSPR_THF.eca::pr_Siis_Siisa	5fda8ee2d6dc85af2f6f2da46eba270a
base-c10-split/OpenPRE_From_TCR_DSPR_THF.eca::PrSiis_Siisa_sub	9ca2c3333d74903a08c9c1e2f530daca
base-c10-split/OpenPRE_From_TCR_DSPR_THF.eca::pr_cond_neqxxp_Si	61bfcf01aaf58c915c9e7a42c3c59112
base-c10-split/OpenPRE_From_TCR_DSPR_THF.eca::pr_OpenPRE_bigSi	aa425be57c87cf18878845d517fd796e
base-c10-split/OpenPRE_From_TCR_DSPR_THF.eca::pr_DSPR_bigSiFi	595d6deb5ab446f6e27aeb9d921147e2
base-c10-split/OpenPRE_From_TCR_DSPR_THF.eca::pr_SPprob_bigSi	2289c9f872ab7f81bb558b4b9b695439
base-c10-split/OpenPRE_From_TCR_DSPR_THF.eca::pr_DSPRSPprob_bigSi	1399cd78910c99490abc05b17061fc64
base-c10-split/OpenPRE_From_TCR_DSPR_THF.eca::pr_TCR_bigSi	08a63a631ebdde5bc0146013a9aa2b41
base-c10-split/OpenPRE_From_TCR_DSPR_THF.eca::OpenPRE_From_DSPR_TCR	eb4fc430b56ef120bbe2d656c017965d
cdrafts-split/FORS_C.ec::mco_C_predC	7d21a34be2e1a7beefd3d4e2c502e874
cdrafts-split/FORS_C.ec::O_ITSRC_query_good	fc2e7806f1a2c0aa96a261e1bfed1cee
cdrafts-split/FORS_C.ec::eufcma_forsc_I_eq	7d0fe99ae79ec95cb16fc9ff2167edb6
cdrafts-split/FORS_C.ec::ITSRC_hop	e4c9e94fb8a8196745fb8e288872857c
cdrafts-split/FORS_C.ec::EUFCMA_FORSC	ea3a6bd030748ef5814c381cc1f970de
# --- DEFINITIONS in the 7 non-root cone files (2026-08-20) ---
# A BODIED op is pure logical content that NOTHING watched: cert_cone.py skips any
# op/const/type whose declaration has a body (a definition, not a parameter), and
# PHASE 1h enumerates only statements.  MEASURED: redefining
# cdrafts-split/FORS_C.ec::predC_fors -- the FORS+C GATE PREDICATE -- to `true`
# left the digest of the lemma carrying it (mco_C_predC) IDENTICAL and coverage
# still reporting full coverage.  Nothing moved.  These pins fix that for the 7
# files this change is about.  SCOPE, STATED: this pins CHANGES to these
# definitions; nothing yet FORCES a new definition to be pinned, and the same
# hole spans all 45 cone files (661 op/const/abbrev, of which 90 are not
# pinnable by the current tool: 84 resolve to None, 6 are genuinely AMBIGUOUS).
op:base-c10-split/BinaryTrees.ec::height	77c4387b5766713a21106308f06bcc24
op:base-c10-split/BinaryTrees.ec::fully_balanced	f7f775f77f26f9a5da5fe386222d15f7
op:base-c10-split/BinaryTrees.ec::sub_bt	463cd8e2b77feb83b7dc610b617886b7
op:base-c10-split/BinaryTrees.ec::val_lf	b8d5f7ee29d0587b3374a7a9cdc3545c
op:base-c10-split/BinaryTrees.ec::vallf_subbt	add8b302050b2686a38379354d98d479
op:base-c10-split/BinaryTrees.ec::list2tree_pred	6ea6f5c313a6706059e49f83870b4301
op:base-c10-split/BinaryTrees.ec::list2tree	08d3169d1d54d07043297816a92cebcf
op:base-c10-split/HashAddresses.eca::l	63c59dd2d0d67676c8dc1824b5867a4e
op:base-c10-split/HashAddresses.eca::valid_idxvals	b32e92c2c5279482288625c092f5e349
op:base-c10-split/HashAddresses.eca::valid_adrsidxs	b1166bbd6dabce09bc74f237f1db6250
op:base-c10-split/HashAddresses.eca::get_idx	8bbf889879ce35387ded6c5069222d40
op:base-c10-split/HashAddresses.eca::set_idx	23eaa39fc381b0da9b17a0e59086c7d6
op:base-c10-split/HashAddresses.eca::valid_setidx	de5e61d2097f868cc4d8069ee7b68795
op:base-c10-split/HashAddresses.eca::eq_idx	bee2e5249166e264b687255ed75a0001
op:base-c10-split/KeyedHashFunctions.eca::f	d14ddf97e5af2d4f808596d2ce8f7c4b
op:base-c10-split/KeyedHashFunctions.eca::t_smpre	9f71d8cd893755d9e681e53fc80cd7e6
op:base-c10-split/KeyedHashFunctions.eca::t_mmpre	2e5eb2bd526667aa355730174c781117
op:base-c10-split/KeyedHashFunctions.eca::t_smspr	4229e371fb820510df3ad32248bedeb1
op:base-c10-split/KeyedHashFunctions.eca::t_mmspr	7389856192332d8d57e7d21787eaf228
op:base-c10-split/KeyedHashFunctions.eca::spexists	4ecf0ba77e2c145385b2a7768c8c9272
op:base-c10-split/KeyedHashFunctions.eca::t_smdspr	b7484a9f8ce2181af5bc260cb99b9cc9
op:base-c10-split/KeyedHashFunctions.eca::t_mmdspr	36336327ac5ffb31a87e414a119001a4
op:base-c10-split/KeyedHashFunctions.eca::t_smud	bede33d610208777a0455ef5221ad529
op:base-c10-split/KeyedHashFunctions.eca::t_mmud	c35140819f2865f56972d4830f247841
op:base-c10-split/KeyedHashFunctions.eca::g	f838497d11b36ab3a14be65ca6b95bc2
op:base-c10-split/KeyedHashFunctions.eca::h	cb4dc00cebe0dc16393a70e4bedaf6ac
op:base-c10-split/KeyedHashFunctions.eca::doutm	3486e78b6681821a4e11a7a0d39db0dd
op:base-c10-split/MerkleTrees.ec::val_bt	1827103629ef8eefee77f8ef8fe6fca7
op:base-c10-split/MerkleTrees.ec::cons_ap	3ddeb4a14cdcaeba1cd44d815073b14a
op:base-c10-split/MerkleTrees.ec::val_ap	cf7c4a3711672f9dbd468806bfa8ba39
op:base-c10-split/MerkleTrees.ec::extract_collision_bt_ap	ef99cca109794b5146e340241cedd8ec
op:base-c10-split/OpenPRE_From_TCR_DSPR_THF.eca::t	6f21c9bb65d597748aafc25b30458924
op:base-c10-split/OpenPRE_From_TCR_DSPR_THF.eca::f	ce3471132a5d4e33f61a595edc53b9d1
# 2026-09-15: the row above was on TWO identical rows from 92ecb63 (2026-08-20) until today, so
# EXPECT_PINS was one pin high and PHASE 1c counted it twice.  The generator was not committed;
# neither stmt_coverage.py nor digest_op produces it.  PHASE 1c now refuses duplicate keys.
op:base-c10-split/OpenPRE_From_TCR_DSPR_THF.eca::dpp	4183bb38825b3dd232f9cf8da2c48705
op:base-c10-split/OpenPRE_From_TCR_DSPR_THF.eca::din	f0b2c3d9a80bd64b18825630cbb63dc6
op:base-c10-split/TweakableHashFunctions.eca::f	ce3471132a5d4e33f61a595edc53b9d1
op:base-c10-split/TweakableHashFunctions.eca::t_smdtpre	0eb2c8f056138566deb0f2f3926fa2b7
op:base-c10-split/TweakableHashFunctions.eca::t_smdtopenpre	97e43dae360d8a5b6f119b91545f6496
op:base-c10-split/TweakableHashFunctions.eca::t_smdttcr	dc98125693de904bce72a57ed8249b10
op:base-c10-split/TweakableHashFunctions.eca::spexists	6530b9cc938630b17c70427a02623e20
op:base-c10-split/TweakableHashFunctions.eca::t_smdtdspr	3800c4d28c8f784f588a97c4280058d7
op:base-c10-split/TweakableHashFunctions.eca::t_smdtud	1e57a8f07fbf1a3993cb797bb547308f
op:base-c10-split/TweakableHashFunctions.eca::disj_lists	228d52d75175339390d3af2272fb6477
op:base-c10-split/TweakableHashFunctions.eca::get_diff	65eca185f335fd5073abd09fbc7e02f6
op:base-c10-split/TweakableHashFunctions.eca::fc	de909d26ca6de8e846d14b4b2770a3d1
op:cdrafts-split/FORS_C.ec::k	9e22b6814a6f3814db510ffeb3a6e1bf
op:cdrafts-split/FORS_C.ec::a	189022591c4cc55c8ab5dc0faa6f8787
op:cdrafts-split/FORS_C.ec::t	b3dcd7a6b606bda098b6ba25d1e9051c
op:cdrafts-split/FORS_C.ec::adz	d7ac8e6eb90d5dc1584f21088aba500d
op:cdrafts-split/FORS_C.ec::mco	f2169a585ffb0020d7af1f2f551ed29f
op:cdrafts-split/FORS_C.ec::g	f838497d11b36ab3a14be65ca6b95bc2
op:cdrafts-split/FORS_C.ec::predC_fors	90059fe76e67f4941dac3a43a4a49a09
op:cdrafts-split/FORS_C.ec::gc	348f94ea728a1375a6bb2d2de56491be
op:cdrafts-split/FORS_C.ec::mco_C	686474d350581a582f6ff34adb116aaf
op:cdrafts-split/FORS_C.ec::hC	ebc60f31d3a69c22090f3a28f953cb88
op:cdrafts-split/FORS_C.ec::fkeygen	7bd60a3e5cfc35c22e486c817674ce21
op:cdrafts-split/FORS_C.ec::fsign	c597fa5279eaeb73c081ce3a04812f0c
op:cdrafts-split/FORS_C.ec::fverify	297c6ad567c6001ba7b29f0265359ba6
op:cdrafts-split/FORS_C.ec::verifyC	0bec72ca57ce72a09a89023c7e144710
# --- H1 resolved: the phantom mkg_adv summand dropped (2026-08-24) ---
# The headline at mkg_adv := 0.  FxChain.ec:2824-2834 records dropping this summand as
# the "honest fix" for an OPEN accounting hazard; the term is a universally quantified
# free real, so instantiating at its tightest admissible value is sound and yields a
# STRICTLY TIGHTER bound with one fewer premise and NO free real.
cdrafts-split/GprocChargedQWired.ec::EUFCMA_SPHINCS_PLUS_C10_CHARGED_QWIRED_TIGHT	94dcf5999dfbf5d19a2c53f796010a3b
# --- the clean statement AT DEPLOYED PARAMETERS (2026-08-24) ---
# Every previous deployed variant carried N2; the only N2-free/Q-free/free-real-free
# statement was not deployed.  This is the first that is all four.
cdrafts-split/GprocChargedQWired.ec::EUFCMA_SPHINCS_PLUS_C10_CHARGED_QWIRED_TIGHT_AT_DEPLOYED_PARAMS	16c2ad3b98c5667d09032f6cf2e4c473
cdrafts-split/GprocChargedQWired.ec::EUFCMA_SPHINCS_PLUS_C10_CHARGED_QWIRED_TIGHT_AT_PINNED_ENCODER	78cb5748ac4e222308c8ec0f4e0789e9
cdrafts-split/GprocChargedQWired.ec::pinned_encoder_is_not_degenerate	b11d7c6c4e810027b2b06f6ba2431138
# --- BadEncCountermodel.ec, pinned on promotion 2026-08-31 (23 statements). ---
cdrafts-split/BadEncCountermodel.ec::acoll_choose_ll	42132c39052c7c47569242e718bd1074
cdrafts-split/BadEncCountermodel.ec::acoll_choose_spec	c1c2c88d200f367c178aa49719b57933
cdrafts-split/BadEncCountermodel.ec::acoll_forge_ll	930478777c8dbacd51c763b1e9568abe
cdrafts-split/BadEncCountermodel.ec::acoll_forge_spec	24cc37b53759fc407a8747e006fdc5bf
cdrafts-split/BadEncCountermodel.ec::altx_query_computes_fun	dc395800bbcb644857148f7fd0c4e666
cdrafts-split/BadEncCountermodel.ec::altx_query_ll	c1b10464bb2c5a2f4b20cde3f88e1e70
cdrafts-split/BadEncCountermodel.ec::badenc_game_hoare	ab780de75fb9828376f98d8020a6494b
cdrafts-split/BadEncCountermodel.ec::badenc_game_ll	65f3a3e5e3ba8fe35edc9f271816256c
cdrafts-split/BadEncCountermodel.ec::badenc_is_one	2c01e380017c17bc005f5f7f69be7cca
cdrafts-split/BadEncCountermodel.ec::oc_gettw_ll	86b05164a6cdec028ae390a612c26600
cdrafts-split/BadEncCountermodel.ec::oc_init_ll	66fca72094b9505d704027d902f9b513
cdrafts-split/BadEncCountermodel.ec::o_dist_ll	6eca563ec6e534f58c498323d32b4e8a
cdrafts-split/BadEncCountermodel.ec::o_getadl_ll	2623e5cd4286573ff327200efd9c319c
cdrafts-split/BadEncCountermodel.ec::o_get_ll	9d0eac8c3119c412b1c5f71fbebfee38
cdrafts-split/BadEncCountermodel.ec::o_init_ll	c8528f745b1730d16584c660fdd9c109
cdrafts-split/BadEncCountermodel.ec::o_nrq_ll	17a33cb3d11e497045d3735151f92076
cdrafts-split/BadEncCountermodel.ec::pkfs_computes_fun	ea7869c8caab2fdac10ce1db63349046
cdrafts-split/BadEncCountermodel.ec::pkfs_encode_transfer	3eb0ee388a07e1c341ca3f439a410442
cdrafts-split/BadEncCountermodel.ec::pkfs_from_sig_ll	470ff7886b3e7bbda30c14b173c8a1e7
cdrafts-split/BadEncCountermodel.ec::size_pkfs_fun	bfb9fbe7eb87b80668dd1d982a4f811b
cdrafts-split/BadEncCountermodel.ec::verify_encode_transfer	481a3a44caf8fee493efa84dc55016ae
cdrafts-split/BadEncCountermodel.ec::verify_ll	42980a7588782ac83d562aa1402c78f8
cdrafts-split/BadEncCountermodel.ec::verify_replay_valid	f7e1a0bd303fcb9e6fd0b746df153faf
# --- WotsLegCharged.ec, pinned on promotion 2026-09-01 (7 statements). ---
cdrafts-split/WotsLegCharged.ec::composed_choose_ll	4983e42a8288a235911b5906ab149435
cdrafts-split/WotsLegCharged.ec::composed_forge_ll	27d18f697dbfcc7055ded9c71938c4ce
cdrafts-split/WotsLegCharged.ec::fors_sign_ll	3411783917707fba0835f13239d7d1ce
cdrafts-split/WotsLegCharged.ec::gen_leaves_ll	b5e4ac8d9ae8eb01f8ab2e60f2a33712
cdrafts-split/WotsLegCharged.ec::rtopc_choose_ll	5c6837b459d3d9815703877af86b4371
cdrafts-split/WotsLegCharged.ec::rtopc_forge_ll	a2613f5007f69565313fc14120d4a4a7
cdrafts-split/WotsLegCharged.ec::wots_leg_charged_at_deployed	b8feb97aa0060101095f18e01a0c12fd
# --- GprocWotsNamed.ec, pinned on promotion 2026-09-01 (1 statement). ---
cdrafts-split/GprocWotsNamed.ec::EUFCMA_SPHINCS_PLUS_C10_CHARGED_QWIRED_TIGHT_AT_DEPLOYED_PARAMS_WOTSNAMED	ff11289036ebf282e3d985faee4010cd
# 2026-09-14: the 57 statements of the promoted T_COLL_RES_ENUM chain (TCollResEnum 19, BadEncSplit 8, BadEncToTColl 7, BadEncStep4 23).
cdrafts-split/TCollResEnum.ec::win_core_iff	047f0a5477f580076e424be014719d17
cdrafts-split/TCollResEnum.ec::P_transfers_across_codeword	5b9f528d49c6e21bb0428619d7857521
cdrafts-split/TCollResEnum.ec::win_needs_surface_coll	531b6eeef98b929ad76ba55b40da27e9
cdrafts-split/TCollResEnum.ec::ThCsurface_implies_surface	e0d2f62515bed7981096e4f2f4b9b3bb
cdrafts-split/TCollResEnum.ec::query_preserves_wf	3420b53d349b1fa48468e97e8e24b43c
cdrafts-split/TCollResEnum.ec::tcoll_win_needs_coll	b103107dd976e0828f649def9af5c099
cdrafts-split/TCollResEnum.ec::W_distinct_at	2488d2885efe89d8b4f99a3e62312e97
cdrafts-split/TCollResEnum.ec::W_collides_at	52af5f2ec673aec518b3bed251abb860
cdrafts-split/TCollResEnum.ec::W_gated_at	44936c5776c9aa7d57d10989833158c3
cdrafts-split/TCollResEnum.ec::o_tcoll_init_ll	a3688bd4ec6fed512a5fb83423557e32
cdrafts-split/TCollResEnum.ec::o_tcoll_query_ll	8c9392ba9c34e6cc01b2227347c1d607
cdrafts-split/TCollResEnum.ec::o_tcoll_get_ll	494c82c94ec08ebd5c0a75174ab27401
cdrafts-split/TCollResEnum.ec::o_tcoll_nrt_ll	63cef9dff9f7600207c69687804a3b38
cdrafts-split/TCollResEnum.ec::oc_init_ll	66fca72094b9505d704027d902f9b513
cdrafts-split/TCollResEnum.ec::bwit_pick_ll	d8fa2538544e09271f875a4ee3f6913d
cdrafts-split/TCollResEnum.ec::bwit_find_ll	f03f41ea8edc33f6d9fc16d5128ff899
cdrafts-split/TCollResEnum.ec::tcoll_game_ll	1104f87cf9357544fcb65e9ab009db96
cdrafts-split/TCollResEnum.ec::tcoll_witness_hoare	c6bca3a609c51fab6fcea901af060a7e
cdrafts-split/TCollResEnum.ec::tcoll_witness_is_one	e793ad73c7953b7831fcc89617962220
cdrafts-split/BadEncSplit.ec::coll_splits_by_level	cd3d7387bc06b351ce880fc676ba6c08
cdrafts-split/BadEncSplit.ec::extraction_good_branch	2751721fbf170d2d77c2559d3935ba67
cdrafts-split/BadEncSplit.ec::coll_is_encoder_collision	ec2e8cb63aa525ab771fa0eb854a6701
cdrafts-split/BadEncSplit.ec::badenc_splits_gated	f61a85710d8bff819ba40e123b779ee0
cdrafts-split/BadEncSplit.ec::B1_B2_disjoint	27d2334c320505b45d9a53f2c8b4be8c
cdrafts-split/BadEncSplit.ec::B2_is_tcoll_win_core	19d5e38d089eac488c47ad864f757d3d
cdrafts-split/BadEncSplit.ec::split_under_freshness	3f686c14e834c0a8e7434c0899879239
cdrafts-split/BadEncSplit.ec::freshness_gives_tcoll_core	c0c5dc6faf7da1f4fb5c262eeb4acc78
cdrafts-split/BadEncToTColl.ec::wads_parallel_rcons	05e6349f4f3ce2676dec3faf2da081bc
cdrafts-split/BadEncToTColl.ec::qs_ThC_images_rcons	51172799fa6ea62deafdaa691c28be38
cdrafts-split/BadEncToTColl.ec::parallel_gives_common_addr	fe4c1317650a9bfec619b9dd079dd967
cdrafts-split/BadEncToTColl.ec::images_give_ThC	d851d3b080d7d5d8a49acaf4d9a6f7bf
cdrafts-split/BadEncToTColl.ec::neq_sym_msgWOTS	794710a23262ac68e5310967fd2ffd1b
cdrafts-split/BadEncToTColl.ec::badenc_target_from_inv	4cfa68d4ee55741964c7081f9200a8cb
cdrafts-split/BadEncToTColl.ec::badenc_win_gives_tcoll_core	f8a7b7874ca1b00b704caf4de7bf2045
cdrafts-split/BadEncStep4.ec::cf_base	99f1533add4c88949837bc55463f697f
cdrafts-split/BadEncStep4.ec::cf_step	e82188e4532d3cce5cee10ad5063e39b
cdrafts-split/BadEncStep4.ec::thfc_is_f	5c203f7b146344e55719e6fb2503d50e
cdrafts-split/BadEncStep4.ec::s4_qs_ts_size	5e51dccd851cea6f510b6f8907da53bf
cdrafts-split/BadEncStep4.ec::s4_qs_ts_nth	b22a0ce9e70b2d8b80f7cca32b3dd7f7
cdrafts-split/BadEncStep4.ec::s4_wads_ts_nth	55b934f33cc4e8d08bad25d0e3f56c83
cdrafts-split/BadEncStep4.ec::s4_ts_enc_nth	57acc4322a7f9f817da308ce4c6474fa
cdrafts-split/BadEncStep4.ec::s4_qs_ts_rcons	2795d2737368068ab96ac91cbecfcd5e
cdrafts-split/BadEncStep4.ec::s4_wads_ts_rcons	28cc2fa6fd896489ea67dc99b2c71943
cdrafts-split/BadEncStep4.ec::s4_ts_enc_rcons	3fff0dba2fbb61627f4d63ce4dff7caf
cdrafts-split/BadEncStep4.ec::s4_transfer	52baec2f3eaa86dc06d30b91c22c6a13
cdrafts-split/BadEncStep4.ec::s4_qs_ts_open	0ef23f9f9b095e5550511224f5a99877
cdrafts-split/BadEncStep4.ec::s4_wads_ts_open	7de205a8e277b07fec72dbf99a90d2ef
cdrafts-split/BadEncStep4.ec::s4_ts_enc_rcons_enc	5e6af03fcfba9bbcdc0dfe2912e04185
cdrafts-split/BadEncStep4.ec::s4_qs_ts_close	2cc33fea01cff1c8df57583767d88764
cdrafts-split/BadEncStep4.ec::s4_wads_ts_close	fec22b884ac9140b7b13bbdb77cf3986
cdrafts-split/BadEncStep4.ec::sig_walk_step	efbc09883369aefcc5733b8a3f7971d4
cdrafts-split/BadEncStep4.ec::pk_walk_base	b14d5400bd8d1e5c2597be3215a38693
cdrafts-split/BadEncStep4.ec::pk_walk_step	54112d3825231456e02c855205719937
cdrafts-split/BadEncStep4.ec::query_eq_badenc	6c5e9b77ca110db3f48122e16a4283c5
cdrafts-split/BadEncStep4.ec::choose_eq_badenc	5505796100a63d1311e5bad978010c78
cdrafts-split/BadEncStep4.ec::forge_eq_badenc	f4a1d684fb75729871be303c24ba49c7
cdrafts-split/BadEncStep4.ec::badenc_le_tcoll	1167af7839c04b73df43d68f3a2ec511
# 2026-09-14: GprocTCollNamed.ec -- the deployed headline with the encoding-collision term at +C.
cdrafts-split/GprocTCollNamed.ec::EUFCMA_SPHINCS_PLUS_C10_CHARGED_QWIRED_TIGHT_AT_DEPLOYED_PARAMS_TCOLLNAMED	9ed66f0c705b7d0915a4d7477fb3a55f
# Concrete u32, physical byte adapter and bounded-search correspondence (2026-09-21).
cdrafts-split/C10BoundedGrind.ec::search_ll	cece957fa89d979674fbf705ad47a9cf
cdrafts-split/C10BoundedGrind.ec::search_spec	9258fd94d275fa83d54098a9db15c7ba
cdrafts-split/C10BoundedGrind.ec::of_int_value	4a553917a4ac3ddf46ea332b5aa72373
cdrafts-split/C10BoundedGrind.ec::first_hit_agrees	df23e558c8badf8c5e2df2c4435aee0d
cdrafts-split/C10BoundedGrind.ec::search_success_refines_grind	0065806cbb1b72febddbbfafe75aa0fa
cdrafts-split/C10Bytes.ec::bytes_to_bits_size	5c4580aeb9236f4888703e0539d8fb00
cdrafts-split/C10Bytes.ec::bits_to_bytes_size	a401375fecb7f80c4939e25ab1312578
cdrafts-split/C10Bytes.ec::bits_bytes_roundtrip	5e57ea602441c01a64f7e59945d38158
cdrafts-split/C10Bytes.ec::bytes_bits_roundtrip	9bcdfa0d08f57456f6348468c1a78158
cdrafts-split/C10Bytes.ec::counter_bits_size	2aabc15dd60e53dbf2e37f31f399ced5
cdrafts-split/C10Bytes.ec::counter_bytes_size	96907bacc4c0bbbaafda70dc612078a1
cdrafts-split/C10Bytes.ec::counter_bytes_roundtrip	8520e8c8e2b2679d270ec813c61e27be
cdrafts-split/C10Bytes.ec::payload_size	f9446d533b6ad98b9c4792c02d902d05
cdrafts-split/C10Bytes.ec::transcript_size	7f9dd67b6433f1ec16b1b6e621c07c8b
cdrafts-split/C10Bytes.ec::payload_recovers_compact	70bf84dc71299a775e8f909b66a1cf50
cdrafts-split/C10Counter.ec::enum_spec	575e55004d3452b6f2dddac747c0ceee
cdrafts-split/C10Counter.ec::enum_mem	60c2eb3ae5f621e5da16e6d79447a9da
cdrafts-split/C10Counter.ec::enum_uniq	64057429cb53e528f0229a4c85fea3af
cdrafts-split/C10Counter.ec::cardinality	dd078afc807ea44ffbe904798e59fc56
cdrafts-split/C10Counter.ec::cardinality_bound	03c126c38be9dfa4bbedc385f63ec534
cdrafts-split/C10Counter.ec::enum_nth	64d8906e043812737fe73ba758ab3378
cdrafts-split/C10Counter.ec::rank_numeric	a7fad2188fb48d2c6dc6960a85c32ba0
cdrafts-split/C10Counter.ec::signing_prefix	83a304ec29b4aa5e1deb58b47c98a778
cdrafts-split/C10Counter.ec::signing_size	8e6955ece68a69e474c92b5cfedbdb96
cdrafts-split/C10Counter.ec::signing_step_fits_u32	93ecf3ed7413a444ae4b513f18715abb
cdrafts-split/C10DeployedInstance.ec::c10_counter_cardinality	6afacb20d2628c3ce079c4a0cf4b3f17
cdrafts-split/C10DeployedInstance.ec::c10_counter_cardinality_bound	13ebd2d75101f189f2c51ccaffca33f3
cdrafts-split/C10DeployedInstance.ec::c10_counter_rank	a438a29450faee5c6fc03834a06ed089
cdrafts-split/C10DeployedInstance.ec::c10_emb_in_pinned	9044fbd4345880e23140c01c56bd8df5
cdrafts-split/C10DeployedInstance.ec::c10_emb_in_injective	27e63c1b60a2fa9deeb0438b1b0701ec
cdrafts-split/C10DeployedInstance.ec::c10_emb_in_width	1e16689a13c443922c3cdaa2bff6fc7c
cdrafts-split/C10DeployedInstance.ec::c10_payload_width	7f3d0234463b38f85d63208b6ba4f4ca
cdrafts-split/C10DeployedInstance.ec::c10_payload_recovers_emb_in	8cbdfe7c10069eacd75aee9bf36a399d
cdrafts-split/C10DeployedInstance.ec::c10_payload_injective	7c2e36b63a0d323ddb0018b63f0eb316
op:cdrafts-split/C10Counter.ec::enum	151a654287d3ea6910394b2881c1fc42
op:cdrafts-split/C10Counter.ec::signing_budget	362f936bd7e06976bd15ae8dce2df766
op:cdrafts-split/C10Counter.ec::signing_enum	1b460188eba15d7b34d86cdeb34f5309
op:cdrafts-split/C10Bytes.ec::bytes_to_bits	fbc00f4bc3291aeb0965e786dadba9dd
op:cdrafts-split/C10Bytes.ec::bits_to_bytes	4da47d44d285621ffa98c99153279146
op:cdrafts-split/C10Bytes.ec::counter_bits	dbdd32c017c236967f654e3126fa9c04
op:cdrafts-split/C10Bytes.ec::counter_bytes	603bd60cedf4f162203ef349533af274
op:cdrafts-split/C10Bytes.ec::compact	a54939db18f2b629add23871e29dba1e
op:cdrafts-split/C10Bytes.ec::payload	6e9e2e54afa43d75dd34d5a605cfc624
op:cdrafts-split/C10Bytes.ec::transcript	825079ff3c83bf2a0926b6d59c205668
op:cdrafts-split/C10BoundedGrind.ec::of_int	5a92106277c753db3f880daa8da42372
op:cdrafts-split/C10BoundedGrind.ec::hit	31dfef670e08c6594ac452eed3972448
op:cdrafts-split/C10DeployedInstance.ec::c10_n_m	6e184c2c73ada7dd3ddff728ac42e285
op:cdrafts-split/C10DeployedInstance.ec::c10_log2_w	f22cef594280479677b4a27e7dbdb060
op:cdrafts-split/C10DeployedInstance.ec::c10_w	6e950598df77e114a1f4110b09c73280
op:cdrafts-split/C10DeployedInstance.ec::c10_target_sum	06b23e767646f722c69fc0aa812be523
op:cdrafts-split/C10DeployedInstance.ec::c10_witness_digits	226d1602afe2ebe56d0da38e4d2b255e
op:cdrafts-split/C10DeployedInstance.ec::c10_witness_word	9f0de86885cb16d0e6ac71815cf8d27b
op:cdrafts-split/C10DeployedInstance.ec::c10_embg	377beba54cbdce2395abbe05c570a3e8
op:cdrafts-split/C10DeployedInstance.ec::c10_payload	df96a6378cc1dc96718448a62ea821f7
op:cdrafts-split/C10DeployedInstance.ec::c10_digit_at	e6175cd251ebec21325331abbd9c332f
op:cdrafts-split/C10DeployedInstance.ec::c10_witness_bits	400f8d29f054adfc72424870f7b58bde
# 2026-09-21: the constant-sum surface count, promoted from experiments/wots-badenc/count.
# 38 statements (PHASE 1h enumerates these) + 16 op definitions (PHASE 1c only).
op:cdrafts-split/VecDP.ec::vstep	5b8d2ce91c68d3652c931d1edec07da4
op:cdrafts-split/VecDP.ec::runs	6dc29d4f02b2ca97509b0c083d7fb288
op:cdrafts-split/VecDP.ec::vinit	e0406821487affa56f34eb2ce86d9682
cdrafts-split/CountDS.ec::count_ds0	b084a3886ae32f391dfe8e72c0f7098e
cdrafts-split/CountDS.ec::count_dsS	aa0119367a080064b9d3de10048c5b56
cdrafts-split/CountDS.ec::count_ds_neg	04ddd3879f1bf21a35a1e22b55a07970
cdrafts-split/CountDS.ec::words0	d7eabe3a002c343f72f8b223ac7bad01
cdrafts-split/CountDS.ec::wordsS	1bbb7d938c8e4a539e30a2e059ce66fe
cdrafts-split/CountDS.ec::sumz_cons	e0ae63851fa5253289db3df8cca5d710
cdrafts-split/CountDS.ec::mem_words	c0ecbec3c5ef1ad2599111e380347bf5
cdrafts-split/CountDS.ec::uniq_words	9d4e8233730dabeca585f11c5e763bf0
cdrafts-split/CountDS.ec::count_allpairs_cons	01e831a2e260df475750d8814dcadd7a
cdrafts-split/CountDS.ec::count_ds_correct	8e075d345ec4cd349d19db6042d7d1e2
cdrafts-split/CountDS.ec::count_ds_counts_digit_vectors	345b364aa4d6897903caa5932ecb2c63
cdrafts-split/CountDS.ec::size_vstep	856c559ee71111c82586c19546f672ed
cdrafts-split/CountDS.ec::size_vinit	530c06079d5ab4cfe6c9d11b95850e31
cdrafts-split/CountDS.ec::nth_vinit	48d2dc6a4fd5c4dff6833fcfac808566
cdrafts-split/CountDS.ec::take_consS	289aaa34abbc2cb130513bdcd02f2fa1
cdrafts-split/CountDS.ec::nth_vstep	6028f603f050f74da88ccbf81e8882e3
cdrafts-split/CountDS.ec::sumz_take_drop	649737ecff2a5d9c1573d6b93cad254a
cdrafts-split/CountDS.ec::vstep_rep	756a764fa9a7362aaa262ddd84c180b2
cdrafts-split/CountDS.ec::vinit_rep	88ababe031de02c3e3d67f36618f7663
cdrafts-split/CountDS.ec::runs_rep	b981ca6f14602bbdecd4834e14a82cce
cdrafts-split/CountDS.ec::count_ds_kernel	6690ccac2e4b3f4e21f8311c3e44b60e
op:cdrafts-split/CountDS.ec::cstep	ddec992652d9a8bb2ac0800f3c829856
op:cdrafts-split/CountDS.ec::count_ds	bd75d185983e4d2169ab7a12b887f2b6
op:cdrafts-split/CountDS.ec::is_digit	6bc23c683c5ab4ec4bbacae74c7b27c5
op:cdrafts-split/CountDS.ec::wstep	8d76be83a5456bdb52b310ba4ff12eb5
op:cdrafts-split/CountDS.ec::words	9751ae3ef3f3f6d6e9ca04dab7e54b3e
op:cdrafts-split/CountDS.ec::vrep	38d68916858ef0b4bc927e752850953c
cdrafts-split/C10SurfaceKernel.ec::c10_kernel	b89aa7e72aa9a6e16945cde3d151dfbd
cdrafts-split/C10SurfaceKernel.ec::size_fs205	12789aedf94cbd2c498f5845ba28b5e0
cdrafts-split/C10SurfaceKernel.ec::size_fu43	91c5534c5875bb45ef2b7ca9fe09288d
cdrafts-split/C10SurfaceKernel.ec::c10_surface_count	b8b27bba752ed6fa8aa4bb761b53731a
op:cdrafts-split/C10SurfaceKernel.ec::fs205	36dba7548058a435ea228b8e8a0d1a47
op:cdrafts-split/C10SurfaceKernel.ec::fu43	e05308f1f517c1edf9c158ed4673ccd3
cdrafts-split/C10Surface.ec::powlE	3d4c58bd97648ff979efc2d754f93c1c
cdrafts-split/C10Surface.ec::size_fu14	0a3e310c813d5ec8b3f152f8a1b413de
cdrafts-split/C10Surface.ec::size_fu15	7517d96983f55db15928c41fbb2490fe
cdrafts-split/C10Surface.ec::size_fu114	c4b02aa0ad4e9055386cf11efa5539bc
cdrafts-split/C10Surface.ec::size_fu115	dd179db2a688a028152e1f9ce0f7afff
cdrafts-split/C10Surface.ec::pow2_14	f9aec01b02ad0a5f13f495a676993d54
cdrafts-split/C10Surface.ec::pow2_15	b7c8e3446fa8733bd93705522c8bfe54
cdrafts-split/C10Surface.ec::pow2_114	a14060b2562d1401ce5fea96b03223df
cdrafts-split/C10Surface.ec::pow2_115	78de1bae66470164477e41c19dbab5a2
cdrafts-split/C10Surface.ec::pow8_43	033e5b808589b0843157e5b100f70a89
cdrafts-split/C10Surface.ec::c10_surface_bits	f66f78bbdc1106751d670af6a90d524a
cdrafts-split/C10Surface.ec::c10_surface_fraction	6751b0d1201e986e8b61a696ad2c1c28
cdrafts-split/C10Surface.ec::c10_surface_is_a_cardinality	e187dc2489d36a5f846660e1297e2e3c
op:cdrafts-split/C10Surface.ec::powl	d97eacc3c8a920ed99fb15b47b18be52
op:cdrafts-split/C10Surface.ec::fu14	edc1a19a865b1a87da195d94a91b6c69
op:cdrafts-split/C10Surface.ec::fu15	a5dcc6d5124825afafc37c86f9f7e9b9
op:cdrafts-split/C10Surface.ec::fu114	3e18c0fe04a19e95f7bd6a00877ee46a
op:cdrafts-split/C10Surface.ec::fu115	42bbb74f1f5e068355dfb62aa28afcde

# 2026-09-21 concrete encoder/count and bounded-failure batch.
base-c10-split/RadixEncoding.ec::digit3	f297805e05e71f4f903c7fdcfb0c489b
base-c10-split/RadixEncoding.ec::digit_integer	eeace4e816717251885018209333fd35
base-c10-split/RadixEncoding.ec::digit_range	7e904efdf9f7f98b39aacb2e9c363a93
base-c10-split/RadixEncoding.ec::digit_slice	0813c2abf1b350585a437da6722f60ca
base-c10-split/RadixEncoding.ec::digits_cat	bdf77018a229fc77a011639d8fc2c5c7
base-c10-split/WOTS_TW_ES.ec::encode_msgWOTS_digit	89df7295807f6b8cf4951fdf6a70a55c
cdrafts-split/BoundedIID.ec::bounded_as_conditioned_mixture	cb30a5fdb933af1d0601e0243cf10ed3
cdrafts-split/BoundedIID.ec::bounded_exhaustion	39fdc0eb21acd9475b1e6405409804ac
cdrafts-split/BoundedIID.ec::bounded_ll	2e73a402c0da6e512d78835ee5d5c0f9
cdrafts-split/BoundedIID.ec::bounded_step	f2718af1f2237a8c4ca60c5bad02e9c4
cdrafts-split/BoundedIID.ec::bounded_success_mass	41fc7ce825c99646b2e07fdbd049934a
cdrafts-split/C10BoundedIID.ec::acceptance_exact	96230030be8612ac86ca33133fde28c1
cdrafts-split/C10BoundedIID.ec::acceptance_positive	2f8a82bcb9a71ae9f0ecc9cf119988bc
cdrafts-split/C10BoundedIID.ec::fuel_size	95d707dcb78decf6f679016b5118d2c8
cdrafts-split/C10BoundedIID.ec::iid_exhaustion	86c8528fb7a33153189a06831624b558
cdrafts-split/C10BoundedIID.ec::iid_full_mixture	dd619a324b3cbdc0e5ef105591c0ab38
cdrafts-split/C10BoundedIID.ec::iid_search_ll	531a571a176ffbe04e5dd506cf57997f
cdrafts-split/C10BoundedIID.ec::iid_success_mass	9eace6afd63376cab130033f49010f49
cdrafts-split/C10BoundedSigning.ec::bounded_query_agrees	1c997045e29adee33d13fb3b03a304c8
cdrafts-split/C10BoundedSigning.ec::bounded_query_failure	89f6777c2cac920300e5ef372d43e02f
cdrafts-split/C10BoundedSigning.ec::bounded_sign_agrees	87a0685043a130cea323cb80123564a6
cdrafts-split/C10BoundedSigning.ec::bounded_sign_counter	79603a85c665f69bd41cfdc4866748bd
cdrafts-split/C10BoundedSigning.ec::bounded_sign_failure	1f773a278492d3cbbef000e5cafec40f
cdrafts-split/C10BoundedSigning.ec::bounded_sign_ll	c6ae1be75c945af226482ac2e1179dd9
cdrafts-split/C10BoundedSigning.ec::failure_never_wins	d4c8bf0d380d2fda4a7d1c7a5eed5191
cdrafts-split/C10BoundedSigning.ec::search_contract	429e2bb34f1479f6abf438d40cb5fa65
cdrafts-split/C10BoundedSigning.ec::search_contract_ph	81aa16590c53683974f4a300808336a7
cdrafts-split/C10BoundedSigning.ec::total_sign_counter	e5f34ca4cb8e76cb873243b20396ea24
cdrafts-split/C10DigitUniform.ec::pow2_3	61b83851b84a18f68144a14156fc78df
cdrafts-split/C10DigitUniform.ec::size_words	62438bac303026feab55aee3046c28f6
cdrafts-split/C10DigitUniform.ec::uniform_digit_sum	867546ca1d06f7a1f065c69cbf257aab
cdrafts-split/C10DigitUniform.ec::uniform_digits	cab140677050d599d3058cbdfa961648
cdrafts-split/C10DigitUniform.ec::uniform_same_support	b0d82fe14d68b3e2baf4c093ca4be441
cdrafts-split/C10DigitUniform.ec::uniform_three_bits	a12c75733d085ce643f92c4736985615
cdrafts-split/C10DigitUniform.ec::uniform_words	66590b5cac3d18e9a9c6e2894adb0db1
cdrafts-split/C10Encoding.ec::consumer_digit_sum	9642c7b3321317641b829a8092b60c80
cdrafts-split/C10Encoding.ec::consumer_predicate	57f84b3c44e0a4d2e85bea1f28a5ef8e
cdrafts-split/C10Encoding.ec::consumer_uniform_acceptance	ebc1a88f53b0c7bcc1fac061d126e587
cdrafts-split/C10Encoding.ec::consumer_uniform_acceptance_bits	373fe1dd08083a05a3dc34cbd21a86cf
cdrafts-split/C10Encoding.ec::deployed_digit	ab47001222254436201dad3a52e293d3
cdrafts-split/C10Encoding.ec::deployed_digit_integer	c19385b32591be00da0fb40919459946
cdrafts-split/C10Encoding.ec::deployed_message_bits	25edf4ba39c826c9f559e554642e7703
cdrafts-split/C10Encoding.ec::deployed_target_205	cd5028a04284c2aa8173af38dd7821b0
cdrafts-split/C10Encoding.ec::deployed_witness_bits	000ad314fedb81ee159bcd8c003349d3
cdrafts-split/C10Encoding.ec::uniform_digest_full	34ae2dfbf9bfa20a5670c41d393bfdba
cdrafts-split/C10Encoding.ec::uniform_digest_ll	1691b72802867dd130fda1f997eebd02
cdrafts-split/C10Encoding.ec::uniform_digest_uniform	98e1588fe8dd4d0a16877225620865b7
op:base-c10-split/RadixEncoding.ec::digit	61d45dd6c9eaddaa2ed5009a9e011d90
op:base-c10-split/RadixEncoding.ec::digits	d8274bf75860c4a16d3da42b27d19e5c
op:cdrafts-split/BoundedIID.ec::bounded	5607857dcd5c2ca10fd84042c9a5d2f3
op:cdrafts-split/C10BoundedIID.ec::acceptance	158b8bfff0c4dbd2c9693ca38a14bd08
op:cdrafts-split/C10BoundedIID.ec::fuel	a6d2ba515e88a647ab43f4e4fbe5c543
op:cdrafts-split/C10BoundedIID.ec::iid_search	65e9dcedd7ddb6be5a4fed26aaa30fea
op:cdrafts-split/C10BoundedSigning.ec::prefix_hit	45e6a02a0304432851c2c0604aecd633
op:cdrafts-split/C10BoundedSigning.ec::search_result	c1035c270679427f43a829d611a52a55
op:cdrafts-split/C10Encoding.ec::uniform_digest	a7067bf53ef8b7db3487dc9b80f4bb16

# 2026-09-22 bounded-game comparison and conditional WOTS composition.
cdrafts-split/C10BoundedGame.ec::bounded_choose	cd23ed2995402588c248d58aebb09c4c
cdrafts-split/C10BoundedGame.ec::bounded_failed_query_stops	20463f5606b17275abbcd72b3f6b1b81
cdrafts-split/C10BoundedGame.ec::bounded_verify_ll	73a9dd098ae2f4bf3fb862c28485a623
cdrafts-split/C10BoundedGame.ec::bounded_win_le_total	250136fb518b77e5e3f2827a995b2aa6
cdrafts-split/C10BoundedGame.ec::total_bounded_main	db8dabb92ef3c3034b6579d096d15fe1
cdrafts-split/C10BoundedGame.ec::total_bounded_query	841b66cf056b82b3357cf90dd7a025bc
cdrafts-split/C10BoundedReduction.ec::bounded_interactive_D1	4e6faf22ae0fe16b0b44cc7ecb6628db

# Bounded member-aware WOTS reduction (no universal N2).
cdrafts-split/C10BoundedMA.ec::bounded_choose_good	c871ed7eebf48b9a5639dbd41be92c79
cdrafts-split/C10BoundedMA.ec::bounded_choose_good_transcript	4c57344e98086e86a29eef400d91e9b9
cdrafts-split/C10BoundedMA.ec::bounded_interactive_D1_MA	7f6a8ee52e2bfdc4c5564b0b5bc93654
cdrafts-split/C10BoundedMA.ec::bounded_query_good_transcript	46ca5569a2a2b0a7461eef98765f4955
cdrafts-split/C10BoundedMA.ec::bounded_win_le_total_good	64e6b937a7f326dc16ed4f3ce28b528b
cdrafts-split/C10BoundedMA.ec::interactive_hop1_MA_good	4f93bc33b24265028fe6bc76db21aa24
cdrafts-split/C10BoundedMA.ec::prefix_hit_no_grind_failure	3af9040f0f3b412c4a04fccb78f87b1a
cdrafts-split/C10BoundedMA.ec::total_bounded_main_good	ee283041f80e136dde42dc8d07afed5f

# Bounded hypertree and actual leaf-reduction interfaces.
cdrafts-split/C10BoundedHypertree.ec::bounded_hypertree_first_failure	6ad8c286e0fdd0c94d276e8a7b4eb161
cdrafts-split/C10BoundedHypertree.ec::bounded_hypertree_sign_ll	d28455b16ccd5db91327754dcb9d12a7
cdrafts-split/C10BoundedHypertree.ec::bounded_hypertree_sign_size	fa94fa3902b54b7e74a58b5524cba16b
cdrafts-split/C10BoundedHypertree.ec::bounded_hypertree_win_le_total	2d842f35ce8b82fd73924f3be674e8d4
cdrafts-split/C10BoundedHypertree.ec::bounded_wots_miss	d4180cb47dc919769a9922ae79211920
cdrafts-split/C10BoundedHypertree.ec::hypertree_verify_ll	42c4e700e9706165cb97a27b036a6862
cdrafts-split/C10BoundedHypertree.ec::total_bounded_hypertree_main	5e754239fd0a43da06f26dbee50c75ee
cdrafts-split/C10BoundedHypertree.ec::total_bounded_hypertree_sign	bd93dd35a67b5814b1aad8b3ff9b8c79
cdrafts-split/C10BoundedHypertree.ec::total_bounded_wots_sign	5c1f2d39c96ee21849bad47cbca6cf5c
cdrafts-split/C10BoundedLeaf.ec::bounded_leaf_choose_ll	b7d3314c28b237879b72a6866b0b0428
cdrafts-split/C10BoundedLeaf.ec::bounded_leaf_forge_ll	5a904f9b419ef2b66b26a39b5de6cd7e
cdrafts-split/C10BoundedLeaf.ec::bounded_leaf_member_aware	cb8b3e6a35f553b3151bcca5d71712f2

# Remaining C10 research and exact conditioned-key consumer.
cdrafts-split/C10HashDomains.ec::hmsg_r_injective	f535ca6cf04128c0191c0f30af5dfe75
cdrafts-split/C10HashDomains.ec::hmsg_width	c38915951eb0b2f891b301551a27f5b6
cdrafts-split/C10HashDomains.ec::hmsg_wots_separate	cc7c9b1371f86fb843617491189446e7
cdrafts-split/C10HashDomains.ec::input_address	85b963a84f85cb7a5c9e3cf263619fa8
cdrafts-split/C10HashDomains.ec::pair_width	2db62bcdf7497f8e3ce31b9abe94c775
cdrafts-split/C10HashDomains.ec::r_hmsg_separate	a399ef7059438fcfbcd513212dca84a1
cdrafts-split/C10HashDomains.ec::r_width	d6ba0d12cb2c7dd79845cdcafce26ea7
cdrafts-split/C10HashDomains.ec::tagged_inputs_separate	ed61f41ae08add24275b40bf06d75c31
cdrafts-split/C10HypertreeCharged.ec::bounded_hypertree_charged	376f74a8a9857bc5a87180bb6b5eac3b
cdrafts-split/C10HypertreeCoverage.ec::all_paths_cover_cube	90da89cc533f84a7e0040ac90930ac5c
cdrafts-split/C10HypertreeCoverage.ec::covering_index_cell	8eb89b72624f3dd3c393421e1fa338f7
cdrafts-split/C10HypertreeCoverage.ec::covering_index_range	d952568e619ff4741f82a93fc2898dfd
cdrafts-split/C10HypertreeCoverage.ec::path_cell_fold	32a6f9b7c95e44903f20d7aba73fa49e
cdrafts-split/C10HypertreeCoverage.ec::subtree_width	5f9ba462ad67f2c84c7f7ac3c99a5aaf
cdrafts-split/C10HypertreeCoverage.ec::tree_count	2bd627e2e57701cff32bf6fc21ccee76
cdrafts-split/C10Randomizer.ec::adaptive_randomizer_collisions	eb162621d895ab3155733da809986f7c
cdrafts-split/C10Randomizer.ec::bool_word_mass	463d8be321006fc5acb47cc223079bd8
cdrafts-split/C10Randomizer.ec::one_draw_history_bound	97b00e9419cd431119e0a3cf9d991b0e
cdrafts-split/C10Randomizer.ec::randomizer_atom_bound	e7d3a5d4bef0bdee981cc21752115795
cdrafts-split/C10Randomizer.ec::randomizer_history_bound	7e8e0ce6b0bd590a1f8e5c4b59dd93ca
cdrafts-split/C10Randomizer.ec::randomizer_ll	fdf08ea6ad9032c7ce239e51fff45ad9
cdrafts-split/C10Randomizer.ec::truncate_uniform	17056e015c863c2bdd7ba9ee7f3f9f5b
cdrafts-split/C10SearchBounds.ec::acceptance_lower	fecd9105c06469e499e7361d0514fbfb
cdrafts-split/C10SearchBounds.ec::fresh_trials_bound	a0ea28dd4028edd11264aceb4aa43c6c
cdrafts-split/C10SearchBounds.ec::one_block_half	338fc792d1aedf8c59d393a14e216f4b
cdrafts-split/C10SearchBounds.ec::reciprocal_tail	8beb90b7925ab29f62547d856b1de5dd
cdrafts-split/C10SearchBounds.ec::shared_exhaustion_305_bits	355e0a853f070395d554a2ebab425bb7
cdrafts-split/C10SearchBounds.ec::shared_search_known_budget	c0cfacd3f18aaf273e9a1ba8782293bf
cdrafts-split/C10SharedSearch.ec::counter_inputs_size	7977733dd1fc7b9a3b26a2e4a5d58aae
cdrafts-split/C10SharedSearch.ec::counter_inputs_unique	e11bc47d2a93c9748a15de5d7dd5d6a8
cdrafts-split/C10SharedSearch.ec::shared_fresh_exhaustion	3b0e7692f9f9b8b4fc53e1d2e9b73727
cdrafts-split/C10SharedSearch.ec::shared_history_exhaustion	555039a9baa71003fc51c1281d96f6ce
cdrafts-split/FORS_C10.ec::bounded_r_conditioned_mixture	8d940812affd2d152a2c028ea309f6c0
cdrafts-split/FORS_C10.ec::bounded_r_exhaustion	d1c5abcd23b645a149b814097900e344
cdrafts-split/FORS_C10.ec::bounded_r_ll	4c7ccae0d292f2b52e8ec48aa8077cde
cdrafts-split/FORS_C10.ec::bounded_r_success_le_conditioned	65044f1bab319f7790a0c43630889e5f
cdrafts-split/SharedROBounded.ec::fresh_count_insert	a5c12bc80c35cc4aae020f504297590a
cdrafts-split/SharedROBounded.ec::fresh_search_exhaustion	06b064546f959b37466931e714a3d754
cdrafts-split/SharedROBounded.ec::fresh_search_is_iid	3aa3cb81605afdd472e6c5cddfe8e493
cdrafts-split/SharedROBounded.ec::history_search_exhaustion	9727058d78c3d127d116df7de5903a88
cdrafts-split/SharedROBounded.ec::replay_failed_answer	5f1d0a1ab12d13fbdcae37bee3c701f9
op:cdrafts-split/C10HashDomains.ec::address_tag	1b530e74c6bb13e73620049ad5683b59
op:cdrafts-split/C10HashDomains.ec::hmsg_input	04378b0c4a3780ae4419750cf73e2285
op:cdrafts-split/C10HashDomains.ec::pair_input	fcb2a200ace808695b970623630667c9
op:cdrafts-split/C10HashDomains.ec::r_input	c6d5bddcedcac224ef98d79b111aa246
op:cdrafts-split/C10HypertreeCoverage.ec::covering_index	711e783baa460ca7b09b61ddd5cfed5f
op:cdrafts-split/C10HypertreeCoverage.ec::path_cell	a141b28cd25242b200ebb257e4d914bd
op:cdrafts-split/C10Randomizer.ec::full_digest	030c10882355bd7db45caae78a9e90ae
op:cdrafts-split/C10Randomizer.ec::randomizer	fb03f8bc658db55f71d72691497dcc02
op:cdrafts-split/C10Randomizer.ec::truncate_r	51ae6696ecabbae451074a8548401a9f
op:cdrafts-split/C10SharedSearch.ec::counter_inputs	2b4ac6fd3ff2bd6298ced3fe91e1bf18
op:cdrafts-split/C10SharedSearch.ec::shared_search	d058e6dd5ade11fc253111fd1a4290ce
op:cdrafts-split/FORS_C10.ec::bounded_r	f4f518741b676e4f2c97fa75569fbb94
op:cdrafts-split/FORS_C10.ec::dmkey	35897c75c031a9583554174db7e9a860
op:cdrafts-split/FORS_C10.ec::g	f838497d11b36ab3a14be65ca6b95bc2
op:cdrafts-split/FORS_C10.ec::good	4ea376d8eace8d09ca3c1a1db39e58dd
op:cdrafts-split/FORS_C10.ec::hC	87aece1cbd3a101b4840b305775ae46c
op:cdrafts-split/FORS_C10.ec::mco	f2d89182d24b0bc7325135ca9aaad4cd
op:cdrafts-split/FORS_C10.ec::predC_fors	90059fe76e67f4941dac3a43a4a49a09
op:cdrafts-split/SharedROBounded.ec::fresh_count	9d34ceb7fe7bdc17d8be29477276b40a
op:cdrafts-split/SharedROBounded.ec::ro_search	fa21ff457165258d0f63f14b1215dea3

# Remaining C10 research and exact conditioned-key consumer.
cdrafts-split/C10HypertreeCoverage.ec::ht_capacity	1f7e7d25d8554c1e4e63a9ea7c6b5541
cdrafts-split/C10HypertreeCoverage.ec::pow2_9	028849f84d949791258981994eaf5769
# 2026-09-23 accepted history and stateful raw oracle.
cdrafts-split/C10AcceptedReduction.ec::observed_choose_build	945815873fe2ed1d83722306fcfad7b7
cdrafts-split/C10AcceptedReduction.ec::accepted_records	c658e8092ce1d8a195de5cfe74108fc4
cdrafts-split/C10AcceptedReduction.ec::forge_accepted_no_failure	26c3a42e2376b59441a54551254819ae
cdrafts-split/C10AcceptedReduction.ec::reduced_game_accepted_no_failure	b82ba31ae0dd872443dfec5e0bcf3110
cdrafts-split/C10AcceptedReduction.ec::reduced_game_good_probability	3427ddc4bdf0d751dfc086c7920927fc
cdrafts-split/C10CubeConstruction.ec::subtree_leaf	c186e3c623fa0c2a97f44f84393cd6ec
cdrafts-split/C10CubeConstruction.ec::nodes_input	e1b319c0fba6a105fd4231ee85c0ff61
cdrafts-split/C10CubeConstruction.ec::nodes_append	5ebde79c17c96d73e447b0d9a5746686
cdrafts-split/C10CubeConstruction.ec::subtree_node	c7a4aeb5f4f144ff66aadffde518a657
cdrafts-split/C10CubeConstruction.ec::subtree_top	427128e623a4b18cab373159e66f0d69
cdrafts-split/C10CubeConstruction.ec::node_capacity	c97b74af41950f23137f5d70c32ddae9
cdrafts-split/C10CubeConstruction.ec::nodes_nonnegative	1144a4fe526083b84f0f3d5556900c93
cdrafts-split/C10CubeConstruction.ec::child_ranges	a467ae67eb40a3bef6fb6e14a3d9be23
cdrafts-split/C10CubeConstruction.ec::node_step	c3e8e45052787208bcc6d576c9015c15
cdrafts-split/C10CubeConstruction.ec::row_append	c69dfcbb12646050b86e14c6692aeccb
cdrafts-split/C10CubeConstruction.ec::nodes_empty	7d142293aa7466135b6d91ebe8ded676
cdrafts-split/C10CubeConstruction.ec::nodes_complete	afd25e5959f243bef98efd07524bef2a
cdrafts-split/C10CubeConstruction.ec::cell_waddress	3760d333bcff741fbdf702bb56ecc46f
cdrafts-split/C10CubeConstruction.ec::collection_pkco	01e9c208a67185c4f6703d1d596fc2b5
cdrafts-split/C10CubeConstruction.ec::tree_records_append	482ba7e6222b9947cfe1f85114f67bf4
cdrafts-split/C10CubeConstruction.ec::layer_records_append	6dff2b3350b26790161bb3d80c2af45b
cdrafts-split/C10CubeConstruction.ec::layer_good_append	b03f61ba5c4860c5a3ff57723ed2808e
cdrafts-split/C10CubeConstruction.ec::source_append	5aaca8271ed4d26d2577beda6b3f1373
cdrafts-split/C10CubeConstruction.ec::source_last	08670dfe56097b733a412c4fb6de933c
cdrafts-split/C10CubeConstruction.ec::cube_records_append	663fc47fb960568594fbb77966b0acfb
cdrafts-split/C10CubeConstruction.ec::cube_good_append	19791c13eb0a5e75cf32acebb605e45e
cdrafts-split/C10CubeConstruction.ec::tree_good_append	30fdff7efc280354d8edfe6b1ed82c58
cdrafts-split/C10CubeConstruction.ec::empty_tree_good	1fb3aeaf7d334486fa26a65a773fd360
cdrafts-split/C10CubeConstruction.ec::empty_tree_records	6f70eac0d45a174f713218ce44298a02
cdrafts-split/C10CubeConstruction.ec::empty_layer_good	c560eb2bc010985fa30b1fca54f18741
cdrafts-split/C10CubeConstruction.ec::empty_layer_records	8af3445a7add0d347a15a78cd33645c0
cdrafts-split/C10CubeConstruction.ec::completed_cube_consistent	33eda69ca7bfeba323c687a1be6c3d44
cdrafts-split/C10CubeConstruction.ec::completed_cube_records	794062110e9946f7f57f2c38371382d2
op:cdrafts-split/C10CubeConstruction.ec::subtree	3631cc2774b6d04f1104197326be1fc5
op:cdrafts-split/C10CubeConstruction.ec::nodes_good	d3a05fa13cb0356f350959a1774933ce
op:cdrafts-split/C10CubeConstruction.ec::cell_record	dbedf26bda710b11c3373a35c93d6411
op:cdrafts-split/C10CubeConstruction.ec::tree_records	71e478b54247a47bf59d53ee4005cbcb
op:cdrafts-split/C10CubeConstruction.ec::layer_records	be3ec6f8f801d2459389cc9d94426c65
op:cdrafts-split/C10CubeConstruction.ec::layer_source	d2e23e0228bb66382e2554f0d0125430
op:cdrafts-split/C10CubeConstruction.ec::cube_records	d193135d51f82ea275dcc4614158b74e
op:cdrafts-split/C10CubeConstruction.ec::tree_good	0e85efe18662f733eba8c8374fa99724
op:cdrafts-split/C10CubeConstruction.ec::layer_good	96a17f16209c70fa3a3085fdd6596a56
op:cdrafts-split/C10CubeConstruction.ec::cube_good	5429b5b2a4549b645c98894324779b27
cdrafts-split/C10CubeCorrect.ec::keygen_functional	8df43e50ba0ee95626211e3d1d595bce
cdrafts-split/C10CubeCorrect.ec::query_correct_spec	ec8422881e4e0fc082d8d1a18a566ba2
cdrafts-split/C10CubeCorrect.ec::query_preserves_correct	0f1ca04c05e88c7abb094319c8a67767
cdrafts-split/C10CubeCorrect.ec::accepted_queries_no_failure	10534729146f8f945c4f7f055c0f86f7
cdrafts-split/C10CubeCorrect.ec::cube_layer_step	29742370aef6403e23f5814a98097bc9
cdrafts-split/C10CubeCorrect.ec::path_cell_ranges	6d7d5459c6f92be681b448f74b59f3d1
cdrafts-split/C10CubeCorrect.ec::cube_path_predicate	968cabd8a6e86436cfbb58fc292eb9b7
cdrafts-split/C10CubeCorrect.ec::accepted_paths_cover_queries	8ace3f1c7ac9bfec8dcc984e03c1b1fb
cdrafts-split/C10CubeCorrect.ec::accepted_cube_no_failure	4d30ac7a101f1643d709a2216c4b7c6e
op:cdrafts-split/C10CubeCorrect.ec::query_correct	4bbd27b865c9502300f970526ff735d2
op:cdrafts-split/C10CubeCorrect.ec::msg_at	9f2255d212d43f633472d7d16b8aa607
op:cdrafts-split/C10CubeCorrect.ec::sig_at	ec1f528cc4290578618a3eb553c947eb
op:cdrafts-split/C10CubeCorrect.ec::leaves_at	8fed12342245cb0f97eeed7159248da0
op:cdrafts-split/C10CubeCorrect.ec::root_at	c31d283bcdb3c17f62e7dec5af1f3dd7
op:cdrafts-split/C10CubeCorrect.ec::pk_at	7f03d411fe6951251d5443664f2aaff2
op:cdrafts-split/C10CubeCorrect.ec::layer_signature	f926d949d7a8dc6423ec61b09fa5031a
op:cdrafts-split/C10CubeCorrect.ec::cube_path	cbd08546556416b2ea077b991a9511bc
op:cdrafts-split/C10CubeCorrect.ec::consistent_cube	cd11e47a1f3aa14d7f3651ebc9a20e51
op:cdrafts-split/C10CubeCorrect.ec::cell_accept	07fd294b3d3cb91aefdb4d42c9fd74ad
cdrafts-split/C10HypertreeAccepted.ec::pkco_oracle_observation	7f49f833069201e14753c2af97847cdc
cdrafts-split/C10HypertreeAccepted.ec::trh_oracle_observation	00af8f12e8cb1bc323e67592ca804df5
cdrafts-split/C10HypertreeAccepted.ec::observed_pkco_choose	26919654888d805569130048bb0943d4
cdrafts-split/C10HypertreeAccepted.ec::observed_trh_choose	1e3233d2824c18a1676bd712fd046efc
cdrafts-split/C10HypertreeAccepted.ec::bounded_hypertree_accepted	6d3ab0feddb13edeb934852a609a9949
cdrafts-split/C10HypertreeCorrect.ec::leaves_size	cb5af9ae01dba6950b8092f61591e058
cdrafts-split/C10HypertreeCorrect.ec::leaves_nth	b14f0ccc92b12c9921c8f525ca93a87d
cdrafts-split/C10HypertreeCorrect.ec::leaves_spec	e4bedefc82894e4abc3a66df1883d8c0
cdrafts-split/C10HypertreeCorrect.ec::signed_step_correct	adcc63be12a14967653729bd65aeeea1
cdrafts-split/C10HypertreeCorrect.ec::remaining_step	12e9d0f4194230498fd016b33ebe12b8
cdrafts-split/C10HypertreeCorrect.ec::remaining_valid	d484199f8a48a4053c934f50c757f691
cdrafts-split/C10HypertreeCorrect.ec::bounded_path_correct	aa5bc723aae1ed511f096f3e0bc86a5e
cdrafts-split/C10HypertreeCorrect.ec::keygen_layout	f1eea04b836c782f751d38b70bd8c1d6
cdrafts-split/C10HypertreeCorrect.ec::bounded_path_input	c3dc26f3a9eaef254719bd05a7734367
cdrafts-split/C10HypertreeCorrect.ec::keygen_consistency	4f232754f8449f88b52b63ada7864e63
cdrafts-split/C10HypertreeCorrect.ec::bounded_transcript_good	978bc45de6631c89df2e5687b6ca8f36
cdrafts-split/C10HypertreeCorrect.ec::observer_preserves_bounded_game	45b43bc5c64128ed472486d3ad502419
cdrafts-split/C10HypertreeCorrect.ec::total_bounded_hypertree_main_event	19e9dec5e3566272a5812a8dcf9336b6
cdrafts-split/C10HypertreeCorrect.ec::bounded_win_is_observed_good	fc06eebaa0087928c108c5f51c8fb984
cdrafts-split/C10HypertreeCorrect.ec::bounded_win_le_total_good	160b12bb961096b287f4cda9072c6a74
cdrafts-split/C10HypertreeCorrect.ec::observed_goodE	ea60689a966b0d901f0489212416aa5b
op:cdrafts-split/C10HypertreeCorrect.ec::leaf	aeef6af6a8fb9f624a7edabd929ffd78
op:cdrafts-split/C10HypertreeCorrect.ec::leaves	e23f412ddd1d7aa9678f30a86122e0a5
op:cdrafts-split/C10HypertreeCorrect.ec::path_step	54bbe85b26e18c397ecf59de1dcce48f
op:cdrafts-split/C10HypertreeCorrect.ec::path_result	8e2c79e35425b2a3cd61c026ba996b73
op:cdrafts-split/C10HypertreeCorrect.ec::remaining_idx	6fd9c595ced3d665aa134f320fb3329d
op:cdrafts-split/C10HypertreeCorrect.ec::good_transcript	5c3978771908b5724f0a50bd2fb9bf3b
op:cdrafts-split/C10HypertreeCorrect.ec::observed_good	7589e00558f41d8531e6443ff9d97090
cdrafts-split/C10RawGrind.ec::grind_cost	0e6008a16f54330f8613be88759299d5
cdrafts-split/C10RawGrind.ec::grind_ll	de9910bdca59813e7ce13e2089c8b276
cdrafts-split/C10RawGrind.ec::grind_accepts	4a2749d7233501a59691a5fd4be70f68
cdrafts-split/C10RawGrind.ec::randomizer_width	6cefc53a3e751691f9870a8ccfe2d6f8
cdrafts-split/C10RawGrind.ec::grind_width	07b7d257d750640b0ea7523bbd036291
op:cdrafts-split/C10RawGrind.ec::accept_digest	f1bd261239fe26e5b4fa7094d067862f
op:cdrafts-split/C10RawGrind.ec::compact_r	ffc86795c4480965cc6b7112d034ecbf
cdrafts-split/C10RawOracle.ec::full_digest_ll	5b2dab5ddfd88e0ae7920ab3753d035c
cdrafts-split/C10RawOracle.ec::hash_ll	f4e3c7be254069d67a4bcce1402c7e1a
cdrafts-split/C10RawOracle.ec::hash_cost	60e74e79224ad7f07b4ba40d5acb35dc
cdrafts-split/C10RawOracle.ec::hash_history	a885a04ef0e91ce54c690a652486570d
cdrafts-split/C10RawOracle.ec::hash_replay	53dbf2a112b57c0da4a5a7f87c69dee0
cdrafts-split/C10RawOracle.ec::instrumented_query	3a5ef98f210617c86e6eee938b22239b
cdrafts-split/C10RawOracle.ec::adaptive_instrumentation	fdc785babb521cd7f4db7774884cf5de
cdrafts-split/C10RawOracle.ec::hash_width	aa898875969844fc6b83fd53f0716d4b
cdrafts-split/C10RawOracle.ec::split_query	a2cc4b6c22770e6348c2ef7e7348ccf6
cdrafts-split/C10RawOracle.ec::adaptive_split	4cdad7d10441eccfcdeaea0e3a34f75c
op:cdrafts-split/C10RawOracle.ec::valid_history	6f39749763c8a71294a1741df73265d7
op:cdrafts-split/C10RawOracle.ec::r_domain	71772c40f9e8842f05475524b676037a
cdrafts-split/C10ReductionChoose.ec::choose_build	a95b3f312a419d1a0f2f8d4ef51b90c2
cdrafts-split/C10ReductionForge.ec::remaining_cell	fd32131bde075cada904a339de16fd2d
cdrafts-split/C10ReductionForge.ec::recover_frame	dad7107d34352307d1a35fa0452b1218
cdrafts-split/C10ReductionForge.ec::forge_shape	34df5b0965e3fe0ff966643b03545832
cdrafts-split/C10ReductionForge.ec::leaf_query_frame	678abbff98df1b226239d312d195057d
cdrafts-split/C10ReductionForge.ec::collection_query_frame	1df933b2e20b804b30d2aaddb5e745ce
cdrafts-split/C10ReductionForge.ec::choose_messages	fff6b7c74e0cd049c69dfc7c56431194
cdrafts-split/C10StatefulSearch.ec::result_projection	3f47784de4eb23bd7f4a2d338039ae82
cdrafts-split/C10StatefulSearch.ec::repeated_success	91c470ce06443c6c24b6f63a9600b011
cdrafts-split/C10StatefulSearch.ec::repeated_failure	6ae3b51e08d426a184651fa66c465154
op:cdrafts-split/C10StatefulSearch.ec::search_state	cc505282be3a0498de7b77e758f9d05b
cdrafts-split/C10WOTSCorrect.ec::recover_signature	a0dac143971bfadf497a3b724122dad2
cdrafts-split/C10WOTSCorrect.ec::public_key_spec	1fd018c24dac5aa48cd999f0a6979c46
cdrafts-split/C10WOTSCorrect.ec::signature_spec	fadc8b0204349d4dbe10927707c176f5
cdrafts-split/C10WOTSCorrect.ec::recovered_key_spec	1974cfa8ea0a50a548c441bcad387357
cdrafts-split/C10WOTSCorrect.ec::bounded_signature_spec	351bb7047332b3818d698338e315ae51
cdrafts-split/C10WOTSCorrect.ec::bounded_recovery_spec	29a88474df6cc7184800e71164a0bd3c
cdrafts-split/C10WOTSCorrect.ec::constructed_path_correct	9ed2166cdded1c1000da59a94f4c6917
op:cdrafts-split/C10WOTSCorrect.ec::public_key	56b743bf25c0a9386c00f6d23cf36cb2
op:cdrafts-split/C10WOTSCorrect.ec::signature	836a4d978730ac7a41e2593cc6653d0a
op:cdrafts-split/C10WOTSCorrect.ec::recovered_key	ec86ca9cb995ffd999b2829d86cbe338
cdrafts-split/FORSC10Digest.ec::zero_chunk_uniform	bdb0c139978cafc417974c7a82fe3ee6
cdrafts-split/FORSC10Digest.ec::fors_acceptance_mass	2e4e2a6a7a861dc8ec36e02ee760ea71
cdrafts-split/FORSC10Digest.ec::fresh_hash_acceptance	393b7062de29694ccb3877e7f2c7a39a
op:cdrafts-split/FORSC10Digest.ec::zero_chunk	67bfbbe63c75640dccbe2d0afdbaa1c0
cdrafts-split/XmssmtCC_All.ec::EqPr_MEUFGCMAWOTSC_Orig_V_event	ea8b21d23ff85994cc3921c18412603b
cdrafts-split/XmssmtCC_All.ec::seam_branch1_WOTSC_event	ff86be1df6f46b5595ae1b8f78bb058d
cdrafts-split/XmssmtCC_All.ec::Eqv_EUFNAGCMA_FLSLXMSSMTTWCESNPRF_C_V_event	cd1c57661b753a8345166ab0ecc8aa64
cdrafts-split/XmssmtCC_All.ec::Eqv_EUFNAGCMA_FLSLXMSSMTTWCESNPRF_Orig_C_event	4fef69c60a4a670ff8660286b7651537
cdrafts-split/XmssmtCC_All.ec::EqPr_EUFNAGCMA_FLSLXMSSMTTWCESNPRF_Orig_V_event	d3ce6930524e807bea91c3cbcfe01b21
# Adaptive shared-oracle and byte session, 2026-09-23.
cdrafts-split/AcceptedContexts.ec::extends_refl	44779cb196a9381ff198c494cdff24f3
cdrafts-split/AcceptedContexts.ec::extends_insert	58ad15f5fd0c2c2b5d16e675de6dc789
cdrafts-split/AcceptedContexts.ec::accepted_contexts_extend	8ceb32ac2a1b9ad1450d3a5b7398c1c8
cdrafts-split/AcceptedContexts.ec::hash_keeps_accepted	429cd5e8e82daa065af1920eb9f71dd5
cdrafts-split/AcceptedContexts.ec::derive_keeps_accepted	33ce7cbab166b745c1f1e6a3c49fb8d2
cdrafts-split/AcceptedContexts.ec::role_grind_keeps_accepted	fd00cc90353d2a466889c86d2c186e1b
cdrafts-split/AcceptedContexts.ec::accepted_contexts_add	7ce30585f78689546d35ac71fe848e9b
cdrafts-split/AcceptedContexts.ec::role_grind_records_context	578c31e6f4fa77dd08ba9eaa6b1f2960
cdrafts-split/ByteBound.ec::real_byte_structured	8820f986770aab5fee24a0e087d2d7d1
cdrafts-split/ByteBound.ec::independent_byte_structured	a78c56c8acbdc37cb74729291172c46d
cdrafts-split/ByteBound.ec::byte_physical_to_independent	839511c0b3e9080f0980838159c172ca
cdrafts-split/ByteSession.ec::byte_view_sign_lossless	c2dcf5e2e42ba2fc7fd9b13ab81e8bb7
cdrafts-split/ByteSession.ec::byte_lift_lossless	8cb2c70005b32a79cb04a2d73e72a8fe
cdrafts-split/ByteSession.ec::byte_driver_equiv	be46d6fa8bfcf7e5786ade7a073e2489
cdrafts-split/ByteSession.ec::byte_context_equiv	ba2a17e22c70f511e51e39c69a8af3de
op:cdrafts-split/ByteSession.ec::byte_values	90f49a144a913e38c2f5bf0994b9ed70
op:cdrafts-split/ByteSession.ec::byte_signature	c6deaad2aa2b475a16c21bef8a8c9c90
cdrafts-split/ContextExhaustion.ec::exhaustion_nonnegative	8a055870e79026f405f40c3d7b11e9c7
cdrafts-split/ContextExhaustion.ec::context_exhaustion	90b2acb25e1be2ccbe411a135c2d29e8
op:cdrafts-split/ContextExhaustion.ec::accepted_contexts	ac03de2d29c44248081a53500656fdab
cdrafts-split/ExhaustionCharges.ec::exhaustion_charge_mono	20a518c4e3c1bf708ef52c64c455fa35
cdrafts-split/FullPrefix.ec::full_physical_game_cost	d26cfe5543d233f6bf0c5207dad31835
cdrafts-split/FullPrefix.ec::full_physical_to_independent	215c599e951ec4abd9008fec42a67df8
op:cdrafts-split/FullPrefix.ec::full_public_budget	9435c0cf8dd20e107f1e0c728c8e37ca
op:cdrafts-split/FullPrefix.ec::full_physical_budget	8029c9908983ded066a9d4f004b84234
cdrafts-split/FullSession.ec::full_hash_lossless	dd19974c8419012cc77b11ff02460c54
cdrafts-split/FullSession.ec::full_sign_lossless	8c7e2fdc1429a01741cc8500b8056c42
cdrafts-split/FullSession.ec::full_driver_lossless	73bc45bc7413ea66afbe1bccc7ec9d17
cdrafts-split/FullSession.ec::full_context_lossless	d7f34a224ad61870c024b7ef560a9e7a
cdrafts-split/FullSessionCost.ec::full_client_physical_cost	53c15c1583266c11121eb813c07fb283
cdrafts-split/FullSessionCost.ec::full_driver_physical_cost	10d99505f5e93ba3593d4d3571176234
cdrafts-split/FullSessionCost.ec::full_context_physical_cost	edb64b7099f5dacbd848aa88bc66bd17
cdrafts-split/FullSessionCost.ec::full_client_public_cost	8e26815d3e4adddc1e15277618212626
cdrafts-split/FullSessionCost.ec::full_driver_public_cost	5371d3eb9bfe7516bfde40e2d56a58e0
cdrafts-split/FullSessionCost.ec::full_context_public_cost	888d18e061fce6b159b98f8aa304a539
cdrafts-split/GrindExhaustion.ec::stream_exhaustion_bound	f81a8df356c2a98d2a0a6627d6316e6a
cdrafts-split/GrindExhaustion.ec::role_grind_exhaustion_bound	f7d69a9b79e6616dcd09aab7a71c6dcc
op:cdrafts-split/GrindExhaustion.ec::revisit_charge	8a4d8bba5ab7e1e4c5fb277b9257145b
op:cdrafts-split/GrindExhaustion.ec::exhaustion_charge	d4a1e77c1669641b2273e7f8eb53bde9
cdrafts-split/GrindReplay.ec::hash_keeps_pair	a39179b5a0b393d6b58408aa201ab01e
cdrafts-split/GrindReplay.ec::grind_cached_success	180bb69e641ce7856efafdc7a1038ede
cdrafts-split/GrindTail.ec::reject_positive	df917dbda5e87cd56b1e622cdb162d4f
op:cdrafts-split/GrindTail.ec::reject_mass	a5f134dbfbfc92c7cc292b7066518246
cdrafts-split/GrindWitness.ec::hash_records	3944077bd6b07d7df39a59567e6a9fab
cdrafts-split/GrindWitness.ec::hash_records_keeps	41e9dc09807fc6fc98d645e21b8a0e91
cdrafts-split/GrindWitness.ec::grind_records_success	7e5ac56a4d4ecfc468a81b7dec3c6126
op:cdrafts-split/GrindWitness.ec::accepted_witness	4afa218e0cb7872d86b0f238697a2c8f
cdrafts-split/IdealWitness.ec::ideal_derive_pair	cce3bcabc1037b10e0a5d138ac8ebcf9
cdrafts-split/IdealWitness.ec::ideal_hash_pair	7b53106cd99d80485627b69172770018
cdrafts-split/IdealWitness.ec::ideal_cached_success	4366b06380e84b78fed6b787d8baddee
cdrafts-split/IdealWitness.ec::ideal_witness_failure_zero	ad51bd9de7f94ebf7a25a268a12a68aa
cdrafts-split/IdealWitness.ec::ideal_derive_records	01d00e7ac4eafce3f90af84a4f06afbd
cdrafts-split/IdealWitness.ec::ideal_hash_records	c645003bf0bfda4e716ee6b184d95ac1
cdrafts-split/IdealWitness.ec::ideal_grind_records	daa7a4ab5651359ff672499e6ebaa1ea
op:cdrafts-split/IdealWitness.ec::ideal_witness	a05a14e8ea464638f7079a2550e14fbd
cdrafts-split/KeygenExhaustion.ec::keygen_preparation_cost	b5f45c5318ab2ce510dfa7ea36324425
cdrafts-split/KeygenExhaustion.ec::keygen_preparation_lossless	1d590d4e353934319e535f4e1f36995e
cdrafts-split/KeygenExhaustion.ec::keygen_then_shared_grind_exhaustion	98699a75a1188c75ae5584e44256b522
cdrafts-split/KeygenPrefixes.ec::derive_preserves_no_r	d1527660c9ad707997735cca0aef270a
cdrafts-split/KeygenPrefixes.ec::hash_preserves_no_r	2cdffef293057ff72441f9a311bac27b
cdrafts-split/KeygenPrefixes.ec::wots_preserves_no_r	4ca02addb9e71f455df42e830d40975c
cdrafts-split/KeygenPrefixes.ec::fors_preserves_no_r	c55663c6d3ca9ba7d9bc7c4e76bd8f4d
cdrafts-split/KeygenPrefixes.ec::preparation_preserves_no_r	80e17b99b3ecba709c22611d12c6fc09
cdrafts-split/KeygenPrefixes.ec::no_r_future_fresh	7ca51bf0ab59cb589b06c8c2ba80fb26
op:cdrafts-split/KeygenPrefixes.ec::wots_tag	f41c01cdf30beb78978a4d580d7ed1d7
op:cdrafts-split/KeygenPrefixes.ec::fors_tag	ac8130b423ac7d2bdda6f8dcc2a1d002
op:cdrafts-split/KeygenPrefixes.ec::no_r_tails	229f7b855815c4604bf5c5377d3fbb87
cdrafts-split/PersistentGrind.ec::accepted_extends	b3eb94d7911d9ee6484228ec4642ae53
cdrafts-split/PersistentGrind.ec::hash_extends	e5a39230cf4b72dad8922280b19ddbc6
cdrafts-split/PersistentGrind.ec::cached_witness_failure_zero	90f0d52637ad0424f9c28232c88d07b4
op:cdrafts-split/PersistentGrind.ec::extends	5f2cc24bb621d31459d8ecbb1d0115b5
cdrafts-split/PhysicalKeygenCost.ec::physical_hash_count	0d52c60a0d4caf998257f01b49adab72
cdrafts-split/PhysicalKeygenCost.ec::physical_wots_count	e374eb072cd4bdb57f4938af7e53b64e
cdrafts-split/PhysicalKeygenCost.ec::leaf_physical_cost	2156b30f5fdc6d7cea25986304d9a658
cdrafts-split/PhysicalKeygenCost.ec::root_physical_cost	b38517a1cde48ca401e81358bb4060be
cdrafts-split/PhysicalKeygenCost.ec::keygen_physical_cost	54c7223dd46e719d5be3726e893131cb
cdrafts-split/PhysicalKeygenCost.ec::keygen_and_grind_physical_cost	ac318d31f0aad0e2d664cba28b47a99b
cdrafts-split/PrefixBound.ec::shared_prefix_bound	cd64ed38b596870b6ee4955ad56e89c9
cdrafts-split/PrefixGames.ec::games_up_to_prefix	c48423078ee33f318b9cb7c7896ee735
cdrafts-split/PrefixGames.ec::prefix_hit_rcons	823804615ab5fdad38a3701ecf06a023
cdrafts-split/PrefixGames.ec::hybrid_instrumentation	6494fa612dad845383240ba0638c1402
cdrafts-split/PrefixGames.ec::ideal_bad_is_guess	3882d49908dd3387fa377d2e1c42c750
cdrafts-split/PrefixGuess.ec::guess_late	f4b922b059e3fac5ec090ded379d82aa
cdrafts-split/PrefixGuess.ec::ideal_prefix_guess_bound	6e914e00248cb80a03478354ec9201ea
cdrafts-split/PrefixHybrid.ec::prefixed_input	55af8286b62727677eab9571f7eccbab
cdrafts-split/PrefixHybrid.ec::public_update	5f3aff56a23792dbeff0efdf7f2e6ac1
cdrafts-split/PrefixHybrid.ec::private_update	e373e2e1d0818ae87547ed536527c541
cdrafts-split/PrefixHybrid.ec::independent_hash_ll	7b7a953c0f8312f2ff7efccf302163ec
cdrafts-split/PrefixHybrid.ec::independent_derive_ll	2046fcdbb15a7450697c74a7acd41f37
cdrafts-split/PrefixHybrid.ec::public_query	041a283adb6d5d76cd6aeca87ac369e5
cdrafts-split/PrefixHybrid.ec::private_query	443e09d4621c518d6fa31c4ada182758
cdrafts-split/PrefixHybrid.ec::physical_hash_ll	b847a731b6bb81074311e02420937aff
cdrafts-split/PrefixHybrid.ec::physical_derive_ll	66df422db6fd88366d95056dd712b68f
cdrafts-split/PrefixHybrid.ec::hybrid_hash_ll	6e50bb9badc7396c96500d447774cd7a
cdrafts-split/PrefixHybrid.ec::hybrid_derive_ll	d38e4931b02cb5b317bbb8d477c84210
cdrafts-split/PrefixHybrid.ec::adaptive_prefix	5d4652a2cb50902f49703e7135ee9d21
op:cdrafts-split/PrefixHybrid.ec::tables_agree	2e3cc6d50a42fe8df69a3026db38cafa
cdrafts-split/PrefixIdeal.ec::ideal_observation	ed3d6d995ca12bc767a224e0d5ffea59
cdrafts-split/PrefixIdeal.ec::physical_to_independent	e639fff6fcc1f09473d581c13b450596
cdrafts-split/PrefixState.ec::prefix_guess_at_state	fba9977c207b657ea8bc4cd0b49b05c3
cdrafts-split/PrefixState.ec::physical_to_independent_at_state	9f7edd579dc4d837b92a761342b5fa98
cdrafts-split/PreparedExhaustion.ec::prepared_role_exhaustion	512ba8450e382c936d6abe2d1b958573
cdrafts-split/PreparedExhaustion.ec::prepared_independent_exhaustion	60fb63315c9fafe4e4c5ef8ca37cb913
cdrafts-split/PreparedExhaustion.ec::prepared_physical_exhaustion	aba414deb21be9d817773d9581b1299e
cdrafts-split/PreparedGrind.ec::preparation_view_lossless	74d00c316546783fb948f4267721926e
cdrafts-split/PreparedGrind.ec::prepared_lossless	f5156decc241dbffeb345e5e807c5c33
cdrafts-split/PreparedGrind.ec::prepared_public_cost	2ad9926414917fe65ea6622ddbabf113
cdrafts-split/PreparedHistory.ec::wots_preserves_recorded	7fb16d7e0638d0b15a603692a99fd15e
cdrafts-split/PreparedHistory.ec::fors_preserves_recorded	54fcf51271c712687a22dace5a9d6484
cdrafts-split/PreparedHistory.ec::preparation_preserves_recorded	7a51a141bdb9b23e65024d674910be8b
cdrafts-split/PreparedHistory.ec::preparation_preserves_history	1f75504ef30651be470b2c0f17ebcef7
cdrafts-split/PreparedRaw.ec::prepared_raw_refinement	77724d40ecc4c016abc86820adf86306
cdrafts-split/PreparedRaw.ec::prepared_raw_exhaustion	e0f8e0c42b4c9a493f5dff01e1bf604e
cdrafts-split/RHistoryOps.ec::r_history_known	544cf2ed7ccade2286342ef75ed69135
cdrafts-split/RHistoryOps.ec::r_history_enlarge	80ef7390be10e190699222f19760e650
cdrafts-split/RHistoryOps.ec::hash_keeps_contexts	e34cfc409f14a4662aab841b31ef6299
cdrafts-split/RHistoryOps.ec::derive_known_context	70cbbd2be0020765f84c2639fe8ee5d6
cdrafts-split/RHistoryOps.ec::derive_other_context	9cf49a08717325ec49276d486202d64b
cdrafts-split/RHistoryOps.ec::role_grind_keeps_contexts	9233dbbb4136f5f2065e03d0c501e9ff
cdrafts-split/RHistoryOps.ec::wots_keeps_contexts	94718dde24068671c041cb7b7636b9a1
cdrafts-split/RHistoryOps.ec::fors_keeps_contexts	60232b79214a2ab20cdff3efa4404ede
cdrafts-split/RHistoryOps.ec::preparation_keeps_contexts	d24cc8a89f4ba9e5a36788edf6aa5681
cdrafts-split/RSession.ec::session_hash_lossless	b051e66f4693b0b2ca592dc89cbf7e04
cdrafts-split/RSession.ec::session_sign_lossless	46282d21feafafad8f26aec4f67b0b02
cdrafts-split/RSession.ec::session_hash_cost	f2d111c207f256b0207c6c9fb9ba8994
cdrafts-split/RSession.ec::session_sign_cost	afd3a6550d3659f7c31c93fa1b995384
cdrafts-split/RSessionBound.ec::session_bad_step	b2dd223b5dc20e2395b9c70fcc8d7eec
cdrafts-split/RSessionBound.ec::session_sign_progress	b22201cd75e1d1c6f20cff43ddbf0c0d
cdrafts-split/RSessionBound.ec::session_hash_stable	6867649375d10da9e6c9ec3c5c4f3161
cdrafts-split/RSessionBound.ec::adaptive_session_exhaustion	e1247627a2cd96a688734b5f586996d6
op:cdrafts-split/RSessionBound.ec::valid_request	a25fffbd4e6b021485444384f876278a
op:cdrafts-split/RSessionBound.ec::session_invariant	f0440f24c8c6b0e6364fc5d0e70220d3
cdrafts-split/RSessionCost.ec::client_public_cost	758d3fe1af99eafb8b40add35bc046c1
cdrafts-split/RSessionCost.ec::client_lossless	43d6ac2cff6df626fa81831f16aaa67a
cdrafts-split/RSessionHistory.ec::hash_history_integrity	a46b3115a5dc20d2f0e06d669bb835d4
cdrafts-split/RSessionHistory.ec::role_grind_recorded	8951c28f3f48318c1e5b76cd2355ff67
cdrafts-split/RSessionHistory.ec::role_context_records	76d7655c40758ec404e1d343af424e4a
cdrafts-split/RSessionHistory.ec::role_history_integrity	0afda801e3eaa9e41a140267c138e89b
cdrafts-split/RSessionHistory.ec::session_hash_history	cf5fe7cc90ab30d7fdce5733d65b3bc5
cdrafts-split/RSessionHistory.ec::session_sign_history	608a4fc5d79033e3202292e84acc8a34
op:cdrafts-split/RSessionHistory.ec::session_history	cb116c6b298597d519603e041c6bc401
cdrafts-split/RTailContexts.ec::r_tail_random	74279fb3cd99c1bfe90f9d36955ac910
cdrafts-split/RTailContexts.ec::r_tail_context_injective	8ed107aae44b465a0a047c826fc168dc
cdrafts-split/RTailContexts.ec::unqueried_context_fresh	e03899fc9e01388a1479c7760dbd4b15
cdrafts-split/RTailContexts.ec::r_history_other	6ce7b020a20498d67ca29444601c5707
cdrafts-split/RTailContexts.ec::r_history_add	8fc4bd413127db2e72cbde1399ca8fee
op:cdrafts-split/RTailContexts.ec::r_history_contexts	3efdc08019eb3855fe70151bd7228a84
cdrafts-split/RTailFresh.ec::counter_bytes_injective	0b1434a95d1a68aa26a32b028e3c3911
cdrafts-split/RTailFresh.ec::r_tail_nonce_injective	ba72e7aff52fa8159429bee6ef350a79
cdrafts-split/RTailFresh.ec::r_query_injective	71e37974833072f723b0665225915497
cdrafts-split/RTailFresh.ec::future_fresh_current	80308b218d5ae846549ae1ac84d68f0b
cdrafts-split/RTailFresh.ec::future_fresh_update	06ed93d709632fd19824bab10d80b323
cdrafts-split/RTailFresh.ec::derive_future_fresh	026cda13f27fbda366726150346b3c12
op:cdrafts-split/RTailFresh.ec::r_query	dde0c64f094f908c01febbb5c2e0d22f
op:cdrafts-split/RTailFresh.ec::future_fresh	b7a676be061725f1f1a9550c6bc63efb
cdrafts-split/RTailMessages.ec::r_tail_length	aebb0ff61346d7e6d5832a8743ac1372
cdrafts-split/RTailMessages.ec::r_tail_message	8b1b730239ee45b17f54fbf17b494783
cdrafts-split/RTailMessages.ec::r_tail_different_messages	57de1e13abc5f9948846492e15692d04
cdrafts-split/RTailMessages.ec::unqueried_message_fresh	4bbdbffc624335ac8c7d16c6c2ef630d
op:cdrafts-split/RTailMessages.ec::r_history_messages	adddd484c2362c1603f947a89cd611c4
cdrafts-split/RawCodec.ec::read_nodes_chunk	b0f68cdf546fda834cf142f880ea729b
cdrafts-split/RawCodec.ec::read_nodes_flatten	e897f013477dfee3e959dfa8c4e5293d
cdrafts-split/RawCodec.ec::read_nodes_width	fc918a290a03e6f6fbe46ba140716db6
cdrafts-split/RawCodec.ec::count_bytes_roundtrip	eff6dc2a7326de715439c409f40c2fff
cdrafts-split/RawCompositeWidths.ec::raw_forest_one_width	c2381103eaa16d64119100c5610b68ed
cdrafts-split/RawCompositeWidths.ec::raw_forest_width	9668914110f2c3457c2de7112129905a
cdrafts-split/RawCompositeWidths.ec::raw_layer_recover_width	e82a5d88e51019b46683a9d642cd778d
cdrafts-split/RawCompositeWidths.ec::raw_layer_width	1a7235bc7dd84ce2674158d9417a93d8
cdrafts-split/RawDecode.ec::count_read_range	b42db3279f0ede81be5a7daf51d2a135
cdrafts-split/RawDecode.ec::read_layer_width	30a65d983f8f362c4660921a966b80c5
cdrafts-split/RawDecode.ec::read_layer_roundtrip	6b86d65b68e282766ca213b659c74b21
cdrafts-split/RawDecode.ec::decoded_signature_width	623cde8f8bb5c936fe54b2afd08610df
cdrafts-split/RawDecode.ec::signature_bytes_roundtrip	38067fb07e352df7bd938dff18e232a0
cdrafts-split/RawForest.ec::forest_one_lossless	4769909ab753ce2ece537c47bddf341b
cdrafts-split/RawForest.ec::forest_sign_lossless	76ecad92fd704aa13fd10f8266ec65d1
cdrafts-split/RawForest.ec::forest_recover_lossless	c3cb48bbc355d381b9082d2fcf9260b6
op:cdrafts-split/RawForest.ec::forest_index	423f7f308f4543220a8706a7ebbb88f8
op:cdrafts-split/RawForest.ec::hypertree_index	ac45dcf30750cc1efc7f2772d6084a7b
cdrafts-split/RawForestCost.ec::forest_one_physical_cost	227736f730a56c40e07d487851283c95
cdrafts-split/RawForestCost.ec::forest_sign_physical_cost	b745741fe2d3f283b9b79b259a821b3e
cdrafts-split/RawForestCost.ec::forest_recover_physical_cost	3962aad8c4b868cb7a956bbf76fd1362
cdrafts-split/RawForestCost.ec::forest_one_public_cost	46bff51d64c8dd8b6f3991a48f0cdd41
cdrafts-split/RawForestCost.ec::forest_sign_public_cost	ca975c699f287680109f07c46df51938
cdrafts-split/RawForestCost.ec::forest_recover_public_cost	a4f5036f9f6641eb6bdeffb88f6ad976
cdrafts-split/RawFors.ec::fors_tree_lossless	2799add017489d4edc99c099d39886d2
cdrafts-split/RawFors.ec::fors_recover_lossless	f28a652c4d6762267731d400f3f44637
op:cdrafts-split/RawFors.ec::fors_tail	c49a799b3102899d49519b9b362a2384
op:cdrafts-split/RawFors.ec::sibling_index	effa767b852c47e29e1d3673104f12ef
cdrafts-split/RawForsCost.ec::physical_fors_count	c48c8aceb7073bfd39feea6798b3b970
cdrafts-split/RawForsCost.ec::fors_public_count	6fa71eef07a1d20a62ea17ca610a3ffc
cdrafts-split/RawForsCost.ec::fors_tree_physical_cost	1cd3b7a2edd01048410092f27af5ad67
cdrafts-split/RawForsCost.ec::fors_tree_public_cost	bc5fac8339a33f96721199049453af49
cdrafts-split/RawForsCost.ec::fors_sign_physical_cost	8ba305d658db1149a4dc1a0bd19a9909
cdrafts-split/RawForsCost.ec::fors_root_physical_cost	e5905a1985cf706d1c3d5b911d5ce53d
cdrafts-split/RawForsCost.ec::fors_sign_public_cost	c0708808304eea8a3170b5f038f860fd
cdrafts-split/RawForsCost.ec::fors_root_public_cost	2afec8a22ccc664c4af850fac8de67cc
cdrafts-split/RawForsCost.ec::fors_recover_physical_cost	af92e9ba7c4ea9ded36270bf8b3b7dab
cdrafts-split/RawForsCost.ec::fors_recover_public_cost	1ba1302515fa8c6780dc0bca78d930a5
cdrafts-split/RawKeygen.ec::node_width	9d8fc052a033be916a434814ab6a8ac7
cdrafts-split/RawKeygen.ec::node_exact	210908de80d9a3598174b4b003f39f2e
cdrafts-split/RawKeygen.ec::wots_public_count	b6e882aa688ce304f215a4f758fff780
cdrafts-split/RawKeygen.ec::leaf_public_cost	3c3babc3fd52b6ce6fb4d6744a7c2b86
op:cdrafts-split/RawKeygen.ec::be	76154da2227cbdf793a4b68ddb85aa9b
op:cdrafts-split/RawKeygen.ec::address	31fee81d78de9701220669d7295ffc12
op:cdrafts-split/RawKeygen.ec::wots_tail	ce54f5eb3b943f6b8ead97b427b148eb
op:cdrafts-split/RawKeygen.ec::node	496fcc0125ba66c8a6416256ea21e5a5
op:cdrafts-split/RawKeygen.ec::pad	5d877e89896ab173fb0cdcc7f219763d
cdrafts-split/RawKeygenCost.ec::valid_stack_tail	5eebbebb4fabd1a27fd6ccd69b28e987
cdrafts-split/RawKeygenCost.ec::valid_stack_head	879e02b758439b2471c552714f1f9eb4
cdrafts-split/RawKeygenCost.ec::root_public_cost	5d101f8fd87c8833667e873db20ef8d3
cdrafts-split/RawKeygenCost.ec::leaf_lossless	e0e28b930a46fe45c2c88b4722661bf3
cdrafts-split/RawKeygenCost.ec::root_lossless	1b5fb54586ebe782b57a643fe932a065
op:cdrafts-split/RawKeygenCost.ec::valid_stack	b033c5d244c1bb7aa0e521c8da9d99b9
cdrafts-split/RawLayer.ec::layer_recover_lossless	55af3ab884c88ffc672fb57a458848de
cdrafts-split/RawLayer.ec::layer_sign_lossless	bbfaf93591375443db601e19fafef600
op:cdrafts-split/RawLayer.ec::layer_label	90f3948770c9484d2f238e3981e2e699
cdrafts-split/RawLayerCost.ec::layer_recover_physical_cost	31caed6b1a2f94b5dda7e29cd1278618
cdrafts-split/RawLayerCost.ec::layer_sign_physical_cost	48c3acfd2bc3305ebda574ae6ab57b46
cdrafts-split/RawLayerCost.ec::layer_recover_public_cost	82d6a5d4033dc52db976f3615b50e4f6
cdrafts-split/RawLayerCost.ec::layer_sign_public_cost	bff8c761ae1810e4cbbcc87266a0a527
cdrafts-split/RawMerkle.ec::merkle_build_lossless	baebec9b8116a095bbf7622f2156dd76
cdrafts-split/RawMerkle.ec::merkle_recover_lossless	6efc90abc85c879fc30484d356082180
cdrafts-split/RawMerkleCost.ec::merkle_build_physical_cost	5c10b22c11f406a53a63b43aa33dbe8d
cdrafts-split/RawMerkleCost.ec::merkle_recover_physical_cost	8588c186888c8ceb792cf2f71162661b
cdrafts-split/RawMerkleCost.ec::merkle_build_public_cost	1bc1cf0626a4112b587726cb824e1606
cdrafts-split/RawMerkleCost.ec::merkle_recover_public_cost	d24a04d9b96c723653a2e3b37bfbe505
cdrafts-split/RawRHistory.ec::raw_r_recovers	1e70e44cad1633aee5187e467a45fd7d
cdrafts-split/RawRHistory.ec::hmsg_prior_history	d2fc7c044cae8b9645ed392e542d8c9e
cdrafts-split/RawRHistory.ec::fresh_derived_hmsg_prior_history	5c17e8e042f8499b79712b5b0c60daef
op:cdrafts-split/RawRHistory.ec::raw_r	74f29a2b88665c9eacf2d28f3075e335
cdrafts-split/RawSession.ec::raw_sign_refinement	208e6b38bd29b2c5c04bd926046a22c5
cdrafts-split/RawSession.ec::raw_client_refinement	ba2709f044223f7c5800a4bf7eada30c
cdrafts-split/RawSession.ec::raw_driver_refinement	49d85f64cf1613417c616b391e5b0991
cdrafts-split/RawSession.ec::raw_session_game_refinement	4a564e4993c2b005211406e4d2d45ee9
cdrafts-split/RawSessionBound.ec::raw_session_exhaustion	d2efff1ce2833c8b82aa7e081130f53d
cdrafts-split/RawSessionCost.ec::raw_client_cost	a487181deb8a441db4ab3c54621a2261
cdrafts-split/RawSessionCost.ec::raw_driver_cost	a70d47572b45c486d10b1c15ea5459e5
cdrafts-split/RawSessionCost.ec::raw_session_total_cost	8d90f5e6b12fbb5a357a563a6cf20221
cdrafts-split/RawShuffle.ec::shuffle_derive_physical_cost	2fa01ee442f61de5eda124661e93d491
cdrafts-split/RawShuffle.ec::shuffle_derive_public_cost	847bbf4375c7c970843780efa2e1fdf9
cdrafts-split/RawShuffle.ec::shuffle_permutation_physical_cost	159fb9222bcc275214820718c988c1a8
cdrafts-split/RawShuffle.ec::shuffle_permutation_public_cost	9d76646bbd118d39a5c34f874d76873e
cdrafts-split/RawShuffle.ec::shuffle_derive_lossless	cdfdbbe94764b507d2b919a50a2f6bb4
cdrafts-split/RawShuffle.ec::shuffle_permutation_lossless	27f48b47ef23e1be4c975286c9f42a17
op:cdrafts-split/RawShuffle.ec::shuffle_tag	bfc85852d02b56d46c58fa76ff2f53c9
op:cdrafts-split/RawShuffle.ec::fisher_tag	bb821bcf1e7636414ca82272ce4e2d90
cdrafts-split/RawSignature.ec::be_width	a2cd9a24383f449dfd016f5dfbcdf967
cdrafts-split/RawSignature.ec::rows_flatten_width	38c40434be1df658addf2e69f89598e9
cdrafts-split/RawSignature.ec::encoded_layer_width	5b16591a622f1aceebc01222108004fc
cdrafts-split/RawSignature.ec::encoded_signature_width	77696fe0bd22b1e6505796dae7691acd
op:cdrafts-split/RawSignature.ec::rows_width	5a36a79dffb71462c181e7220f02b20e
op:cdrafts-split/RawSignature.ec::layer_width	ffa298be26c5321c0a6f3dcef16a8666
op:cdrafts-split/RawSignature.ec::signature_width	474a444963baa75a99e08c6495083595
op:cdrafts-split/RawSignature.ec::encode_layer	6cfe13b95b2d02cce4f1331805fb2f05
op:cdrafts-split/RawSignature.ec::encode_signature	f6e2e3c4b08fbec0a638b48a2f15766f
op:cdrafts-split/RawSignature.ec::read_nodes	cf851188015710254b9e8c23fdf22822
op:cdrafts-split/RawSignature.ec::read_layer	826f057cc23a55660930bb3dea120667
op:cdrafts-split/RawSignature.ec::decode_signature	34c2baa987de198e7985ac730e3a17b7
cdrafts-split/RawSigner.ec::signer_finish_lossless	f833f363abb89175a67800d8515c465d
cdrafts-split/RawSigner.ec::signer_sign_lossless	1c16224034ddb5d75614d94730127bb6
cdrafts-split/RawSigner.ec::signer_verify_lossless	3d1fbf4e504a8be7f641783bcce29608
cdrafts-split/RawSignerCost.ec::role_grind_physical_cost	307b1f7e76027c062905d0ce87835baf
cdrafts-split/RawSignerCost.ec::signer_finish_physical_cost	c9f045d5600c2900bca10d09f1aeecad
cdrafts-split/RawSignerCost.ec::signer_sign_physical_cost	bfda862e31f28d8eb087ec6269a50033
cdrafts-split/RawSignerCost.ec::signer_verify_physical_cost	80584cf2fdfca3e0160f1309b1684239
cdrafts-split/RawSignerCost.ec::signer_finish_public_cost	bc20d723795fe329ae472f1a575e8365
cdrafts-split/RawSignerCost.ec::signer_sign_public_cost	d0de46446ddd2d486b02a9cec760cf64
cdrafts-split/RawSignerCost.ec::signer_verify_public_cost	31182858e5d2226bd1b38822c0c50c6c
cdrafts-split/RawSignerWidths.ec::raw_finish_width	09f55d3cf16416296f4ca15c5044bba5
cdrafts-split/RawSignerWidths.ec::role_physical_width	09f631d9280233955451cc1997381e3b
cdrafts-split/RawSignerWidths.ec::physical_signer_width	441e44fbd7da85ec0b4471b1a940b53e
cdrafts-split/RawSignerWidths.ec::physical_signature_bytes	8fcd2562a16eb2e5aca1cc56e50a3255
cdrafts-split/RawSlices.ec::blocks_chunk	ead230095de7b523f8e389c39749004a
cdrafts-split/RawSlices.ec::blocks_flatten	415c0d58bbf0299fcff91c93bf2faf55
cdrafts-split/RawSlices.ec::slice_cat	73bb5c76986e673772a0536ca5360c44
cdrafts-split/RawTreeWidths.ec::stack_first_width	57e41f8ca830eb21690f32d5d00aba50
cdrafts-split/RawTreeWidths.ec::raw_fors_tree_width	13dee1b650ae5e1da1d4b4397300f138
cdrafts-split/RawTreeWidths.ec::raw_merkle_recover_width	3bd54691bc7a97f2cbc7becf76cad5d6
cdrafts-split/RawTreeWidths.ec::raw_fors_sign_width	aafac7544308504812320366f1df8af5
cdrafts-split/RawTreeWidths.ec::raw_fors_root_width	e70d37e99ee60abc5a04838d73f08cbb
cdrafts-split/RawTreeWidths.ec::raw_fors_recover_width	4eb0c14a5a83a181bda7ad4d99cbdbf7
cdrafts-split/RawTreeWidths.ec::raw_merkle_build_width	7b68eb3986405b877459520b43ce7123
cdrafts-split/RawTrial.ec::trial_cached_bound	4dcf5c2874518acc362678bc097d860a
cdrafts-split/RawTrial.ec::recorded_hash	dee1b3fc1022fadaececf51c72afdeaf
cdrafts-split/RawTrial.ec::recorded_derive	6d15e5ef23c6f6a08ad10dbacb1bd100
op:cdrafts-split/RawTrial.ec::history_recorded	e5c0b8ea50821882ced52a9ba1e7229a
cdrafts-split/RawWidths.ec::all_put_preserved	bd632ce756ab8f9978f32cccc32eac9f
cdrafts-split/RawWidths.ec::rows_put	13516f7b0aae8abd3e4637b87bdd0d4b
cdrafts-split/RawWidths.ec::rows_zeros	3fbc5b7ba92c0e761329049427dbadcf
cdrafts-split/RawWidths.ec::raw_chain_width	8ee9c3c72e6df4481f23a85eb4025a3a
cdrafts-split/RawWidths.ec::raw_leaf_width	ef271962be86c37fd0cf872c60d08bdb
cdrafts-split/RawWidths.ec::raw_count_range	d420c8504a6a022ea20f37db7e68576c
cdrafts-split/RawWidths.ec::raw_wots_signature_width	1cf05d19e5ef3875c4d99990dfa905ea
cdrafts-split/RawWots.ec::raw_digit_bounds	492a8a1d85893cbbff7ea6cd2d5b3ce5
cdrafts-split/RawWots.ec::raw_count_lossless	ea429fbbaa1056166fed18bb91dc9b45
cdrafts-split/RawWots.ec::raw_chain_lossless	04d42cfe9f6bd4935a5c0e6dbc0695a5
cdrafts-split/RawWots.ec::raw_sign_lossless	497c9be231d8c107ae4293737a83153a
cdrafts-split/RawWots.ec::raw_recover_lossless	b0e09b2c1b24498ce546b4e360515c63
op:cdrafts-split/RawWots.ec::raw_digits	80ae698c12e61c697abce3ac7c2f4a6d
op:cdrafts-split/RawWots.ec::count_accepts	067d9f76927600b850798daace7d4fa3
cdrafts-split/RawWotsCost.ec::count_physical_cost	79f0502d07e64522f2b9dc2baafad0fd
cdrafts-split/RawWotsCost.ec::count_public_cost	47eb6e06460c94853cda0c495f3db24b
cdrafts-split/RawWotsCost.ec::chain_physical_cost	6fdba165f0afab2e0242140b8edfcc32
cdrafts-split/RawWotsCost.ec::chain_public_cost	585a472cb3bac410553fbfb87254ec3d
cdrafts-split/RawWotsCost.ec::wots_sign_physical_cost	00c157366892a36e1c70f27a070d248a
cdrafts-split/RawWotsCost.ec::wots_sign_public_cost	f06abce952557d47f872c1e5e796cff8
cdrafts-split/RawWotsCost.ec::wots_recover_physical_cost	7b873b5e0bdb8f3d7e4c6bbf0022d686
cdrafts-split/RawWotsCost.ec::wots_recover_public_cost	cb0a2cc5893f8ff0593435ddf2240540
cdrafts-split/RoleGrind.ec::r_tail_layout	625b8428644d8d46defd6b6679918b78
cdrafts-split/RoleGrind.ec::grind_refinement	b0e5d3607e4757baddcf60e67c3a7443
op:cdrafts-split/RoleGrind.ec::r_tail	d5228ac2abcc32ce22a5744e05da4f67
cdrafts-split/RoleGrindCost.ec::independent_hash_count	c5589dfa019c05dc163c1cd9849fd8f4
cdrafts-split/RoleGrindCost.ec::independent_derive_count	3bb79db1eb7ddabd805559fe74f216ca
cdrafts-split/RoleGrindCost.ec::role_grind_public_cost	5d70ccc0bc24a65f97dd87afea14a8be
cdrafts-split/RoleGrindCost.ec::role_grind_lossless	024e09abf95b317fdedd183087b3133b
cdrafts-split/SecretPrefix.ec::full_digest_atom_bound	52d04521ee91726a1475f3c81ba9dc24
cdrafts-split/SecretPrefix.ec::prefix_candidate	c4d5680f5d26dffea9af52ede93684c0
cdrafts-split/SecretPrefix.ec::fixed_prefix_list	476549a5d5525903c2f4eaae68caa081
op:cdrafts-split/SecretPrefix.ec::prefix_hit	33e2f8a74f4eb6437c57e1a89ee3dbb8
cdrafts-split/SessionClosedForm.ec::revisit_closed	9d19f7e454ddfcc534e079c17d4e2bc9
cdrafts-split/SessionClosedForm.ec::raw_session_exhaustion_explicit	478a579d6cbab7e198dbdc2640759158
op:cdrafts-split/SessionClosedForm.ec::session_availability_bound	07770a1a9d079b19aa094f03134013ab
cdrafts-split/SessionKeygen.ec::driver_cost	8739d2529a4e61c95e29eeda2f9efb28
cdrafts-split/SessionKeygen.ec::session_keygen_cost	a4923ad89098aaeddf965dcb40de5d9d
cdrafts-split/SessionKeygen.ec::session_keygen_lossless	5306e751e3250e813735162962d5a488
cdrafts-split/SessionKeygen.ec::driver_independent	18f1bd160717773c5baccfa43d7f18a8
cdrafts-split/SessionKeygen.ec::session_result_bad	c343020a5bf8a020162ecc82ceb26527
cdrafts-split/SessionKeygen.ec::driver_exhaustion	7d29de5df9a84e827a6d426bcebe8dbc
cdrafts-split/SessionPhysical.ec::keygen_history_cost	0b3e6ca315ae6e5c62954bd064785196
cdrafts-split/SessionPhysical.ec::keygen_session_ideal	db80ffdd803bce5bb525d8216f5cfcf3
cdrafts-split/SessionPhysical.ec::whole_physical_session_exhaustion	8086b8116510af7aa0a1c2b22e36aacd
cdrafts-split/StreamBound.ec::hash_accounted	5635a21c4ec9cad59cf57da24dd8cb23
cdrafts-split/StreamBound.ec::trial_step	38e9e11ea76e0e54c98e564817367457
cdrafts-split/StreamBound.ec::stream_step	ae12fdc2e7105ea5a80fb8e99255bec9
cdrafts-split/StreamBound.ec::stream_bad_step	5a443beda28e844a32edaf4464677f74
cdrafts-split/StreamBound.ec::stream_refines_grind	1025b1df92643883d8fb412560a4310a
cdrafts-split/StreamBound.ec::stream_cached_bound	c42de543671258780d91c23580855c1e
op:cdrafts-split/StreamBound.ec::stream_invariant	75abc2aad7ede58bb72b10da0bdc409b
cdrafts-split/StreamExpectation.ec::stream_no_revisit_tail	67357a3b0dee5f998afea6da47fbac23
# Whole-session fail-stop contracts.
cdrafts-split/FullFailure.ec::full_failed_query_stops	69e56793a0831f0bf107e0cfcaa23a06
cdrafts-split/FullFailure.ec::full_win_has_no_failure	6c1affef7fec4f61ccad2915c2f8d6e4
