# path	kind	name	line
base-c10-split/BinaryTrees.ec	defined-op:7ad6319948b8	height	16
base-c10-split/BinaryTrees.ec	defined-op:ddd3b90ca64e	fully_balanced	39
base-c10-split/BinaryTrees.ec	defined-op:c0ebb6c47688	sub_bt	66
base-c10-split/BinaryTrees.ec	defined-op:81f3786cad76	val_lf	81
base-c10-split/BinaryTrees.ec	defined-op:7d9e763d0d13	vallf_subbt	89
base-c10-split/BinaryTrees.ec	defined-op:c0a148c36bb2	list2tree_pred	104
base-c10-split/BinaryTrees.ec	defined-op:cff26da08d85	list2tree	151
base-c10-split/FL_SL_XMSS_MT_ES.ec	axiom	dist_adrstypes	92
base-c10-split/FL_SL_XMSS_MT_ES.ec	axiom	valid_xidxvals_idxvals	342
base-c10-split/FL_SL_XMSS_MT_ES.ec	refined-const:654a63582c64	ge6_adrslen	20
base-c10-split/FL_SL_XMSS_MT_ES.ec	refined-const:fdf3d5d7834a	ge1_n	26
base-c10-split/FL_SL_XMSS_MT_ES.ec	refined-const:56725145425c	val_log2w	32
base-c10-split/FL_SL_XMSS_MT_ES.ec	refined-const:d24524489e58	ge2_len	51
base-c10-split/FL_SL_XMSS_MT_ES.ec	refined-const:00c9041732c5	ge1_hp	56
base-c10-split/FL_SL_XMSS_MT_ES.ec	refined-const:26ecc28a0664	ge1_d	62
base-c10-split/FL_SL_XMSS_MT_ES.ec	refined-const:691d176b57e2	valx_adz	517
base-c10-split/FL_SL_XMSS_MT_ES.ec	operand:e65459235ede	Index.T	111
base-c10-split/FL_SL_XMSS_MT_ES.ec	operand:d30f3ab84c98	Index.P	111
base-c10-split/FL_SL_XMSS_MT_ES.ec	clone-discharge:star|realize:inhabited	Index	111
base-c10-split/FL_SL_XMSS_MT_ES.ec	operand:6e3c6852b97b	DigestBlock.T	130
base-c10-split/FL_SL_XMSS_MT_ES.ec	operand:9be1935cc7e9	DigestBlock.P	130
base-c10-split/FL_SL_XMSS_MT_ES.ec	clone-discharge:star|realize:inhabited	DigestBlock	130
base-c10-split/FL_SL_XMSS_MT_ES.ec	operand:b49d2d9dc492	DigestBlockFT.t	140
base-c10-split/FL_SL_XMSS_MT_ES.ec	operand:0e7dda40bb0b	DigestBlockFT.enum	140
base-c10-split/FL_SL_XMSS_MT_ES.ec	clone-discharge:star|realize:enum_spec.	DigestBlockFT	140
base-c10-split/FL_SL_XMSS_MT_ES.ec	operand:e65459235ede	HA.index	372
base-c10-split/FL_SL_XMSS_MT_ES.ec	operand:5e03634ec1d2	HA.l	372
base-c10-split/FL_SL_XMSS_MT_ES.ec	operand:59bfe18199cc	HA.valid_idxvals	372
base-c10-split/FL_SL_XMSS_MT_ES.ec	operand:3c67f649bb4b	HA.valid_adrsidxs	372
base-c10-split/FL_SL_XMSS_MT_ES.ec	clone-discharge:list:ge1_l|realize:ge1_l	HA	372
base-c10-split/FL_SL_XMSS_MT_ES.ec	operand:61612567f25d	PKCO.pp_t	402
base-c10-split/FL_SL_XMSS_MT_ES.ec	operand:9ae7ae045a8e	PKCO.tw_t	402
base-c10-split/FL_SL_XMSS_MT_ES.ec	operand:67f6c8b96278	PKCO.in_t	402
base-c10-split/FL_SL_XMSS_MT_ES.ec	operand:4700c5ff2a14	PKCO.out_t	402
base-c10-split/FL_SL_XMSS_MT_ES.ec	operand:9181969b616f	PKCO.f	402
base-c10-split/FL_SL_XMSS_MT_ES.ec	operand:a2ba6bb81603	PKCO.dpp	402
base-c10-split/FL_SL_XMSS_MT_ES.ec	clone-discharge:star|realize:dpp_ll	PKCO	402
base-c10-split/FL_SL_XMSS_MT_ES.ec	operand:c1e1af0670c8	PKCOC.diff_t	415
base-c10-split/FL_SL_XMSS_MT_ES.ec	operand:90c549543ab2	PKCOC.get_diff	415
base-c10-split/FL_SL_XMSS_MT_ES.ec	operand:05aba422ee3d	PKCOC.fc	415
base-c10-split/FL_SL_XMSS_MT_ES.ec	clone-discharge:star|realize:in_collection	PKCOC	415
base-c10-split/FL_SL_XMSS_MT_ES.ec	operand:c3380e3bb3f1	PKCOC_TCR.t_smdttcr	425
base-c10-split/FL_SL_XMSS_MT_ES.ec	clone-discharge:star|realize:ge0_tsmdttcr.	PKCOC_TCR	425
base-c10-split/FL_SL_XMSS_MT_ES.ec	operand:61612567f25d	TRH.pp_t	440
base-c10-split/FL_SL_XMSS_MT_ES.ec	operand:9ae7ae045a8e	TRH.tw_t	440
base-c10-split/FL_SL_XMSS_MT_ES.ec	operand:67f6c8b96278	TRH.in_t	440
base-c10-split/FL_SL_XMSS_MT_ES.ec	operand:4700c5ff2a14	TRH.out_t	440
base-c10-split/FL_SL_XMSS_MT_ES.ec	operand:079ada849884	TRH.f	440
base-c10-split/FL_SL_XMSS_MT_ES.ec	operand:a2ba6bb81603	TRH.dpp	440
base-c10-split/FL_SL_XMSS_MT_ES.ec	clone-discharge:star|realize:dpp_ll	TRH	440
base-c10-split/FL_SL_XMSS_MT_ES.ec	operand:c1e1af0670c8	TRHC.diff_t	453
base-c10-split/FL_SL_XMSS_MT_ES.ec	operand:90c549543ab2	TRHC.get_diff	453
base-c10-split/FL_SL_XMSS_MT_ES.ec	operand:05aba422ee3d	TRHC.fc	453
base-c10-split/FL_SL_XMSS_MT_ES.ec	clone-discharge:star|realize:in_collection	TRHC	453
base-c10-split/FL_SL_XMSS_MT_ES.ec	operand:e0ba30c4db5a	TRHC_TCR.t_smdttcr	463
base-c10-split/FL_SL_XMSS_MT_ES.ec	clone-discharge:star|realize:ge0_tsmdttcr.	TRHC_TCR	463
base-c10-split/FL_SL_XMSS_MT_ES.ec	operand:5e03634ec1d2	WTWES.adrs_len	547
base-c10-split/FL_SL_XMSS_MT_ES.ec	operand:a23e8d24b18b	WTWES.n	547
base-c10-split/FL_SL_XMSS_MT_ES.ec	operand:81553b551d92	WTWES.log2_w	547
base-c10-split/FL_SL_XMSS_MT_ES.ec	operand:f48dfa28febd	WTWES.w	547
base-c10-split/FL_SL_XMSS_MT_ES.ec	operand:26a69aacc7d7	WTWES.len	547
base-c10-split/FL_SL_XMSS_MT_ES.ec	operand:c3380e3bb3f1	WTWES.c	547
base-c10-split/FL_SL_XMSS_MT_ES.ec	operand:d00369e55779	WTWES.sseed	547
base-c10-split/FL_SL_XMSS_MT_ES.ec	operand:61612567f25d	WTWES.pseed	547
base-c10-split/FL_SL_XMSS_MT_ES.ec	operand:67f6c8b96278	WTWES.dgst	547
base-c10-split/FL_SL_XMSS_MT_ES.ec	operand:034d63e06d27	WTWES.valid_chidx	547
base-c10-split/FL_SL_XMSS_MT_ES.ec	operand:718280c4a0c1	WTWES.valid_hidx	547
base-c10-split/FL_SL_XMSS_MT_ES.ec	operand:59bfe18199cc	WTWES.valid_idxvals	547
base-c10-split/FL_SL_XMSS_MT_ES.ec	operand:3c67f649bb4b	WTWES.valid_adrsidxs	547
base-c10-split/FL_SL_XMSS_MT_ES.ec	operand:c3627570a0cd	WTWES.valid_widxvalsgp	547
base-c10-split/FL_SL_XMSS_MT_ES.ec	operand:05aba422ee3d	WTWES.thfc	547
base-c10-split/FL_SL_XMSS_MT_ES.ec	operand:a2ba6bb81603	WTWES.dpseed	547
base-c10-split/FL_SL_XMSS_MT_ES.ec	operand:5d70b641dcf4	WTWES.ddgstblock	547
base-c10-split/FL_SL_XMSS_MT_ES.ec	operand:edf663fd9de4	WTWES.DigestBlock	547
base-c10-split/FL_SL_XMSS_MT_ES.ec	operand:ecb4bb4fcba8	WTWES.DigestBlockFT	547
base-c10-split/FL_SL_XMSS_MT_ES.ec	operand:375fabbdf366	WTWES.HA	547
base-c10-split/FL_SL_XMSS_MT_ES.ec	operand:4700c5ff2a14	WTWES.dgstblock	547
base-c10-split/FL_SL_XMSS_MT_ES.ec	operand:9ae7ae045a8e	WTWES.adrs	547
base-c10-split/FL_SL_XMSS_MT_ES.ec	clone-discharge:list:ddgstblock_ll,dpseed_ll,ge1_c,ge1_n,ge2_adrslen,ge2_len,val_log2w,valid_widxvals_idxvals|realize:ddgstblock_ll,dpseed_ll,ge1_c.,ge1_n,ge2_adrslen,ge2_len,val_log2w,valid_widxvals_idxvals.	WTWES	547
base-c10-split/FL_SL_XMSS_MT_ES.ec	operand:761b2bbddc1b	DBHPL.T	621
base-c10-split/FL_SL_XMSS_MT_ES.ec	operand:473fd5d196ba	DBHPL.P	621
base-c10-split/FL_SL_XMSS_MT_ES.ec	clone-discharge:star|realize:inhabited	DBHPL	621
base-c10-split/FL_SL_XMSS_MT_ES.ec	operand:f2bd1b3c586e	SAPDL.T	635
base-c10-split/FL_SL_XMSS_MT_ES.ec	operand:6d31a512b862	SAPDL.P	635
base-c10-split/FL_SL_XMSS_MT_ES.ec	clone-discharge:star|realize:inhabited	SAPDL	635
base-c10-split/FL_SL_XMSS_MT_ES.ec	op-annotation:lossless	dpseed	360
base-c10-split/FL_SL_XMSS_MT_ES.ec	op-annotation:lossless	ddgstblock	363
base-c10-split/FL_SL_XMSS_MT_ES.ec	op-annotation:lossless	dmsgFLSLXMSSMTTW	648
base-c10-split/FL_SL_XMSS_MT_ES.ec	defined-const:457914d7eacd	adrs_len	20
base-c10-split/FL_SL_XMSS_MT_ES.ec	defined-const:0c529f654b73	n	26
base-c10-split/FL_SL_XMSS_MT_ES.ec	defined-const:ad40301b75f1	log2_w	32
base-c10-split/FL_SL_XMSS_MT_ES.ec	defined-const:35adbeb29f31	w	35
base-c10-split/FL_SL_XMSS_MT_ES.ec	defined-const:27b301d1d738	len	51
base-c10-split/FL_SL_XMSS_MT_ES.ec	defined-const:aaeeb8676edb	h'	56
base-c10-split/FL_SL_XMSS_MT_ES.ec	defined-const:50459afcff6b	l'	59
base-c10-split/FL_SL_XMSS_MT_ES.ec	defined-const:dedee74e0917	d	62
base-c10-split/FL_SL_XMSS_MT_ES.ec	defined-const:0ecaa4621286	h	67
base-c10-split/FL_SL_XMSS_MT_ES.ec	defined-const:3a4c6783370a	l	73
base-c10-split/FL_SL_XMSS_MT_ES.ec	abstract-const:d163299b205a	chtype	78
base-c10-split/FL_SL_XMSS_MT_ES.ec	abstract-const:af8cedec425d	pkcotype	84
base-c10-split/FL_SL_XMSS_MT_ES.ec	abstract-const:9a7d2a4ac444	trhtype	87
base-c10-split/FL_SL_XMSS_MT_ES.ec	defined-type:1b7b9108cb4d	index	118
base-c10-split/FL_SL_XMSS_MT_ES.ec	abstract-type:621a7eeca2cb	sseed	121
base-c10-split/FL_SL_XMSS_MT_ES.ec	abstract-type:57d2e2e460a5	pseed	124
base-c10-split/FL_SL_XMSS_MT_ES.ec	defined-type:790c6fe78f90	dgst	127
base-c10-split/FL_SL_XMSS_MT_ES.ec	defined-type:54a454abb2c5	dgstblock	137
base-c10-split/FL_SL_XMSS_MT_ES.ec	defined-op:7ff2d646a97e	nr_nodes	170
base-c10-split/FL_SL_XMSS_MT_ES.ec	defined-op:231dcf6d4044	nr_trees	181
base-c10-split/FL_SL_XMSS_MT_ES.ec	defined-op:01a3e29630c2	nr_nodes_ht	187
base-c10-split/FL_SL_XMSS_MT_ES.ec	defined-op:656348f01f09	valid_lidx	228
base-c10-split/FL_SL_XMSS_MT_ES.ec	defined-op:38616dd5cae9	valid_tidx	235
base-c10-split/FL_SL_XMSS_MT_ES.ec	defined-op:f7048fe7a439	valid_kpidx	245
base-c10-split/FL_SL_XMSS_MT_ES.ec	defined-op:15d54af0c289	valid_thidx	249
base-c10-split/FL_SL_XMSS_MT_ES.ec	defined-op:da7f96ecdfca	valid_tbidx	253
base-c10-split/FL_SL_XMSS_MT_ES.ec	defined-op:bd9f26cd66b0	valid_chidx	257
base-c10-split/FL_SL_XMSS_MT_ES.ec	defined-op:e08772e8fff6	valid_hidx	261
base-c10-split/FL_SL_XMSS_MT_ES.ec	defined-op:166d876cefea	valid_xidxvalslpch	265
base-c10-split/FL_SL_XMSS_MT_ES.ec	defined-op:c54294169be9	valid_xidxvalslppkco	274
base-c10-split/FL_SL_XMSS_MT_ES.ec	defined-op:78a66268b087	valid_xidxvalslptrh	283
base-c10-split/FL_SL_XMSS_MT_ES.ec	defined-op:2608942a84fa	valid_xidxvalslp	292
base-c10-split/FL_SL_XMSS_MT_ES.ec	abstract-op:6dbb0ea4a14c	valid_idxvals	302
base-c10-split/FL_SL_XMSS_MT_ES.ec	defined-op:ef35e8317c42	valid_adrsidxs	308
base-c10-split/FL_SL_XMSS_MT_ES.ec	abstract-op:a7b1af0c680f	valid_xidxvalsgp	317
base-c10-split/FL_SL_XMSS_MT_ES.ec	defined-op:73a499075093	valid_xidxvals	325
base-c10-split/FL_SL_XMSS_MT_ES.ec	defined-op:385ea60a0ba2	valid_xadrsidxs	333
base-c10-split/FL_SL_XMSS_MT_ES.ec	abstract-op:1812d5a783dc	dpseed	360
base-c10-split/FL_SL_XMSS_MT_ES.ec	abstract-op:28f87dcba256	ddgstblock	363
base-c10-split/FL_SL_XMSS_MT_ES.ec	defined-type:ae689d7fe842	adrs	383
base-c10-split/FL_SL_XMSS_MT_ES.ec	abstract-op:9ea0c6bc6850	thfc	393
base-c10-split/FL_SL_XMSS_MT_ES.ec	defined-op:7892c3204639	pkco	399
base-c10-split/FL_SL_XMSS_MT_ES.ec	defined-op:39fb7c6b0e52	trh	437
base-c10-split/FL_SL_XMSS_MT_ES.ec	defined-op:368cde85e0b2	valid_xidxchvals	474
base-c10-split/FL_SL_XMSS_MT_ES.ec	defined-op:477b46599766	valid_xidxpkcovals	477
base-c10-split/FL_SL_XMSS_MT_ES.ec	defined-op:0c297054bd1f	valid_xidxtrhvals	480
base-c10-split/FL_SL_XMSS_MT_ES.ec	defined-op:a89e340fb300	valid_xadrschidxs	483
base-c10-split/FL_SL_XMSS_MT_ES.ec	defined-op:e1684efd9b23	valid_xadrspkcoidxs	486
base-c10-split/FL_SL_XMSS_MT_ES.ec	defined-op:31c1d3cd072c	valid_xadrstrhidxs	489
base-c10-split/FL_SL_XMSS_MT_ES.ec	defined-op:1820fcc02cc5	valid_xadrsch	498
base-c10-split/FL_SL_XMSS_MT_ES.ec	defined-op:683719bd8fe5	valid_xadrspkco	501
base-c10-split/FL_SL_XMSS_MT_ES.ec	defined-op:615613298fe0	valid_xadrstrh	504
base-c10-split/FL_SL_XMSS_MT_ES.ec	defined-op:4f2e6af00ddf	valid_xadrs	507
base-c10-split/FL_SL_XMSS_MT_ES.ec	abstract-const:59dea97b2627	adz	517
base-c10-split/FL_SL_XMSS_MT_ES.ec	defined-op:900d1f7345d2	set_lidx	521
base-c10-split/FL_SL_XMSS_MT_ES.ec	defined-op:f60e719f2816	set_tidx	524
base-c10-split/FL_SL_XMSS_MT_ES.ec	defined-op:7bd7d9975b82	set_ltidx	527
base-c10-split/FL_SL_XMSS_MT_ES.ec	defined-op:5e2645b30c97	set_typeidx	530
base-c10-split/FL_SL_XMSS_MT_ES.ec	defined-op:5ee52b0309f0	set_kpidx	533
base-c10-split/FL_SL_XMSS_MT_ES.ec	defined-op:dfeae612de17	set_thtbidx	536
base-c10-split/FL_SL_XMSS_MT_ES.ec	defined-op:3dc89a55cc42	get_typeidx	541
base-c10-split/FL_SL_XMSS_MT_ES.ec	defined-type:2255a355fa32	pkFLXMSSMTTW	610
base-c10-split/FL_SL_XMSS_MT_ES.ec	defined-type:23f573130a75	pkFLSLXMSSMTTW	611
base-c10-split/FL_SL_XMSS_MT_ES.ec	defined-type:183dd5f25463	skFLSLXMSSMTTW	614
base-c10-split/FL_SL_XMSS_MT_ES.ec	defined-type:42d78de3ce84	msgFLXMSSMTTW	617
base-c10-split/FL_SL_XMSS_MT_ES.ec	defined-type:ef6d42efcfc5	msgFLSLXMSSMTTW	618
base-c10-split/FL_SL_XMSS_MT_ES.ec	defined-type:6e35c17a7cab	apFLXMSSTW	629
base-c10-split/FL_SL_XMSS_MT_ES.ec	defined-type:bbd62a3ee4a7	sigFLSLXMSSMTTW	642
base-c10-split/FL_SL_XMSS_MT_ES.ec	abstract-op:eec808699c37	dmsgFLSLXMSSMTTW	648
base-c10-split/FL_SL_XMSS_MT_ES.ec	defined-op:cb366a9f308f	updhbidx	655
base-c10-split/FL_SL_XMSS_MT_ES.ec	defined-op:036c6a9d1e62	trhi	662
base-c10-split/FL_SL_XMSS_MT_ES.ec	defined-op:e698eed056bb	val_bt_trh_gen	669
base-c10-split/FL_SL_XMSS_MT_ES.ec	defined-op:2b4b1bce25a9	cons_ap_trh_gen	677
base-c10-split/FL_SL_XMSS_MT_ES.ec	defined-op:fc401f1c4677	val_ap_trh_gen	685
base-c10-split/FL_SL_XMSS_MT_ES.ec	defined-op:85cac00e409c	val_bt_trh	693
base-c10-split/FL_SL_XMSS_MT_ES.ec	defined-op:1595be773c7a	cons_ap_trh	703
base-c10-split/FL_SL_XMSS_MT_ES.ec	defined-op:1fc02039aa1c	val_ap_trh	714
base-c10-split/FL_SL_XMSS_MT_ES.ec	defined-op:eab5077140f9	extract_coll_bt_ap_trh	723
base-c10-split/FL_SL_XMSS_MT_ES.ec	module-type:2b5abdd09335	Adv_EUFNAGCMA_FLSLXMSSMTTWESNPRF	1526
base-c10-split/FORS_ES.ec	axiom	dist_adrstypes	62
base-c10-split/FORS_ES.ec	axiom	valid_fidxvals_idxvals	289
base-c10-split/FORS_ES.ec	declare-axiom	A_forge_ll	2821
base-c10-split/FORS_ES.ec	refined-const:c4a11a084c54	ge5_adrslen	19
base-c10-split/FORS_ES.ec	refined-const:fdf3d5d7834a	ge1_n	22
base-c10-split/FORS_ES.ec	refined-const:56e286cdcc5d	ge1_k	25
base-c10-split/FORS_ES.ec	refined-const:66521e84933f	ge1_a	28
base-c10-split/FORS_ES.ec	refined-const:57b8683c55d7	ge1_l	45
base-c10-split/FORS_ES.ec	refined-const:1b698d5d32da	ge1_s	51
base-c10-split/FORS_ES.ec	refined-const:0202601c0129	dval	57
base-c10-split/FORS_ES.ec	refined-const:b33d0acb879c	valf_adz	367
base-c10-split/FORS_ES.ec	operand:e65459235ede	Index.T	80
base-c10-split/FORS_ES.ec	operand:67c8566273a4	Index.P	80
base-c10-split/FORS_ES.ec	clone-discharge:star|realize:inhabited	Index	80
base-c10-split/FORS_ES.ec	operand:67f6c8b96278	DigestBlock.T	111
base-c10-split/FORS_ES.ec	operand:4328c072389f	DigestBlock.P	111
base-c10-split/FORS_ES.ec	clone-discharge:star|realize:inhabited	DigestBlock	111
base-c10-split/FORS_ES.ec	operand:b49d2d9dc492	DigestBlockFT.t	121
base-c10-split/FORS_ES.ec	operand:0e7dda40bb0b	DigestBlockFT.enum	121
base-c10-split/FORS_ES.ec	clone-discharge:star|realize:enum_spec.	DigestBlockFT	121
base-c10-split/FORS_ES.ec	operand:d80fcb43e555	DBLLKTL.T	151
base-c10-split/FORS_ES.ec	operand:68f7a60c9353	DBLLKTL.P	151
base-c10-split/FORS_ES.ec	clone-discharge:star|realize:inhabited.	DBLLKTL	151
base-c10-split/FORS_ES.ec	operand:de0552d1281d	BLKAL.T	162
base-c10-split/FORS_ES.ec	operand:7f933a558778	BLKAL.P	162
base-c10-split/FORS_ES.ec	clone-discharge:star|realize:inhabited	BLKAL	162
base-c10-split/FORS_ES.ec	operand:efa13d91c0ca	DBAL.T	172
base-c10-split/FORS_ES.ec	operand:bcf3310ac495	DBAL.P	172
base-c10-split/FORS_ES.ec	clone-discharge:star|realize:inhabited	DBAL	172
base-c10-split/FORS_ES.ec	operand:ae5c59c63df9	DBAPKL.T	183
base-c10-split/FORS_ES.ec	operand:c5afc348d2a3	DBAPKL.P	183
base-c10-split/FORS_ES.ec	clone-discharge:star|realize:inhabited	DBAPKL	183
base-c10-split/FORS_ES.ec	operand:e65459235ede	HA.index	329
base-c10-split/FORS_ES.ec	operand:5e03634ec1d2	HA.l	329
base-c10-split/FORS_ES.ec	operand:59bfe18199cc	HA.valid_idxvals	329
base-c10-split/FORS_ES.ec	operand:3c67f649bb4b	HA.valid_adrsidxs	329
base-c10-split/FORS_ES.ec	clone-discharge:list:by,ge1_l,ge5_adrslen,smt	HA	329
base-c10-split/FORS_ES.ec	operand:dd9d3ae1f775	MCO.key_t	426
base-c10-split/FORS_ES.ec	operand:522e163feb88	MCO.in_t	426
base-c10-split/FORS_ES.ec	operand:7431a66210d2	MCO.out_t	426
base-c10-split/FORS_ES.ec	operand:208572f7736d	MCO.f	426
base-c10-split/FORS_ES.ec	clone-discharge:star	MCO	426
base-c10-split/FORS_ES.ec	operand:9c919de6abe4	MCO_ITSR.g	435
base-c10-split/FORS_ES.ec	operand:c31c3d0ec42d	MCO_ITSR.dkey	435
base-c10-split/FORS_ES.ec	clone-discharge:star|realize:dkey_ll	MCO_ITSR	435
base-c10-split/FORS_ES.ec	operand:61612567f25d	F.pp_t	457
base-c10-split/FORS_ES.ec	operand:9ae7ae045a8e	F.tw_t	457
base-c10-split/FORS_ES.ec	operand:67f6c8b96278	F.in_t	457
base-c10-split/FORS_ES.ec	operand:4700c5ff2a14	F.out_t	457
base-c10-split/FORS_ES.ec	operand:5f9b2df84c26	F.f	457
base-c10-split/FORS_ES.ec	operand:a2ba6bb81603	F.dpp	457
base-c10-split/FORS_ES.ec	clone-discharge:star|realize:dpp_ll	F	457
base-c10-split/FORS_ES.ec	operand:607978d9e1ac	F_OpenPRE.t_smdtopenpre	470
base-c10-split/FORS_ES.ec	operand:bcc7794d361c	F_OpenPRE.din	470
base-c10-split/FORS_ES.ec	clone-discharge:star|realize:din_ll,ge0_tsmdtopenpre	F_OpenPRE	470
base-c10-split/FORS_ES.ec	operand:61612567f25d	FP_OPRETCRDSPR.pp_t	501
base-c10-split/FORS_ES.ec	operand:9ae7ae045a8e	FP_OPRETCRDSPR.tw_t	501
base-c10-split/FORS_ES.ec	operand:4700c5ff2a14	FP_OPRETCRDSPR.in_t	501
base-c10-split/FORS_ES.ec	operand:4700c5ff2a14	FP_OPRETCRDSPR.out_t	501
base-c10-split/FORS_ES.ec	operand:c70113f4eb7c	FP_OPRETCRDSPR.f	501
base-c10-split/FORS_ES.ec	operand:607978d9e1ac	FP_OPRETCRDSPR.t	501
base-c10-split/FORS_ES.ec	operand:a2ba6bb81603	FP_OPRETCRDSPR.dpp	501
base-c10-split/FORS_ES.ec	operand:5d70b641dcf4	FP_OPRETCRDSPR.din	501
base-c10-split/FORS_ES.ec	operand:fb7733b5efe0	FP_OPRETCRDSPR.InFT	501
base-c10-split/FORS_ES.ec	rename:ce817f788b91	FP_OPRETCRDSPR.F	501
base-c10-split/FORS_ES.ec	rename:83c3b36e9fa0	FP_OPRETCRDSPR.F_OpenPRE	501
base-c10-split/FORS_ES.ec	rename:df25e5487a86	FP_OPRETCRDSPR.F_TCR	501
base-c10-split/FORS_ES.ec	rename:0134e16978b5	FP_OPRETCRDSPR.F_DSPR	501
base-c10-split/FORS_ES.ec	clone-discharge:star|realize:din_fu,din_ll,din_uni,dpp_ll,ge0_t	FP_OPRETCRDSPR	501
base-c10-split/FORS_ES.ec	operand:61612567f25d	TRH.pp_t	593
base-c10-split/FORS_ES.ec	operand:9ae7ae045a8e	TRH.tw_t	593
base-c10-split/FORS_ES.ec	operand:67f6c8b96278	TRH.in_t	593
base-c10-split/FORS_ES.ec	operand:4700c5ff2a14	TRH.out_t	593
base-c10-split/FORS_ES.ec	operand:079ada849884	TRH.f	593
base-c10-split/FORS_ES.ec	operand:a2ba6bb81603	TRH.dpp	593
base-c10-split/FORS_ES.ec	clone-discharge:star|realize:dpp_ll	TRH	593
base-c10-split/FORS_ES.ec	operand:c1e1af0670c8	TRHC.diff_t	606
base-c10-split/FORS_ES.ec	operand:90c549543ab2	TRHC.get_diff	606
base-c10-split/FORS_ES.ec	operand:05aba422ee3d	TRHC.fc	606
base-c10-split/FORS_ES.ec	clone-discharge:star|realize:in_collection	TRHC	606
base-c10-split/FORS_ES.ec	operand:b93dd9b568ed	TRHC_TCR.t_smdttcr	616
base-c10-split/FORS_ES.ec	clone-discharge:star|realize:ge0_tsmdttcr	TRHC_TCR	616
base-c10-split/FORS_ES.ec	operand:61612567f25d	TRCO.pp_t	625
base-c10-split/FORS_ES.ec	operand:9ae7ae045a8e	TRCO.tw_t	625
base-c10-split/FORS_ES.ec	operand:67f6c8b96278	TRCO.in_t	625
base-c10-split/FORS_ES.ec	operand:4700c5ff2a14	TRCO.out_t	625
base-c10-split/FORS_ES.ec	operand:c78b1c21f806	TRCO.f	625
base-c10-split/FORS_ES.ec	operand:a2ba6bb81603	TRCO.dpp	625
base-c10-split/FORS_ES.ec	clone-discharge:star|realize:dpp_ll	TRCO	625
base-c10-split/FORS_ES.ec	operand:c1e1af0670c8	TRCOC.diff_t	638
base-c10-split/FORS_ES.ec	operand:90c549543ab2	TRCOC.get_diff	638
base-c10-split/FORS_ES.ec	operand:05aba422ee3d	TRCOC.fc	638
base-c10-split/FORS_ES.ec	clone-discharge:star|realize:in_collection	TRCOC	638
base-c10-split/FORS_ES.ec	operand:b7a885462819	TRCOC_TCR.t_smdttcr	648
base-c10-split/FORS_ES.ec	clone-discharge:star|realize:ge0_tsmdttcr	TRCOC_TCR	648
base-c10-split/FORS_ES.ec	operand:efa13d91c0ca	EI.t	2826
base-c10-split/FORS_ES.ec	operand:4c4666a82f97	EI.c	2826
base-c10-split/FORS_ES.ec	operand:4c4666a82f97	EI.step	2826
base-c10-split/FORS_ES.ec	clone-discharge:star|realize:c_gt0,step_gt0	EI	2826
base-c10-split/FORS_ES.ec	op-annotation:lossless	dmseed	307
base-c10-split/FORS_ES.ec	op-annotation:lossless	dmkey	310
base-c10-split/FORS_ES.ec	op-annotation:lossless	dpseed	313
base-c10-split/FORS_ES.ec	op-annotation:lossless	ddgstblock	316
base-c10-split/FORS_ES.ec	op-annotation:full	ddgstblock	316
base-c10-split/FORS_ES.ec	op-annotation:uniform	ddgstblock	316
base-c10-split/FORS_ES.ec	defined-const:5ce27689141d	adrs_len	19
base-c10-split/FORS_ES.ec	defined-const:0c529f654b73	n	22
base-c10-split/FORS_ES.ec	defined-const:7eb0c787ae27	k	25
base-c10-split/FORS_ES.ec	defined-const:562f8f69e0c4	a	28
base-c10-split/FORS_ES.ec	defined-const:b29d8e4acbd9	t	31
base-c10-split/FORS_ES.ec	abstract-const:9a7d2a4ac444	trhtype	34
base-c10-split/FORS_ES.ec	abstract-const:80a8e51cc748	trcotype	37
base-c10-split/FORS_ES.ec	defined-const:16c00facb41a	l	45
base-c10-split/FORS_ES.ec	defined-const:0852c982f6a1	s	51
base-c10-split/FORS_ES.ec	defined-const:3218fef937a1	d	57
base-c10-split/FORS_ES.ec	defined-type:1b7b9108cb4d	index	87
base-c10-split/FORS_ES.ec	abstract-type:3e487ee9f1f3	mseed	90
base-c10-split/FORS_ES.ec	abstract-type:915af8e092a1	mkey	93
base-c10-split/FORS_ES.ec	abstract-type:621a7eeca2cb	sseed	96
base-c10-split/FORS_ES.ec	abstract-type:57d2e2e460a5	pseed	99
base-c10-split/FORS_ES.ec	abstract-type:8751c1902df4	msg	102
base-c10-split/FORS_ES.ec	defined-type:790c6fe78f90	dgst	108
base-c10-split/FORS_ES.ec	defined-type:54a454abb2c5	dgstblock	118
base-c10-split/FORS_ES.ec	defined-type:0f7bb2234dec	pkFORS	148
base-c10-split/FORS_ES.ec	defined-type:f9418df0e43c	skFORS	160
base-c10-split/FORS_ES.ec	defined-type:a8b91bbb5ecc	msgFORSTW	169
base-c10-split/FORS_ES.ec	defined-type:f9249be0dcba	apFORSTW	180
base-c10-split/FORS_ES.ec	defined-type:5a4f39ece9b1	sigFORSTW	191
base-c10-split/FORS_ES.ec	defined-op:6bbe602c99cf	nr_nodes	198
base-c10-split/FORS_ES.ec	defined-op:11837789cba5	valid_tidx	203
base-c10-split/FORS_ES.ec	defined-op:e5095935206c	valid_kpidx	207
base-c10-split/FORS_ES.ec	defined-op:52ce4b77b4e6	valid_thidx	211
base-c10-split/FORS_ES.ec	defined-op:bae7dc31b488	valid_tbidx	228
base-c10-split/FORS_ES.ec	abstract-op:6dbb0ea4a14c	valid_idxvals	232
base-c10-split/FORS_ES.ec	defined-op:ef35e8317c42	valid_adrsidxs	238
base-c10-split/FORS_ES.ec	abstract-op:c4e20f13e404	valid_fidxvalsgp	245
base-c10-split/FORS_ES.ec	defined-op:c804c5751428	valid_fidxvalslptrh	248
base-c10-split/FORS_ES.ec	defined-op:9a06de592c09	valid_fidxvalslptrco	256
base-c10-split/FORS_ES.ec	defined-op:338ea004b86e	valid_fidxvalslp	267
base-c10-split/FORS_ES.ec	defined-op:8771ad2415ed	valid_fidxvals	275
base-c10-split/FORS_ES.ec	defined-op:f808e91586f2	valid_fadrsidxs	282
base-c10-split/FORS_ES.ec	abstract-op:1dc2a1c68df8	dmseed	307
base-c10-split/FORS_ES.ec	abstract-op:8173d7db4a13	dmkey	310
base-c10-split/FORS_ES.ec	abstract-op:1812d5a783dc	dpseed	313
base-c10-split/FORS_ES.ec	abstract-op:28f87dcba256	ddgstblock	316
base-c10-split/FORS_ES.ec	defined-op:33d8b6e48c5f	ddgstblocklift	319
base-c10-split/FORS_ES.ec	defined-type:ae689d7fe842	adrs	339
base-c10-split/FORS_ES.ec	defined-type:feeb0a793a6b	pkFORSTW	344
base-c10-split/FORS_ES.ec	defined-type:17c516065212	skFORSTW	347
base-c10-split/FORS_ES.ec	defined-op:7d82fa95fc5c	valid_adrs	354
base-c10-split/FORS_ES.ec	defined-op:1eb7267fd5aa	valid_fadrs	358
base-c10-split/FORS_ES.ec	abstract-const:35d3ab08be7d	adz	367
base-c10-split/FORS_ES.ec	defined-op:f60e719f2816	set_tidx	371
base-c10-split/FORS_ES.ec	defined-op:5e2645b30c97	set_typeidx	374
base-c10-split/FORS_ES.ec	defined-op:5ee52b0309f0	set_kpidx	377
base-c10-split/FORS_ES.ec	defined-op:dfeae612de17	set_thtbidx	380
base-c10-split/FORS_ES.ec	defined-op:381f5f6fb44f	get_tbidx	385
base-c10-split/FORS_ES.ec	defined-op:84ec7b7ba6f1	get_thidx	388
base-c10-split/FORS_ES.ec	defined-op:726dedf24fd2	get_kpidx	391
base-c10-split/FORS_ES.ec	defined-op:3dc89a55cc42	get_typeidx	394
base-c10-split/FORS_ES.ec	defined-op:f252365d9d5e	get_tidx	397
base-c10-split/FORS_ES.ec	abstract-op:61f9689c2f91	skg	404
base-c10-split/FORS_ES.ec	abstract-op:f4b3366cbdd4	mkg	409
base-c10-split/FORS_ES.ec	abstract-op:de7cb7aee0d8	mco	412
base-c10-split/FORS_ES.ec	defined-op:849e230d88d4	g	421
base-c10-split/FORS_ES.ec	abstract-op:9ea0c6bc6850	thfc	449
base-c10-split/FORS_ES.ec	defined-op:a5beece57d35	f	455
base-c10-split/FORS_ES.ec	defined-op:838cbf350937	f'	498
base-c10-split/FORS_ES.ec	defined-op:39fb7c6b0e52	trh	591
base-c10-split/FORS_ES.ec	defined-op:d6c3baea1d60	trco	623
base-c10-split/FORS_ES.ec	defined-op:cb366a9f308f	updhbidx	657
base-c10-split/FORS_ES.ec	defined-op:036c6a9d1e62	trhi	664
base-c10-split/FORS_ES.ec	defined-op:e698eed056bb	val_bt_trh_gen	671
base-c10-split/FORS_ES.ec	defined-op:2b4b1bce25a9	cons_ap_trh_gen	679
base-c10-split/FORS_ES.ec	defined-op:20ec162050a3	val_ap_trh_gen	687
base-c10-split/FORS_ES.ec	defined-op:41206443192d	val_bt_trh	695
base-c10-split/FORS_ES.ec	defined-op:9f26abfa8a87	cons_ap_trh	707
base-c10-split/FORS_ES.ec	defined-op:df809b8dc7fa	val_ap_trh	720
base-c10-split/FORS_ES.ec	defined-op:daacd866052f	extract_collision_bt_ap_trh	729
base-c10-split/FORS_ES.ec	module:e5aab56882e9	FL_FORS_ES	1523
base-c10-split/FORS_ES.ec	module:5f6b1acc8435	M_FORS_ES	1684
base-c10-split/FORS_ES.ec	module:2cad8d786a1d	FL_FORS_ES_NPRF	1798
base-c10-split/FORS_ES.ec	module:86e982b333b3	M_FORS_ES_NPRF	1932
base-c10-split/FORS_ES.ec	module-type:841b0be0ab61	Oracle_CMA_MFORSTWESNPRF	1985
base-c10-split/FORS_ES.ec	module-type:a4a45aa93f28	SOracle_CMA_MFORSTWESNPRF	1993
base-c10-split/FORS_ES.ec	module-type:83fa29c72430	Adv_EUFCMA_MFORSTWESNPRF	2000
base-c10-split/FORS_ES.ec	module:6585a8d2935e	EUF_CMA_MFORSTWESNPRF	2007
base-c10-split/FORS_ES.ec	module:c03c56269fb5	O_CMA_MFORSTWESNPRF	2043
base-c10-split/FORS_ES.ec	module:8d3b09eb68ba	O_CMA_MFORSTWESNPRF_AV	2114
base-c10-split/FORS_ES.ec	module:3e1530c7b9ba	R_ITSR_EUFCMA	2176
base-c10-split/FORS_ES.ec	module:c94ae970e091	O_CMA	2188
base-c10-split/FORS_ES.ec	module:50bef4111237	R_FSMDTOpenPRE_EUFCMA	2244
base-c10-split/FORS_ES.ec	module:bdb38a475cc3	O_CMA	2256
base-c10-split/FORS_ES.ec	module:e198da71c4dd	R_FPOpenPRE_FOpenPRE	2416
base-c10-split/FORS_ES.ec	module:18343a7ef0ae	O_SMDTOpenPRE	2417
base-c10-split/FORS_ES.ec	module:ac6a25b9bee4	R_TRHSMDTTCRC_EUFCMA	2448
base-c10-split/FORS_ES.ec	module:4d8ac092030c	R_TRCOSMDTTCRC_EUFCMA	2643
base-c10-split/FORS_ES.ec	module:e7d49a16b485	A	2811
base-c10-split/FORS_ES.ec	module:c4c5634aad11	O_SMDTOpenPRE_Default_Init_LoopBody	2837
base-c10-split/FORS_ES.ec	module:1265bd6b46bc	O_SMDTOpenPRE_Default_Init_LoopBodyNest1	2860
base-c10-split/FORS_ES.ec	module:1f98403a7a12	O_SMDTOpenPRE_Default_Init_LoopBodyNest2	2884
base-c10-split/FORS_ES.ec	module:10ee6df2bfff	O_SMDTOpenPRE_Default_Init_CL	2909
base-c10-split/FORS_ES.ec	module:c970fa4af0fe	O_SMDTOpenPRE_Default_ILN	2986
base-c10-split/FORS_ES.ec	module:e0c33925baf8	EUF_CMA_MFORSTWESNPRF_C	3164
base-c10-split/FORS_ES.ec	module:448f73ad9b27	EUF_CMA_MFORSTWESNPRF_V	3253
base-c10-split/FORS_ES.ec	module:65b2bc218b81	EUF_CMA_MFORSTWESNPRF_VI	3381
base-c10-split/HashAddresses.eca	refined-const:57b8683c55d7	ge1_l	4
base-c10-split/HashAddresses.eca	operand:a49d224d27bc	Adrs.T	13
base-c10-split/HashAddresses.eca	operand:d024dc58d29b	Adrs.P	13
base-c10-split/HashAddresses.eca	clone-obligation:Subtype	Adrs.insubN	13
base-c10-split/HashAddresses.eca	clone-obligation:Subtype	Adrs.insubT	13
base-c10-split/HashAddresses.eca	clone-obligation:Subtype	Adrs.valP	13
base-c10-split/HashAddresses.eca	clone-obligation:Subtype	Adrs.valK	13
base-c10-split/HashAddresses.eca	clone-obligation:Subtype	Adrs.inhabited	13
base-c10-split/HashAddresses.eca	clone-discharge:none	Adrs	13
base-c10-split/HashAddresses.eca	defined-const:16c00facb41a	l	4
base-c10-split/HashAddresses.eca	abstract-type:e75b1b47e7ea	index	6
base-c10-split/HashAddresses.eca	abstract-op:459e7d5cefb1	valid_idxvals	8
base-c10-split/HashAddresses.eca	defined-op:37dfd6de7165	valid_adrsidxs	10
base-c10-split/HashAddresses.eca	defined-type:1c5ad761863a	adrs	17
base-c10-split/HashAddresses.eca	defined-op:17f69cbb5bb3	get_idx	19
base-c10-split/HashAddresses.eca	defined-op:4637c69391d2	set_idx	22
base-c10-split/HashAddresses.eca	defined-op:1c878428b50c	valid_setidx	25
base-c10-split/HashAddresses.eca	defined-op:e021f067efd5	eq_idx	28
base-c10-split/KeyedHashFunctions.eca	refined-const:8f94a1ed66c4	ge1_tsmpre	121
base-c10-split/KeyedHashFunctions.eca	refined-const:6d9a60837c9d	ge1_tmmpre	178
base-c10-split/KeyedHashFunctions.eca	refined-const:6b5bcc36bcb2	ge1_tsmspr	356
base-c10-split/KeyedHashFunctions.eca	refined-const:cb55d4591233	ge1_tmmspr	409
base-c10-split/KeyedHashFunctions.eca	refined-const:38d84072fcae	ge1_tsmdspr	822
base-c10-split/KeyedHashFunctions.eca	refined-const:8e6335840841	ge1_tmmdspr	927
base-c10-split/KeyedHashFunctions.eca	refined-const:4c8678af2393	ge1_tsmud	1231
base-c10-split/KeyedHashFunctions.eca	refined-const:ede48cdebc48	ge1_tmmud	1294
base-c10-split/KeyedHashFunctions.eca	refined-const:0ea855124baf	doutm_ll	1590
base-c10-split/KeyedHashFunctions.eca	op-annotation:lossless	din	84
base-c10-split/KeyedHashFunctions.eca	op-annotation:lossless	dkey	87
base-c10-split/KeyedHashFunctions.eca	op-annotation:lossless	din	124
base-c10-split/KeyedHashFunctions.eca	op-annotation:lossless	dkey	127
base-c10-split/KeyedHashFunctions.eca	op-annotation:lossless	din	181
base-c10-split/KeyedHashFunctions.eca	op-annotation:lossless	dkey	184
base-c10-split/KeyedHashFunctions.eca	op-annotation:lossless	din	244
base-c10-split/KeyedHashFunctions.eca	op-annotation:lossless	din	319
base-c10-split/KeyedHashFunctions.eca	op-annotation:lossless	dkey	322
base-c10-split/KeyedHashFunctions.eca	op-annotation:lossless	din	359
base-c10-split/KeyedHashFunctions.eca	op-annotation:lossless	dkey	362
base-c10-split/KeyedHashFunctions.eca	op-annotation:lossless	din	412
base-c10-split/KeyedHashFunctions.eca	op-annotation:lossless	dkey	415
base-c10-split/KeyedHashFunctions.eca	op-annotation:lossless	din	473
base-c10-split/KeyedHashFunctions.eca	op-annotation:lossless	dkey	542
base-c10-split/KeyedHashFunctions.eca	op-annotation:lossless	dkey	575
base-c10-split/KeyedHashFunctions.eca	op-annotation:lossless	dkey	612
base-c10-split/KeyedHashFunctions.eca	op-annotation:lossless	dkey	653
base-c10-split/KeyedHashFunctions.eca	op-annotation:lossless	din	763
base-c10-split/KeyedHashFunctions.eca	op-annotation:lossless	dkey	766
base-c10-split/KeyedHashFunctions.eca	op-annotation:lossless	din	825
base-c10-split/KeyedHashFunctions.eca	op-annotation:lossless	dkey	828
base-c10-split/KeyedHashFunctions.eca	op-annotation:lossless	din	930
base-c10-split/KeyedHashFunctions.eca	op-annotation:lossless	dkey	933
base-c10-split/KeyedHashFunctions.eca	op-annotation:lossless	din	1046
base-c10-split/KeyedHashFunctions.eca	op-annotation:lossless	din	1178
base-c10-split/KeyedHashFunctions.eca	op-annotation:lossless	dout	1181
base-c10-split/KeyedHashFunctions.eca	op-annotation:lossless	dkey	1184
base-c10-split/KeyedHashFunctions.eca	op-annotation:lossless	din	1234
base-c10-split/KeyedHashFunctions.eca	op-annotation:lossless	dout	1237
base-c10-split/KeyedHashFunctions.eca	op-annotation:lossless	dkey	1240
base-c10-split/KeyedHashFunctions.eca	op-annotation:lossless	din	1297
base-c10-split/KeyedHashFunctions.eca	op-annotation:lossless	dout	1300
base-c10-split/KeyedHashFunctions.eca	op-annotation:lossless	dkey	1303
base-c10-split/KeyedHashFunctions.eca	op-annotation:lossless	din	1360
base-c10-split/KeyedHashFunctions.eca	op-annotation:lossless	dout	1363
base-c10-split/KeyedHashFunctions.eca	op-annotation:lossless	dkey	1366
base-c10-split/KeyedHashFunctions.eca	op-annotation:lossless	dkey	1450
base-c10-split/KeyedHashFunctions.eca	op-annotation:lossless	dkey	1587
base-c10-split/KeyedHashFunctions.eca	abstract-type:366b4cce178c	in_t	61
base-c10-split/KeyedHashFunctions.eca	abstract-type:ec5fe8295274	out_t	62
base-c10-split/KeyedHashFunctions.eca	abstract-type:d4ee19e50478	key_t	65
base-c10-split/KeyedHashFunctions.eca	abstract-op:53b5d457ce2a	f	70
base-c10-split/KeyedHashFunctions.eca	abstract-op:00dcfe6c6085	din	84
base-c10-split/KeyedHashFunctions.eca	abstract-op:e21a6c1fae0f	dkey	87
base-c10-split/KeyedHashFunctions.eca	defined-const:5f56844bab7a	t_smpre	121
base-c10-split/KeyedHashFunctions.eca	abstract-op:00dcfe6c6085	din	124
base-c10-split/KeyedHashFunctions.eca	abstract-op:e21a6c1fae0f	dkey	127
base-c10-split/KeyedHashFunctions.eca	defined-const:e2625109e6bf	t_mmpre	178
base-c10-split/KeyedHashFunctions.eca	abstract-op:00dcfe6c6085	din	181
base-c10-split/KeyedHashFunctions.eca	abstract-op:e21a6c1fae0f	dkey	184
base-c10-split/KeyedHashFunctions.eca	abstract-op:00dcfe6c6085	din	244
base-c10-split/KeyedHashFunctions.eca	abstract-op:00dcfe6c6085	din	319
base-c10-split/KeyedHashFunctions.eca	abstract-op:e21a6c1fae0f	dkey	322
base-c10-split/KeyedHashFunctions.eca	defined-const:2462b983a018	t_smspr	356
base-c10-split/KeyedHashFunctions.eca	abstract-op:00dcfe6c6085	din	359
base-c10-split/KeyedHashFunctions.eca	abstract-op:e21a6c1fae0f	dkey	362
base-c10-split/KeyedHashFunctions.eca	defined-const:8cc838c88737	t_mmspr	409
base-c10-split/KeyedHashFunctions.eca	abstract-op:00dcfe6c6085	din	412
base-c10-split/KeyedHashFunctions.eca	abstract-op:e21a6c1fae0f	dkey	415
base-c10-split/KeyedHashFunctions.eca	abstract-op:00dcfe6c6085	din	473
base-c10-split/KeyedHashFunctions.eca	abstract-op:e21a6c1fae0f	dkey	542
base-c10-split/KeyedHashFunctions.eca	abstract-op:e21a6c1fae0f	dkey	575
base-c10-split/KeyedHashFunctions.eca	abstract-op:e21a6c1fae0f	dkey	612
base-c10-split/KeyedHashFunctions.eca	abstract-op:e21a6c1fae0f	dkey	653
base-c10-split/KeyedHashFunctions.eca	defined-abbrev:a63c9aed1266	spexists	757
base-c10-split/KeyedHashFunctions.eca	abstract-op:00dcfe6c6085	din	763
base-c10-split/KeyedHashFunctions.eca	abstract-op:e21a6c1fae0f	dkey	766
base-c10-split/KeyedHashFunctions.eca	defined-const:f7c0d9e8f297	t_smdspr	822
base-c10-split/KeyedHashFunctions.eca	abstract-op:00dcfe6c6085	din	825
base-c10-split/KeyedHashFunctions.eca	abstract-op:e21a6c1fae0f	dkey	828
base-c10-split/KeyedHashFunctions.eca	defined-const:ca91eeb944ef	t_mmdspr	927
base-c10-split/KeyedHashFunctions.eca	abstract-op:00dcfe6c6085	din	930
base-c10-split/KeyedHashFunctions.eca	abstract-op:e21a6c1fae0f	dkey	933
base-c10-split/KeyedHashFunctions.eca	abstract-op:00dcfe6c6085	din	1046
base-c10-split/KeyedHashFunctions.eca	abstract-op:00dcfe6c6085	din	1178
base-c10-split/KeyedHashFunctions.eca	abstract-op:91d4fbd4cae2	dout	1181
base-c10-split/KeyedHashFunctions.eca	abstract-op:e21a6c1fae0f	dkey	1184
base-c10-split/KeyedHashFunctions.eca	defined-const:0bc8fbf87470	t_smud	1231
base-c10-split/KeyedHashFunctions.eca	abstract-op:00dcfe6c6085	din	1234
base-c10-split/KeyedHashFunctions.eca	abstract-op:91d4fbd4cae2	dout	1237
base-c10-split/KeyedHashFunctions.eca	abstract-op:e21a6c1fae0f	dkey	1240
base-c10-split/KeyedHashFunctions.eca	defined-const:9c8cedb5fa5a	t_mmud	1294
base-c10-split/KeyedHashFunctions.eca	abstract-op:00dcfe6c6085	din	1297
base-c10-split/KeyedHashFunctions.eca	abstract-op:91d4fbd4cae2	dout	1300
base-c10-split/KeyedHashFunctions.eca	abstract-op:e21a6c1fae0f	dkey	1303
base-c10-split/KeyedHashFunctions.eca	abstract-op:00dcfe6c6085	din	1360
base-c10-split/KeyedHashFunctions.eca	abstract-op:91d4fbd4cae2	dout	1363
base-c10-split/KeyedHashFunctions.eca	abstract-op:e21a6c1fae0f	dkey	1366
base-c10-split/KeyedHashFunctions.eca	abstract-op:e21a6c1fae0f	dkey	1450
base-c10-split/KeyedHashFunctions.eca	abstract-op:2222632d9b51	g	1456
base-c10-split/KeyedHashFunctions.eca	defined-op:f4f58d5c85bd	h	1476
base-c10-split/KeyedHashFunctions.eca	abstract-op:e21a6c1fae0f	dkey	1587
base-c10-split/KeyedHashFunctions.eca	abstract-op:416ba2ca7b36	doutm	1590
base-c10-split/KeyedHashFunctions.eca	module-type:0946879f20bf	Adv_PRE	90
base-c10-split/KeyedHashFunctions.eca	module:fff190d7adb5	PRE	95
base-c10-split/KeyedHashFunctions.eca	module-type:5a834c1ea097	Adv_SMPRE	130
base-c10-split/KeyedHashFunctions.eca	module:0ef6662b9d9d	SM_PRE	135
base-c10-split/KeyedHashFunctions.eca	module-type:03668112a0cb	Adv_MMPRE	187
base-c10-split/KeyedHashFunctions.eca	module:bf91aa12bb77	MM_PRE	192
base-c10-split/KeyedHashFunctions.eca	module-type:3f017b6eb89e	Adv_DMPRE	247
base-c10-split/KeyedHashFunctions.eca	module:485a3c3c240e	DM_PRE	253
base-c10-split/KeyedHashFunctions.eca	module-type:20c0d8562c17	Adv_SPR	325
base-c10-split/KeyedHashFunctions.eca	module:cc23f06ea1b7	SPR	330
base-c10-split/KeyedHashFunctions.eca	module-type:04f58f6fe1b4	Adv_SMSPR	365
base-c10-split/KeyedHashFunctions.eca	module:ceba82165455	SM_SPR	370
base-c10-split/KeyedHashFunctions.eca	module-type:98a70d343f9e	Adv_MMSPR	418
base-c10-split/KeyedHashFunctions.eca	module:0c25fcf8dea0	MM_SPR	423
base-c10-split/KeyedHashFunctions.eca	module-type:17fa1153a91f	Adv_DMSPR	476
base-c10-split/KeyedHashFunctions.eca	module:eecf0b443844	DM_SPR	482
base-c10-split/KeyedHashFunctions.eca	module-type:df3c98455362	Adv_CR	545
base-c10-split/KeyedHashFunctions.eca	module:5d367f40d3ac	CR	550
base-c10-split/KeyedHashFunctions.eca	module-type:2862fa76a3f5	Adv_TCR	578
base-c10-split/KeyedHashFunctions.eca	module:f8109a361578	TCR	584
base-c10-split/KeyedHashFunctions.eca	module-type:2eb6abd9f6d7	Adv_ETCR	615
base-c10-split/KeyedHashFunctions.eca	module:b001adfb75b6	ETCR	621
base-c10-split/KeyedHashFunctions.eca	module-type:9e574c20f783	Oracle_METCRi_t	656
base-c10-split/KeyedHashFunctions.eca	module-type:2f407d620b32	Oracle_METCR_t	664
base-c10-split/KeyedHashFunctions.eca	module:a317bd31d16f	O_METCR_Default	669
base-c10-split/KeyedHashFunctions.eca	module-type:1cd9438fefb8	Adv_METCR	702
base-c10-split/KeyedHashFunctions.eca	module:7b3717ecf172	M_ETCR	707
base-c10-split/KeyedHashFunctions.eca	module-type:acaf0a0fb962	Adv_DSPR	769
base-c10-split/KeyedHashFunctions.eca	module:8e949181218d	SPprob	780
base-c10-split/KeyedHashFunctions.eca	module:e556244a024f	DSPR	799
base-c10-split/KeyedHashFunctions.eca	module-type:e5f9a4ef44dc	Adv_SMDSPR	831
base-c10-split/KeyedHashFunctions.eca	module:c38098d700df	SM_SPprob	839
base-c10-split/KeyedHashFunctions.eca	module:8b0afd95f946	SM_DSPR	879
base-c10-split/KeyedHashFunctions.eca	module-type:9964416cdce4	Adv_MMDSPR	936
base-c10-split/KeyedHashFunctions.eca	module:05fde9b120f0	MM_SPprob	944
base-c10-split/KeyedHashFunctions.eca	module:aa6e6fbd4297	MM_DSPR	990
base-c10-split/KeyedHashFunctions.eca	module-type:cdae4d86bcb8	Adv_DMDSPR	1049
base-c10-split/KeyedHashFunctions.eca	module:49d42d2eac71	DM_SPprob	1058
base-c10-split/KeyedHashFunctions.eca	module:3299ec62425c	DM_DSPR	1109
base-c10-split/KeyedHashFunctions.eca	module-type:29726a2264ea	Adv_UD	1187
base-c10-split/KeyedHashFunctions.eca	module:fc712928ea3c	UD	1192
base-c10-split/KeyedHashFunctions.eca	module-type:55d5c326053a	Adv_SMUD	1243
base-c10-split/KeyedHashFunctions.eca	module:ee71575e62d5	SM_UD	1248
base-c10-split/KeyedHashFunctions.eca	module-type:555c3e095251	Adv_MMUD	1306
base-c10-split/KeyedHashFunctions.eca	module:2b99c04c2e62	MM_UD	1311
base-c10-split/KeyedHashFunctions.eca	module-type:0a2cf4e40c2c	Adv_DMUD	1369
base-c10-split/KeyedHashFunctions.eca	module:56a36f82bc20	DM_UD	1375
base-c10-split/KeyedHashFunctions.eca	module-type:6b505606b19e	Oracle_ITSR	1479
base-c10-split/KeyedHashFunctions.eca	module:e535b7b4de45	O_ITSR_Default	1486
base-c10-split/KeyedHashFunctions.eca	module-type:9e5acd57257e	Adv_ITSR	1514
base-c10-split/KeyedHashFunctions.eca	module:dcb9541d8304	ITSR	1519
base-c10-split/KeyedHashFunctions.eca	module-type:d54827bf211f	Oracle_PRF	1593
base-c10-split/KeyedHashFunctions.eca	module-type:4ea8c9cfe697	Adv_PRF	1599
base-c10-split/KeyedHashFunctions.eca	module:1aea48e93d1a	O_PRF_Default	1604
base-c10-split/KeyedHashFunctions.eca	module:dc7439628e34	PRF	1645
base-c10-split/MerkleTrees.ec	defined-op:d9ddf96f96f4	val_bt	4
base-c10-split/MerkleTrees.ec	defined-op:4a395104c95c	cons_ap	12
base-c10-split/MerkleTrees.ec	defined-op:d6e6acde303f	val_ap	24
base-c10-split/MerkleTrees.ec	defined-op:b3aad25d7602	extract_collision_bt_ap	107
base-c10-split/OpenPRE_From_TCR_DSPR_THF.eca	declare-axiom	A_pick_ll	284
base-c10-split/OpenPRE_From_TCR_DSPR_THF.eca	declare-axiom	A_find_ll	287
base-c10-split/OpenPRE_From_TCR_DSPR_THF.eca	refined-const:10741be82594	ge0_t	16
base-c10-split/OpenPRE_From_TCR_DSPR_THF.eca	operand:2ff38e020f07	InFT.t	24
base-c10-split/OpenPRE_From_TCR_DSPR_THF.eca	clone-obligation:FinType	InFT.enum_spec	24
base-c10-split/OpenPRE_From_TCR_DSPR_THF.eca	clone-discharge:none	InFT	24
base-c10-split/OpenPRE_From_TCR_DSPR_THF.eca	operand:a29ecc3af4b3	F.pp_t	40
base-c10-split/OpenPRE_From_TCR_DSPR_THF.eca	operand:8775916ba319	F.tw_t	40
base-c10-split/OpenPRE_From_TCR_DSPR_THF.eca	operand:d6be6292d261	F.in_t	40
base-c10-split/OpenPRE_From_TCR_DSPR_THF.eca	operand:17e94f917ca8	F.out_t	40
base-c10-split/OpenPRE_From_TCR_DSPR_THF.eca	operand:5f9b2df84c26	F.f	40
base-c10-split/OpenPRE_From_TCR_DSPR_THF.eca	operand:0f5ab7e01ddf	F.dpp	40
base-c10-split/OpenPRE_From_TCR_DSPR_THF.eca	clone-discharge:star|realize:dpp_ll	F	40
base-c10-split/OpenPRE_From_TCR_DSPR_THF.eca	operand:6b6f9cabc9a8	F_OpenPRE.t_smdtopenpre	53
base-c10-split/OpenPRE_From_TCR_DSPR_THF.eca	operand:8c4554b574ba	F_OpenPRE.din	53
base-c10-split/OpenPRE_From_TCR_DSPR_THF.eca	clone-discharge:star|realize:din_ll,ge0_tsmdtopenpre	F_OpenPRE	53
base-c10-split/OpenPRE_From_TCR_DSPR_THF.eca	operand:6b6f9cabc9a8	F_TCR.t_smdttcr	62
base-c10-split/OpenPRE_From_TCR_DSPR_THF.eca	clone-discharge:star|realize:ge0_tsmdttcr	F_TCR	62
base-c10-split/OpenPRE_From_TCR_DSPR_THF.eca	operand:6b6f9cabc9a8	F_DSPR.t_smdtdspr	68
base-c10-split/OpenPRE_From_TCR_DSPR_THF.eca	clone-discharge:star|realize:ge0_tsmdtdspr	F_DSPR	68
base-c10-split/OpenPRE_From_TCR_DSPR_THF.eca	operand:d6be6292d261	DMS.t1	720
base-c10-split/OpenPRE_From_TCR_DSPR_THF.eca	operand:17e94f917ca8	DMS.t2	720
base-c10-split/OpenPRE_From_TCR_DSPR_THF.eca	clone-discharge:star	DMS	720
base-c10-split/OpenPRE_From_TCR_DSPR_THF.eca	op-annotation:lossless	dpp	32
base-c10-split/OpenPRE_From_TCR_DSPR_THF.eca	op-annotation:lossless	din	33
base-c10-split/OpenPRE_From_TCR_DSPR_THF.eca	op-annotation:full	din	33
base-c10-split/OpenPRE_From_TCR_DSPR_THF.eca	op-annotation:uniform	din	33
base-c10-split/OpenPRE_From_TCR_DSPR_THF.eca	defined-const:d1543d44e79c	t	16
base-c10-split/OpenPRE_From_TCR_DSPR_THF.eca	abstract-type:8e0b37c5f3a7	pp_t	20
base-c10-split/OpenPRE_From_TCR_DSPR_THF.eca	abstract-type:e42a43044120	tw_t	21
base-c10-split/OpenPRE_From_TCR_DSPR_THF.eca	abstract-type:366b4cce178c	in_t	22
base-c10-split/OpenPRE_From_TCR_DSPR_THF.eca	abstract-type:ec5fe8295274	out_t	27
base-c10-split/OpenPRE_From_TCR_DSPR_THF.eca	abstract-op:3ccca65f9a8a	dpp	32
base-c10-split/OpenPRE_From_TCR_DSPR_THF.eca	abstract-op:00dcfe6c6085	din	33
base-c10-split/OpenPRE_From_TCR_DSPR_THF.eca	abstract-op:532b940c25be	f	38
base-c10-split/OpenPRE_From_TCR_DSPR_THF.eca	defined-op:8564566c0a18	is_pre_f	219
base-c10-split/OpenPRE_From_TCR_DSPR_THF.eca	defined-op:aee002ab1177	pre_f_l	222
base-c10-split/OpenPRE_From_TCR_DSPR_THF.eca	module:d756fc764c8d	R_TCR_OpenPRE	78
base-c10-split/OpenPRE_From_TCR_DSPR_THF.eca	module:4be8aa6c4ed4	O_SMDTOpenPRE	83
base-c10-split/OpenPRE_From_TCR_DSPR_THF.eca	module:ed15ab4e3ce1	R_DSPR_OpenPRE	131
base-c10-split/OpenPRE_From_TCR_DSPR_THF.eca	module:83c0c54445ec	O_SMDTOpenPRE	140
base-c10-split/OpenPRE_From_TCR_DSPR_THF.eca	module:a2272ac59848	A	282
base-c10-split/OpenPRE_From_TCR_DSPR_THF.eca	module:75c374959082	OPREg	290
base-c10-split/OpenPRE_From_TCR_DSPR_THF.eca	module:3157d4cc25cf	A	304
base-c10-split/OpenPRE_From_TCR_DSPR_THF.eca	module:af4c9eed1992	DSPRg	324
base-c10-split/OpenPRE_From_TCR_DSPR_THF.eca	module:ea8984380464	A	327
base-c10-split/OpenPRE_From_TCR_DSPR_THF.eca	module:31243dcb9a46	SPprobA	346
base-c10-split/OpenPRE_From_TCR_DSPR_THF.eca	module:a11d6cf3b217	A	349
base-c10-split/OpenPRE_From_TCR_DSPR_THF.eca	module:3dc97ef0ab3d	TCRg	364
base-c10-split/OpenPRE_From_TCR_DSPR_THF.eca	module:131a1c7b8966	A	367
base-c10-split/OpenPRE_From_TCR_DSPR_THF.eca	module:9c0350feaaec	Si	384
base-c10-split/OpenPRE_From_TCR_DSPR_THF.eca	module:4fd5707c837c	Fi	410
base-c10-split/OpenPRE_From_TCR_DSPR_THF.eca	module:71234bca70d8	O_SMDTOpenPRE_Default_early_fail	435
base-c10-split/OpenPRE_From_TCR_DSPR_THF.eca	module:97eda6e56cef	Si_early_fail	492
base-c10-split/OpenPRE_From_TCR_DSPR_THF.eca	module:712bd1bcb342	O_SMDTOpenPRE_Default_inverse_sample	525
base-c10-split/OpenPRE_From_TCR_DSPR_THF.eca	module:0273ce2196f4	Si_inverse_sample	582
base-c10-split/OpenPRE_From_TCR_DSPR_THF.eca	module:c12c5601a04f	O_SMDTOpenPRE_Default_inverse_sample_alt	726
base-c10-split/OpenPRE_From_TCR_DSPR_THF.eca	module:d7a8d4e27724	Si_inverse_sample_alt	791
base-c10-split/RadixEncoding.ec	defined-op:63810ea52c8d	digit	7
base-c10-split/RadixEncoding.ec	defined-op:88121a7a822b	digits	10
base-c10-split/SPHINCS_PLUS.ec	axiom	n_val	44
base-c10-split/SPHINCS_PLUS.ec	axiom	k_val	53
base-c10-split/SPHINCS_PLUS.ec	axiom	a_val	60
base-c10-split/SPHINCS_PLUS.ec	axiom	log2_w_val	73
base-c10-split/SPHINCS_PLUS.ec	axiom	len_val	97
base-c10-split/SPHINCS_PLUS.ec	axiom	hp_val	106
base-c10-split/SPHINCS_PLUS.ec	axiom	d_val	116
base-c10-split/SPHINCS_PLUS.ec	axiom	dist_adrstypes	165
base-c10-split/SPHINCS_PLUS.ec	operand:e65459235ede	Index.T	188
base-c10-split/SPHINCS_PLUS.ec	operand:d30f3ab84c98	Index.P	188
base-c10-split/SPHINCS_PLUS.ec	clone-discharge:star|realize:inhabited	Index	188
base-c10-split/SPHINCS_PLUS.ec	operand:6e3c6852b97b	DigestBlock.T	219
base-c10-split/SPHINCS_PLUS.ec	operand:9be1935cc7e9	DigestBlock.P	219
base-c10-split/SPHINCS_PLUS.ec	clone-discharge:star|realize:inhabited	DigestBlock	219
base-c10-split/SPHINCS_PLUS.ec	operand:b49d2d9dc492	DigestBlockFT.t	229
base-c10-split/SPHINCS_PLUS.ec	operand:0e7dda40bb0b	DigestBlockFT.enum	229
base-c10-split/SPHINCS_PLUS.ec	clone-discharge:star|realize:enum_spec.	DigestBlockFT	229
base-c10-split/SPHINCS_PLUS.ec	operand:e65459235ede	HA.index	392
base-c10-split/SPHINCS_PLUS.ec	operand:5e03634ec1d2	HA.l	392
base-c10-split/SPHINCS_PLUS.ec	operand:59bfe18199cc	HA.valid_idxvals	392
base-c10-split/SPHINCS_PLUS.ec	operand:3c67f649bb4b	HA.valid_adrsidxs	392
base-c10-split/SPHINCS_PLUS.ec	clone-discharge:star|realize:Adrs.inhabited.,ge1_l	HA	392
base-c10-split/SPHINCS_PLUS.ec	operand:d00369e55779	SKG.key_t	446
base-c10-split/SPHINCS_PLUS.ec	operand:cd7c35bb4d95	SKG.in_t	446
base-c10-split/SPHINCS_PLUS.ec	operand:4700c5ff2a14	SKG.out_t	446
base-c10-split/SPHINCS_PLUS.ec	operand:240b886671d6	SKG.f	446
base-c10-split/SPHINCS_PLUS.ec	clone-discharge:star	SKG	446
base-c10-split/SPHINCS_PLUS.ec	operand:83c757ce9a80	SKG_PRF.dkey	455
base-c10-split/SPHINCS_PLUS.ec	operand:800abf25a7a9	SKG_PRF.doutm	455
base-c10-split/SPHINCS_PLUS.ec	clone-discharge:star|realize:dkey_ll,doutm_ll	SKG_PRF	455
base-c10-split/SPHINCS_PLUS.ec	operand:86dabad1c450	MKG.key_t	465
base-c10-split/SPHINCS_PLUS.ec	operand:522e163feb88	MKG.in_t	465
base-c10-split/SPHINCS_PLUS.ec	operand:dd9d3ae1f775	MKG.out_t	465
base-c10-split/SPHINCS_PLUS.ec	operand:1431cf2a7e7c	MKG.f	465
base-c10-split/SPHINCS_PLUS.ec	clone-discharge:star	MKG	465
base-c10-split/SPHINCS_PLUS.ec	operand:9ee2e85e473e	MKG_PRF.dkey	474
base-c10-split/SPHINCS_PLUS.ec	operand:4d854035f2b1	MKG_PRF.doutm	474
base-c10-split/SPHINCS_PLUS.ec	clone-discharge:star|realize:dkey_ll,doutm_ll	MKG_PRF	474
base-c10-split/SPHINCS_PLUS.ec	operand:5e03634ec1d2	FTWES.adrs_len	509
base-c10-split/SPHINCS_PLUS.ec	operand:a23e8d24b18b	FTWES.n	509
base-c10-split/SPHINCS_PLUS.ec	operand:96c550da57e7	FTWES.k	509
base-c10-split/SPHINCS_PLUS.ec	operand:c15cd04a2988	FTWES.a	509
base-c10-split/SPHINCS_PLUS.ec	operand:6b6f9cabc9a8	FTWES.t	509
base-c10-split/SPHINCS_PLUS.ec	operand:549e540d7447	FTWES.l	509
base-c10-split/SPHINCS_PLUS.ec	operand:fe193fb305ea	FTWES.s	509
base-c10-split/SPHINCS_PLUS.ec	operand:038e3d6360bb	FTWES.d	509
base-c10-split/SPHINCS_PLUS.ec	operand:d10f66e71bef	FTWES.adz	509
base-c10-split/SPHINCS_PLUS.ec	operand:86dabad1c450	FTWES.mseed	509
base-c10-split/SPHINCS_PLUS.ec	operand:dd9d3ae1f775	FTWES.mkey	509
base-c10-split/SPHINCS_PLUS.ec	operand:d00369e55779	FTWES.sseed	509
base-c10-split/SPHINCS_PLUS.ec	operand:61612567f25d	FTWES.pseed	509
base-c10-split/SPHINCS_PLUS.ec	operand:522e163feb88	FTWES.msg	509
base-c10-split/SPHINCS_PLUS.ec	operand:67f6c8b96278	FTWES.dgst	509
base-c10-split/SPHINCS_PLUS.ec	operand:8ebf8af13c87	FTWES.nr_nodes	509
base-c10-split/SPHINCS_PLUS.ec	operand:d34814eb19e0	FTWES.trhtype	509
base-c10-split/SPHINCS_PLUS.ec	operand:bb4c276fa273	FTWES.trcotype	509
base-c10-split/SPHINCS_PLUS.ec	operand:3295fce7d9bf	FTWES.valid_tidx	509
base-c10-split/SPHINCS_PLUS.ec	operand:1387a2559d8d	FTWES.valid_kpidx	509
base-c10-split/SPHINCS_PLUS.ec	operand:847b3abc3d8a	FTWES.valid_thidx	509
base-c10-split/SPHINCS_PLUS.ec	operand:0260977ad080	FTWES.valid_tbidx	509
base-c10-split/SPHINCS_PLUS.ec	operand:59bfe18199cc	FTWES.valid_idxvals	509
base-c10-split/SPHINCS_PLUS.ec	operand:3c67f649bb4b	FTWES.valid_adrsidxs	509
base-c10-split/SPHINCS_PLUS.ec	operand:5ef5573c26d1	FTWES.valid_fidxvalsgp	509
base-c10-split/SPHINCS_PLUS.ec	operand:8b3236814fd3	FTWES.set_tidx	509
base-c10-split/SPHINCS_PLUS.ec	operand:3b257a7ac28b	FTWES.set_typeidx	509
base-c10-split/SPHINCS_PLUS.ec	operand:41dd6e29ffb4	FTWES.set_kpidx	509
base-c10-split/SPHINCS_PLUS.ec	operand:e84109c0a77b	FTWES.set_thtbidx	509
base-c10-split/SPHINCS_PLUS.ec	operand:6ec4e6df3306	FTWES.get_typeidx	509
base-c10-split/SPHINCS_PLUS.ec	operand:240b886671d6	FTWES.skg	509
base-c10-split/SPHINCS_PLUS.ec	operand:1431cf2a7e7c	FTWES.mkg	509
base-c10-split/SPHINCS_PLUS.ec	operand:05aba422ee3d	FTWES.thfc	509
base-c10-split/SPHINCS_PLUS.ec	operand:5f9b2df84c26	FTWES.f	509
base-c10-split/SPHINCS_PLUS.ec	operand:079ada849884	FTWES.trh	509
base-c10-split/SPHINCS_PLUS.ec	operand:c78b1c21f806	FTWES.trco	509
base-c10-split/SPHINCS_PLUS.ec	operand:9ee2e85e473e	FTWES.dmseed	509
base-c10-split/SPHINCS_PLUS.ec	operand:c31c3d0ec42d	FTWES.dmkey	509
base-c10-split/SPHINCS_PLUS.ec	operand:a2ba6bb81603	FTWES.dpseed	509
base-c10-split/SPHINCS_PLUS.ec	operand:5d70b641dcf4	FTWES.ddgstblock	509
base-c10-split/SPHINCS_PLUS.ec	operand:edf663fd9de4	FTWES.DigestBlock	509
base-c10-split/SPHINCS_PLUS.ec	operand:ecb4bb4fcba8	FTWES.DigestBlockFT	509
base-c10-split/SPHINCS_PLUS.ec	operand:a954dc4b7f5f	FTWES.Index	509
base-c10-split/SPHINCS_PLUS.ec	operand:375fabbdf366	FTWES.HA	509
base-c10-split/SPHINCS_PLUS.ec	operand:4700c5ff2a14	FTWES.dgstblock	509
base-c10-split/SPHINCS_PLUS.ec	operand:ac5d03321427	FTWES.index	509
base-c10-split/SPHINCS_PLUS.ec	operand:9ae7ae045a8e	FTWES.adrs	509
base-c10-split/SPHINCS_PLUS.ec	clone-discharge:list:ddgstblock_ll,dist_adrstypes,dmkey_ll,dmseed_ll,dpseed_ll,dval,ge1_a,ge1_k,ge1_l,ge1_n,ge1_s,ge5_adrslen,valf_adz,valid_fidxvals_idxvals|realize:ddgstblock_ll,dist_adrstypes,dmkey_ll,dmseed_ll,dpseed_ll,dval.,ge1_a,ge1_k,ge1_l,ge1_n,ge1_s,ge5_adrslen,valf_adz.,valid_fidxvals_idxvals.	FTWES	509
base-c10-split/SPHINCS_PLUS.ec	operand:5e03634ec1d2	FSSLXMTWES.adrs_len	600
base-c10-split/SPHINCS_PLUS.ec	operand:a23e8d24b18b	FSSLXMTWES.n	600
base-c10-split/SPHINCS_PLUS.ec	operand:81553b551d92	FSSLXMTWES.log2_w	600
base-c10-split/SPHINCS_PLUS.ec	operand:f48dfa28febd	FSSLXMTWES.w	600
base-c10-split/SPHINCS_PLUS.ec	operand:26a69aacc7d7	FSSLXMTWES.len	600
base-c10-split/SPHINCS_PLUS.ec	operand:d7b16c619e80	FSSLXMTWES.h'	600
base-c10-split/SPHINCS_PLUS.ec	operand:549e540d7447	FSSLXMTWES.l'	600
base-c10-split/SPHINCS_PLUS.ec	operand:b7a885462819	FSSLXMTWES.d	600
base-c10-split/SPHINCS_PLUS.ec	operand:038e3d6360bb	FSSLXMTWES.l	600
base-c10-split/SPHINCS_PLUS.ec	operand:12884bfe931b	FSSLXMTWES.adz	600
base-c10-split/SPHINCS_PLUS.ec	operand:d00369e55779	FSSLXMTWES.sseed	600
base-c10-split/SPHINCS_PLUS.ec	operand:61612567f25d	FSSLXMTWES.pseed	600
base-c10-split/SPHINCS_PLUS.ec	operand:67f6c8b96278	FSSLXMTWES.dgst	600
base-c10-split/SPHINCS_PLUS.ec	operand:98ac230bd53b	FSSLXMTWES.nr_nodes	600
base-c10-split/SPHINCS_PLUS.ec	operand:51f4bfc27106	FSSLXMTWES.nr_trees	600
base-c10-split/SPHINCS_PLUS.ec	operand:25520a14070e	FSSLXMTWES.chtype	600
base-c10-split/SPHINCS_PLUS.ec	operand:f2e26ff5f3ac	FSSLXMTWES.trhtype	600
base-c10-split/SPHINCS_PLUS.ec	operand:602ec15bd8ff	FSSLXMTWES.pkcotype	600
base-c10-split/SPHINCS_PLUS.ec	operand:309b19b4b435	FSSLXMTWES.valid_lidx	600
base-c10-split/SPHINCS_PLUS.ec	operand:24e31f4a105e	FSSLXMTWES.valid_tidx	600
base-c10-split/SPHINCS_PLUS.ec	operand:1387a2559d8d	FSSLXMTWES.valid_kpidx	600
base-c10-split/SPHINCS_PLUS.ec	operand:c2328d15073b	FSSLXMTWES.valid_thidx	600
base-c10-split/SPHINCS_PLUS.ec	operand:559f0e30425a	FSSLXMTWES.valid_tbidx	600
base-c10-split/SPHINCS_PLUS.ec	operand:034d63e06d27	FSSLXMTWES.valid_chidx	600
base-c10-split/SPHINCS_PLUS.ec	operand:718280c4a0c1	FSSLXMTWES.valid_hidx	600
base-c10-split/SPHINCS_PLUS.ec	operand:59bfe18199cc	FSSLXMTWES.valid_idxvals	600
base-c10-split/SPHINCS_PLUS.ec	operand:3c67f649bb4b	FSSLXMTWES.valid_adrsidxs	600
base-c10-split/SPHINCS_PLUS.ec	operand:3b042d3cbe4c	FSSLXMTWES.valid_xidxvalsgp	600
base-c10-split/SPHINCS_PLUS.ec	operand:61036d67b1a8	FSSLXMTWES.set_lidx	600
base-c10-split/SPHINCS_PLUS.ec	operand:8b3236814fd3	FSSLXMTWES.set_tidx	600
base-c10-split/SPHINCS_PLUS.ec	operand:0172bc2f6a8e	FSSLXMTWES.set_ltidx	600
base-c10-split/SPHINCS_PLUS.ec	operand:3b257a7ac28b	FSSLXMTWES.set_typeidx	600
base-c10-split/SPHINCS_PLUS.ec	operand:41dd6e29ffb4	FSSLXMTWES.set_kpidx	600
base-c10-split/SPHINCS_PLUS.ec	operand:e84109c0a77b	FSSLXMTWES.set_thtbidx	600
base-c10-split/SPHINCS_PLUS.ec	operand:6ec4e6df3306	FSSLXMTWES.get_typeidx	600
base-c10-split/SPHINCS_PLUS.ec	operand:05aba422ee3d	FSSLXMTWES.thfc	600
base-c10-split/SPHINCS_PLUS.ec	operand:079ada849884	FSSLXMTWES.trh	600
base-c10-split/SPHINCS_PLUS.ec	operand:9181969b616f	FSSLXMTWES.pkco	600
base-c10-split/SPHINCS_PLUS.ec	operand:5f9b2df84c26	FSSLXMTWES.WTWES.f	600
base-c10-split/SPHINCS_PLUS.ec	operand:240b886671d6	FSSLXMTWES.WTWES.skg	600
base-c10-split/SPHINCS_PLUS.ec	operand:a2ba6bb81603	FSSLXMTWES.dpseed	600
base-c10-split/SPHINCS_PLUS.ec	operand:5d70b641dcf4	FSSLXMTWES.ddgstblock	600
base-c10-split/SPHINCS_PLUS.ec	operand:edf663fd9de4	FSSLXMTWES.DigestBlock	600
base-c10-split/SPHINCS_PLUS.ec	operand:ecb4bb4fcba8	FSSLXMTWES.DigestBlockFT	600
base-c10-split/SPHINCS_PLUS.ec	operand:a954dc4b7f5f	FSSLXMTWES.Index	600
base-c10-split/SPHINCS_PLUS.ec	operand:375fabbdf366	FSSLXMTWES.HA	600
base-c10-split/SPHINCS_PLUS.ec	operand:4700c5ff2a14	FSSLXMTWES.dgstblock	600
base-c10-split/SPHINCS_PLUS.ec	operand:ac5d03321427	FSSLXMTWES.index	600
base-c10-split/SPHINCS_PLUS.ec	operand:9ae7ae045a8e	FSSLXMTWES.adrs	600
base-c10-split/SPHINCS_PLUS.ec	clone-discharge:list:WTWES.WAddress.inhabited,ddgstblock_ll,dist_adrstypes,dpseed_ll,ge1_d,ge1_hp,ge1_n,ge6_adrslen,val_log2w,valid_xidxvals_idxvals,valx_adz|realize:WTWES.WAddress.inhabited.,ddgstblock_ll,dist_adrstypes,dpseed_ll,ge1_d,ge1_hp,ge1_n,ge6_adrslen,val_log2w,valid_xidxvals_idxvals.,valx_adz.	FSSLXMTWES	600
base-c10-split/SPHINCS_PLUS.ec	operand:684aa8cf7068	DSS.pk_t	723
base-c10-split/SPHINCS_PLUS.ec	operand:43f7ad571014	DSS.sk_t	723
base-c10-split/SPHINCS_PLUS.ec	operand:522e163feb88	DSS.msg_t	723
base-c10-split/SPHINCS_PLUS.ec	operand:27f8d161e03c	DSS.sig_t	723
base-c10-split/SPHINCS_PLUS.ec	clone-discharge:star	DSS	723
base-c10-split/SPHINCS_PLUS.ec	op-annotation:lossless	dmseed	374
base-c10-split/SPHINCS_PLUS.ec	op-annotation:lossless	dmkey	377
base-c10-split/SPHINCS_PLUS.ec	op-annotation:lossless	dpseed	380
base-c10-split/SPHINCS_PLUS.ec	op-annotation:lossless	dsseed	383
base-c10-split/SPHINCS_PLUS.ec	op-annotation:lossless	ddgstblock	386
base-c10-split/SPHINCS_PLUS.ec	defined-const:f3e8dd5e3980	adrs_len	19
base-c10-split/SPHINCS_PLUS.ec	abstract-op:62a2142d472b	n	43
base-c10-split/SPHINCS_PLUS.ec	abstract-op:dae4b70ff693	k	52
base-c10-split/SPHINCS_PLUS.ec	abstract-op:89763f469bbd	a	59
base-c10-split/SPHINCS_PLUS.ec	defined-const:b29d8e4acbd9	t	65
base-c10-split/SPHINCS_PLUS.ec	abstract-op:296e2f2b4f93	log2_w	72
base-c10-split/SPHINCS_PLUS.ec	defined-const:35adbeb29f31	w	78
base-c10-split/SPHINCS_PLUS.ec	abstract-op:bdb21a84626e	len	96
base-c10-split/SPHINCS_PLUS.ec	abstract-op:709868275c5a	h'	105
base-c10-split/SPHINCS_PLUS.ec	defined-const:50459afcff6b	l'	111
base-c10-split/SPHINCS_PLUS.ec	abstract-op:e2ce1bd5f0b5	d	115
base-c10-split/SPHINCS_PLUS.ec	defined-const:0ecaa4621286	h	124
base-c10-split/SPHINCS_PLUS.ec	defined-const:3a4c6783370a	l	131
base-c10-split/SPHINCS_PLUS.ec	abstract-const:d163299b205a	chtype	136
base-c10-split/SPHINCS_PLUS.ec	abstract-const:af8cedec425d	pkcotype	142
base-c10-split/SPHINCS_PLUS.ec	abstract-const:ef80726d9ecb	trhxtype	148
base-c10-split/SPHINCS_PLUS.ec	abstract-const:242400f085bc	trhftype	154
base-c10-split/SPHINCS_PLUS.ec	abstract-const:80a8e51cc748	trcotype	160
base-c10-split/SPHINCS_PLUS.ec	defined-type:1b7b9108cb4d	index	195
base-c10-split/SPHINCS_PLUS.ec	abstract-type:3e487ee9f1f3	mseed	198
base-c10-split/SPHINCS_PLUS.ec	abstract-type:915af8e092a1	mkey	201
base-c10-split/SPHINCS_PLUS.ec	abstract-type:621a7eeca2cb	sseed	204
base-c10-split/SPHINCS_PLUS.ec	abstract-type:57d2e2e460a5	pseed	207
base-c10-split/SPHINCS_PLUS.ec	abstract-type:8751c1902df4	msg	210
base-c10-split/SPHINCS_PLUS.ec	defined-type:790c6fe78f90	dgst	216
base-c10-split/SPHINCS_PLUS.ec	defined-type:54a454abb2c5	dgstblock	226
base-c10-split/SPHINCS_PLUS.ec	defined-op:2d8ebb476965	nr_nodesx	258
base-c10-split/SPHINCS_PLUS.ec	defined-op:434dfaf7ee4c	nr_nodesf	261
base-c10-split/SPHINCS_PLUS.ec	defined-op:231dcf6d4044	nr_trees	272
base-c10-split/SPHINCS_PLUS.ec	defined-op:656348f01f09	valid_lidx	277
base-c10-split/SPHINCS_PLUS.ec	defined-op:38616dd5cae9	valid_tidx	285
base-c10-split/SPHINCS_PLUS.ec	defined-op:f7048fe7a439	valid_kpidx	289
base-c10-split/SPHINCS_PLUS.ec	defined-op:e4eca296b70d	valid_thxidx	293
base-c10-split/SPHINCS_PLUS.ec	defined-op:e3279cc2b8fa	valid_tbxidx	297
base-c10-split/SPHINCS_PLUS.ec	defined-op:beaca44e698e	valid_thfidx	301
base-c10-split/SPHINCS_PLUS.ec	defined-op:076720345673	valid_tbfidx	305
base-c10-split/SPHINCS_PLUS.ec	defined-op:bd9f26cd66b0	valid_chidx	309
base-c10-split/SPHINCS_PLUS.ec	defined-op:e08772e8fff6	valid_hidx	313
base-c10-split/SPHINCS_PLUS.ec	defined-op:6a89bc6a77bd	valid_idxvalsch	317
base-c10-split/SPHINCS_PLUS.ec	defined-op:013cc3b0eaf8	valid_idxvalspkco	326
base-c10-split/SPHINCS_PLUS.ec	defined-op:4f47f6f9c505	valid_idxvalstrhx	335
base-c10-split/SPHINCS_PLUS.ec	defined-op:5fc6de770de8	valid_idxvalstrhf	344
base-c10-split/SPHINCS_PLUS.ec	defined-op:af82b5d8cce9	valid_idxvalstrco	353
base-c10-split/SPHINCS_PLUS.ec	defined-op:cbe07e9fbf84	valid_idxvals	362
base-c10-split/SPHINCS_PLUS.ec	defined-op:6b34c33a1091	valid_adrsidxs	367
base-c10-split/SPHINCS_PLUS.ec	abstract-op:1dc2a1c68df8	dmseed	374
base-c10-split/SPHINCS_PLUS.ec	abstract-op:8173d7db4a13	dmkey	377
base-c10-split/SPHINCS_PLUS.ec	abstract-op:1812d5a783dc	dpseed	380
base-c10-split/SPHINCS_PLUS.ec	abstract-op:4047655c9bf7	dsseed	383
base-c10-split/SPHINCS_PLUS.ec	abstract-op:28f87dcba256	ddgstblock	386
base-c10-split/SPHINCS_PLUS.ec	defined-type:ae689d7fe842	adrs	409
base-c10-split/SPHINCS_PLUS.ec	defined-const:3785379824e3	adz	412
base-c10-split/SPHINCS_PLUS.ec	defined-op:900d1f7345d2	set_lidx	418
base-c10-split/SPHINCS_PLUS.ec	defined-op:f60e719f2816	set_tidx	421
base-c10-split/SPHINCS_PLUS.ec	defined-op:7bd7d9975b82	set_ltidx	424
base-c10-split/SPHINCS_PLUS.ec	defined-op:5e2645b30c97	set_typeidx	427
base-c10-split/SPHINCS_PLUS.ec	defined-op:5ee52b0309f0	set_kpidx	430
base-c10-split/SPHINCS_PLUS.ec	defined-op:dfeae612de17	set_thtbidx	433
base-c10-split/SPHINCS_PLUS.ec	defined-op:3dc89a55cc42	get_typeidx	438
base-c10-split/SPHINCS_PLUS.ec	abstract-op:61f9689c2f91	skg	444
base-c10-split/SPHINCS_PLUS.ec	abstract-op:f4b3366cbdd4	mkg	463
base-c10-split/SPHINCS_PLUS.ec	abstract-op:9ea0c6bc6850	thfc	488
base-c10-split/SPHINCS_PLUS.ec	defined-op:a5beece57d35	f	494
base-c10-split/SPHINCS_PLUS.ec	defined-op:39fb7c6b0e52	trh	497
base-c10-split/SPHINCS_PLUS.ec	defined-op:7892c3204639	pkco	500
base-c10-split/SPHINCS_PLUS.ec	defined-op:d6c3baea1d60	trco	503
base-c10-split/SPHINCS_PLUS.ec	defined-type:449aafbd4c68	pkSPHINCSPLUSTW	712
base-c10-split/SPHINCS_PLUS.ec	defined-type:2bbc94932c1d	skSPHINCSPLUSTW	715
base-c10-split/SPHINCS_PLUS.ec	defined-type:7b521300eabe	sigSPHINCSPLUSTW	718
base-c10-split/TweakableHashFunctions.eca	axiom	in_collection	567
base-c10-split/TweakableHashFunctions.eca	refined-const:149b2338b6aa	ge0_tsmdtpre	52
base-c10-split/TweakableHashFunctions.eca	refined-const:468b9bcf3e03	ge0_tsmdtopenpre	143
base-c10-split/TweakableHashFunctions.eca	refined-const:7897ae74893d	ge0_tsmdttcr	259
base-c10-split/TweakableHashFunctions.eca	refined-const:228c410329ea	ge0_tsmdtdspr	348
base-c10-split/TweakableHashFunctions.eca	refined-const:e9e220ac1bf1	ge0_tsmdtud	462
base-c10-split/TweakableHashFunctions.eca	clone-discharge:none	SMDTPRE	611
base-c10-split/TweakableHashFunctions.eca	clone-discharge:none	SMDTOpenPRE	658
base-c10-split/TweakableHashFunctions.eca	clone-discharge:none	SMDTTCR	710
base-c10-split/TweakableHashFunctions.eca	clone-discharge:none	SMDTDSPR	758
base-c10-split/TweakableHashFunctions.eca	clone-discharge:none	SMDTUD	837
base-c10-split/TweakableHashFunctions.eca	op-annotation:lossless	dpp	39
base-c10-split/TweakableHashFunctions.eca	op-annotation:lossless	din	55
base-c10-split/TweakableHashFunctions.eca	op-annotation:lossless	din	146
base-c10-split/TweakableHashFunctions.eca	op-annotation:lossless	din	465
base-c10-split/TweakableHashFunctions.eca	op-annotation:lossless	dout	468
base-c10-split/TweakableHashFunctions.eca	abstract-type:8e0b37c5f3a7	pp_t	20
base-c10-split/TweakableHashFunctions.eca	abstract-type:e42a43044120	tw_t	23
base-c10-split/TweakableHashFunctions.eca	abstract-type:366b4cce178c	in_t	26
base-c10-split/TweakableHashFunctions.eca	abstract-type:ec5fe8295274	out_t	29
base-c10-split/TweakableHashFunctions.eca	abstract-op:532b940c25be	f	34
base-c10-split/TweakableHashFunctions.eca	abstract-op:3ccca65f9a8a	dpp	39
base-c10-split/TweakableHashFunctions.eca	defined-const:c4f5e981f2e5	t_smdtpre	52
base-c10-split/TweakableHashFunctions.eca	abstract-op:00dcfe6c6085	din	55
base-c10-split/TweakableHashFunctions.eca	defined-const:85c62ef239c8	t_smdtopenpre	143
base-c10-split/TweakableHashFunctions.eca	abstract-op:00dcfe6c6085	din	146
base-c10-split/TweakableHashFunctions.eca	defined-const:a3256c78fd4e	t_smdttcr	259
base-c10-split/TweakableHashFunctions.eca	defined-abbrev:1014a89f6a37	spexists	344
base-c10-split/TweakableHashFunctions.eca	defined-const:d12a2b28bfdb	t_smdtdspr	348
base-c10-split/TweakableHashFunctions.eca	defined-const:7f339bc4acf8	t_smdtud	462
base-c10-split/TweakableHashFunctions.eca	abstract-op:00dcfe6c6085	din	465
base-c10-split/TweakableHashFunctions.eca	abstract-op:91d4fbd4cae2	dout	468
base-c10-split/TweakableHashFunctions.eca	defined-abbrev:537ec34930e7	disj_lists	550
base-c10-split/TweakableHashFunctions.eca	abstract-type:657bb4a06cb4	diff_t	558
base-c10-split/TweakableHashFunctions.eca	abstract-op:b4819df32d23	get_diff	561
base-c10-split/TweakableHashFunctions.eca	abstract-op:cb516e072a6e	fc	564
base-c10-split/TweakableHashFunctions.eca	module-type:97dc114bb56f	Oracle_SMDTPRE	57
base-c10-split/TweakableHashFunctions.eca	module-type:989bf0e68d27	Adv_SMDTPRE	66
base-c10-split/TweakableHashFunctions.eca	module:d39e95a2f9bc	O_SMDTPRE_Default	71
base-c10-split/TweakableHashFunctions.eca	module:c3e5a739bed9	SM_DT_PRE	111
base-c10-split/TweakableHashFunctions.eca	module:134c97f57d47	A	112
base-c10-split/TweakableHashFunctions.eca	module-type:12f21f58efa6	Oracle_SMDTOpenPRE	148
base-c10-split/TweakableHashFunctions.eca	module-type:465cefd25e35	Adv_SMDTOpenPRE	158
base-c10-split/TweakableHashFunctions.eca	module:4c049622865e	O_SMDTOpenPRE_Default	163
base-c10-split/TweakableHashFunctions.eca	module:66f83178720e	SM_DT_OpenPRE	224
base-c10-split/TweakableHashFunctions.eca	module:ee6c4674d79d	A	225
base-c10-split/TweakableHashFunctions.eca	module-type:5bb07b59950c	Oracle_SMDTTCR	261
base-c10-split/TweakableHashFunctions.eca	module-type:21739793af55	Adv_SMDTTCR	270
base-c10-split/TweakableHashFunctions.eca	module:5e9441a4d31a	O_SMDTTCR_Default	275
base-c10-split/TweakableHashFunctions.eca	module:060c3aaaa66e	SM_DT_TCR	313
base-c10-split/TweakableHashFunctions.eca	module:12155cbc0466	A	314
base-c10-split/TweakableHashFunctions.eca	module-type:a3454f6f4b8e	Oracle_SMDTDSPR	350
base-c10-split/TweakableHashFunctions.eca	module-type:fab145e74837	Adv_SMDTDSPR	359
base-c10-split/TweakableHashFunctions.eca	module:d323ed1ee95e	O_SMDTDSPR_Default	364
base-c10-split/TweakableHashFunctions.eca	module:008b6975a4ac	SM_DT_SPprob	402
base-c10-split/TweakableHashFunctions.eca	module:4f404be1fd70	A	403
base-c10-split/TweakableHashFunctions.eca	module:9f0fe2345d38	SM_DT_DSPR	429
base-c10-split/TweakableHashFunctions.eca	module:b12139477c90	A	430
base-c10-split/TweakableHashFunctions.eca	module-type:aca24332db09	Oracle_SMDTUD	470
base-c10-split/TweakableHashFunctions.eca	module-type:f589d3d3b619	Adv_SMDTUD	478
base-c10-split/TweakableHashFunctions.eca	module:5e8aec6e3f71	O_SMDTUD_Default	483
base-c10-split/TweakableHashFunctions.eca	module:6870abcebf25	SM_DT_UD	523
base-c10-split/TweakableHashFunctions.eca	module:e94ab67d1983	A	524
base-c10-split/TweakableHashFunctions.eca	module-type:d92fe6cbfc02	Oracle_THFC	570
base-c10-split/TweakableHashFunctions.eca	module:830f7f414889	O_THFC_Default	577
base-c10-split/TweakableHashFunctions.eca	module-type:146060139ad1	Adv_SMDTPREC	613
base-c10-split/TweakableHashFunctions.eca	module:173d5d6fd3e2	SM_DT_PRE_C	618
base-c10-split/TweakableHashFunctions.eca	module:2089338af189	A	619
base-c10-split/TweakableHashFunctions.eca	module-type:8c937050e0ea	Adv_SMDTOpenPREC	660
base-c10-split/TweakableHashFunctions.eca	module:09a3a978ed81	SM_DT_OpenPRE_C	665
base-c10-split/TweakableHashFunctions.eca	module:72357e129dc7	A	666
base-c10-split/TweakableHashFunctions.eca	module-type:b7c9d41e32a2	Adv_SMDTTCRC	712
base-c10-split/TweakableHashFunctions.eca	module:68daff4c6b1b	SM_DT_TCR_C	717
base-c10-split/TweakableHashFunctions.eca	module:abc9b5cbf016	A	718
base-c10-split/TweakableHashFunctions.eca	module-type:15bbb9a8ede6	Adv_SMDTDSPRC	760
base-c10-split/TweakableHashFunctions.eca	module:91e39b281f9d	SM_DT_SPprob_C	765
base-c10-split/TweakableHashFunctions.eca	module:0ed274184a05	A	766
base-c10-split/TweakableHashFunctions.eca	module:dd6bfb41f774	SM_DT_DSPR_C	797
base-c10-split/TweakableHashFunctions.eca	module:9a8477bf7a31	A	798
base-c10-split/TweakableHashFunctions.eca	module-type:1f32fffd53e3	Adv_SMDTUDC	839
base-c10-split/TweakableHashFunctions.eca	module:fd4649b67633	SM_DT_UD_C	844
base-c10-split/TweakableHashFunctions.eca	module:dbf9afbbb4ac	A	845
base-c10-split/WOTS_TW_ES.ec	axiom	valid_widxvals_idxvals	391
base-c10-split/WOTS_TW_ES.ec	axiom	ch0	560
base-c10-split/WOTS_TW_ES.ec	axiom	chS	567
base-c10-split/WOTS_TW_ES.ec	declare-axiom	A_choose_ll	3452
base-c10-split/WOTS_TW_ES.ec	declare-axiom	A_forge_ll	3456
base-c10-split/WOTS_TW_ES.ec	refined-const:d0bb5c86cf0a	ge2_adrslen	21
base-c10-split/WOTS_TW_ES.ec	refined-const:fdf3d5d7834a	ge1_n	29
base-c10-split/WOTS_TW_ES.ec	refined-const:56725145425c	val_log2w	56
base-c10-split/WOTS_TW_ES.ec	refined-const:d24524489e58	ge2_len	75
base-c10-split/WOTS_TW_ES.ec	refined-const:5691c2690a3c	ge1_c	80
base-c10-split/WOTS_TW_ES.ec	operand:c1e1af0670c8	BaseW.T	161
base-c10-split/WOTS_TW_ES.ec	operand:b83b21f64590	BaseW.P	161
base-c10-split/WOTS_TW_ES.ec	clone-discharge:star|realize:inhabited	BaseW	161
base-c10-split/WOTS_TW_ES.ec	operand:67f6c8b96278	DigestBlock.T	183
base-c10-split/WOTS_TW_ES.ec	operand:4328c072389f	DigestBlock.P	183
base-c10-split/WOTS_TW_ES.ec	clone-discharge:star|realize:inhabited	DigestBlock	183
base-c10-split/WOTS_TW_ES.ec	operand:67f6c8b96278	MDigestBlock.T	192
base-c10-split/WOTS_TW_ES.ec	operand:22993ab60133	MDigestBlock.P	192
base-c10-split/WOTS_TW_ES.ec	clone-discharge:star|realize:inhabited	MDigestBlock	192
base-c10-split/WOTS_TW_ES.ec	operand:b49d2d9dc492	DigestBlockFT.t	228
base-c10-split/WOTS_TW_ES.ec	operand:0e7dda40bb0b	DigestBlockFT.enum	228
base-c10-split/WOTS_TW_ES.ec	clone-discharge:star|realize:enum_spec.	DigestBlockFT	228
base-c10-split/WOTS_TW_ES.ec	operand:efa13d91c0ca	DBLL.T	253
base-c10-split/WOTS_TW_ES.ec	operand:948bc95c9ebf	DBLL.P	253
base-c10-split/WOTS_TW_ES.ec	clone-discharge:star|realize:inhabited	DBLL	253
base-c10-split/WOTS_TW_ES.ec	operand:64d8e4ea6680	EmsgWOTS.Alphabet.t	277
base-c10-split/WOTS_TW_ES.ec	operand:31052274a18f	EmsgWOTS.Alphabet.enum	277
base-c10-split/WOTS_TW_ES.ec	operand:26a69aacc7d7	EmsgWOTS.n	277
base-c10-split/WOTS_TW_ES.ec	rename:645317e6078b	EmsgWOTS.word	277
base-c10-split/WOTS_TW_ES.ec	rename:e00640a536f3	EmsgWOTS.dunifin	277
base-c10-split/WOTS_TW_ES.ec	clone-discharge:list:Alphabet.enum_spec,ge0_n|realize:Alphabet.enum_spec.,ge0_n	EmsgWOTS	277
base-c10-split/WOTS_TW_ES.ec	operand:c1e1af0670c8	HA.index	406
base-c10-split/WOTS_TW_ES.ec	operand:5e03634ec1d2	HA.l	406
base-c10-split/WOTS_TW_ES.ec	operand:59bfe18199cc	HA.valid_idxvals	406
base-c10-split/WOTS_TW_ES.ec	operand:3c67f649bb4b	HA.valid_adrsidxs	406
base-c10-split/WOTS_TW_ES.ec	clone-discharge:list:by,ge1_l,ge2_adrslen,smt	HA	406
base-c10-split/WOTS_TW_ES.ec	operand:61612567f25d	F.pp_t	493
base-c10-split/WOTS_TW_ES.ec	operand:9ae7ae045a8e	F.tw_t	493
base-c10-split/WOTS_TW_ES.ec	operand:67f6c8b96278	F.in_t	493
base-c10-split/WOTS_TW_ES.ec	operand:4700c5ff2a14	F.out_t	493
base-c10-split/WOTS_TW_ES.ec	operand:5f9b2df84c26	F.f	493
base-c10-split/WOTS_TW_ES.ec	operand:a2ba6bb81603	F.dpp	493
base-c10-split/WOTS_TW_ES.ec	clone-discharge:star|realize:dpp_ll	F	493
base-c10-split/WOTS_TW_ES.ec	operand:c1e1af0670c8	FC.diff_t	506
base-c10-split/WOTS_TW_ES.ec	operand:90c549543ab2	FC.get_diff	506
base-c10-split/WOTS_TW_ES.ec	operand:05aba422ee3d	FC.fc	506
base-c10-split/WOTS_TW_ES.ec	clone-discharge:star|realize:in_collection	FC	506
base-c10-split/WOTS_TW_ES.ec	operand:2efef535dce8	FC_UD.t_smdtud	516
base-c10-split/WOTS_TW_ES.ec	operand:bcc7794d361c	FC_UD.din	516
base-c10-split/WOTS_TW_ES.ec	operand:5d70b641dcf4	FC_UD.dout	516
base-c10-split/WOTS_TW_ES.ec	clone-discharge:star|realize:din_ll,dout_ll,ge0_tsmdtud	FC_UD	516
base-c10-split/WOTS_TW_ES.ec	operand:7faeaad90982	FC_TCR.t_smdttcr	527
base-c10-split/WOTS_TW_ES.ec	clone-discharge:star|realize:ge0_tsmdttcr	FC_TCR	527
base-c10-split/WOTS_TW_ES.ec	operand:2efef535dce8	FC_PRE.t_smdtpre	533
base-c10-split/WOTS_TW_ES.ec	operand:bcc7794d361c	FC_PRE.din	533
base-c10-split/WOTS_TW_ES.ec	clone-discharge:star|realize:din_ll,ge0_tsmdtpre	FC_PRE	533
base-c10-split/WOTS_TW_ES.ec	operand:9ae7ae045a8e	WAddress.T	1052
base-c10-split/WOTS_TW_ES.ec	operand:b8069a5e562f	WAddress.P	1052
base-c10-split/WOTS_TW_ES.ec	clone-obligation:Subtype	WAddress.insubN	1052
base-c10-split/WOTS_TW_ES.ec	clone-obligation:Subtype	WAddress.insubT	1052
base-c10-split/WOTS_TW_ES.ec	clone-obligation:Subtype	WAddress.valP	1052
base-c10-split/WOTS_TW_ES.ec	clone-obligation:Subtype	WAddress.valK	1052
base-c10-split/WOTS_TW_ES.ec	clone-obligation:Subtype	WAddress.inhabited	1052
base-c10-split/WOTS_TW_ES.ec	clone-discharge:none	WAddress	1052
base-c10-split/WOTS_TW_ES.ec	operand:4700c5ff2a14	DListSample.t	3418
base-c10-split/WOTS_TW_ES.ec	operand:5d70b641dcf4	DListSample.d	3418
base-c10-split/WOTS_TW_ES.ec	clone-discharge:star	DListSample	3418
base-c10-split/WOTS_TW_ES.ec	op-annotation:lossless	dpseed	303
base-c10-split/WOTS_TW_ES.ec	op-annotation:lossless	ddgstblock	306
base-c10-split/WOTS_TW_ES.ec	defined-const:3a59ec8cd1b1	adrs_len	21
base-c10-split/WOTS_TW_ES.ec	defined-const:0c529f654b73	n	29
base-c10-split/WOTS_TW_ES.ec	defined-op:5fe63a9b173f	n_m	47
base-c10-split/WOTS_TW_ES.ec	defined-const:ad40301b75f1	log2_w	56
base-c10-split/WOTS_TW_ES.ec	defined-const:35adbeb29f31	w	59
base-c10-split/WOTS_TW_ES.ec	defined-const:27b301d1d738	len	75
base-c10-split/WOTS_TW_ES.ec	defined-const:e56cacf20fb3	c	80
base-c10-split/WOTS_TW_ES.ec	defined-type:e22b8394de7d	baseW	168
base-c10-split/WOTS_TW_ES.ec	abstract-type:621a7eeca2cb	sseed	171
base-c10-split/WOTS_TW_ES.ec	abstract-type:57d2e2e460a5	pseed	174
base-c10-split/WOTS_TW_ES.ec	defined-type:790c6fe78f90	dgst	180
base-c10-split/WOTS_TW_ES.ec	defined-type:54a454abb2c5	dgstblock	190
base-c10-split/WOTS_TW_ES.ec	defined-type:765fbe7ac0c7	mdgstblock	198
base-c10-split/WOTS_TW_ES.ec	defined-op:a4395a3d5e26	join_dgst	204
base-c10-split/WOTS_TW_ES.ec	defined-type:67b244b172df	dgstblocklenlist	260
base-c10-split/WOTS_TW_ES.ec	defined-type:3dd7a43045c4	pkWOTS	265
base-c10-split/WOTS_TW_ES.ec	defined-type:63b93ad0bcdf	skWOTS	268
base-c10-split/WOTS_TW_ES.ec	defined-type:b5ab994c8da9	msgWOTS	271
base-c10-split/WOTS_TW_ES.ec	defined-type:8180baaa2993	sigWOTS	274
base-c10-split/WOTS_TW_ES.ec	abstract-op:1812d5a783dc	dpseed	303
base-c10-split/WOTS_TW_ES.ec	abstract-op:28f87dcba256	ddgstblock	306
base-c10-split/WOTS_TW_ES.ec	defined-op:c631fe0bf89d	ddgstblockl	312
base-c10-split/WOTS_TW_ES.ec	defined-op:eedd0ed78d82	dskWOTS	324
base-c10-split/WOTS_TW_ES.ec	defined-op:33d8b6e48c5f	ddgstblocklift	334
base-c10-split/WOTS_TW_ES.ec	defined-op:bd9f26cd66b0	valid_chidx	345
base-c10-split/WOTS_TW_ES.ec	defined-op:e08772e8fff6	valid_hidx	349
base-c10-split/WOTS_TW_ES.ec	abstract-op:6dbb0ea4a14c	valid_idxvals	353
base-c10-split/WOTS_TW_ES.ec	defined-op:ef35e8317c42	valid_adrsidxs	356
base-c10-split/WOTS_TW_ES.ec	abstract-op:d823371a1b67	valid_widxvalsgp	363
base-c10-split/WOTS_TW_ES.ec	defined-op:a48d1347ea92	valid_widxvalslp	369
base-c10-split/WOTS_TW_ES.ec	defined-op:7edd089c7452	valid_widxvals	377
base-c10-split/WOTS_TW_ES.ec	defined-op:6b516363aa6a	valid_wadrsidxs	384
base-c10-split/WOTS_TW_ES.ec	defined-type:ae689d7fe842	adrs	416
base-c10-split/WOTS_TW_ES.ec	defined-op:89fb0d65789f	set_chidx	426
base-c10-split/WOTS_TW_ES.ec	defined-op:34d33682769d	set_hidx	433
base-c10-split/WOTS_TW_ES.ec	defined-op:a530b3e6d5bb	get_wgpidxs	441
base-c10-split/WOTS_TW_ES.ec	defined-op:244661f8a8ca	eq_gp	450
base-c10-split/WOTS_TW_ES.ec	defined-op:eb9b4b47af51	uniq_wgpidxs	457
base-c10-split/WOTS_TW_ES.ec	defined-op:e3f14b0bd37e	disj_wgpidxs	466
base-c10-split/WOTS_TW_ES.ec	defined-op:575338729a80	valid_wadrs	470
base-c10-split/WOTS_TW_ES.ec	abstract-op:61f9689c2f91	skg	475
base-c10-split/WOTS_TW_ES.ec	abstract-op:9ea0c6bc6850	thfc	483
base-c10-split/WOTS_TW_ES.ec	defined-op:a5beece57d35	f	490
base-c10-split/WOTS_TW_ES.ec	abstract-op:6f50c8a26941	ch	554
base-c10-split/WOTS_TW_ES.ec	defined-op:63b4c4c8f194	cf	557
base-c10-split/WOTS_TW_ES.ec	defined-op:de344761c410	encode_msgWOTS	626
base-c10-split/WOTS_TW_ES.ec	defined-op:b2aa5a3d227a	digitsum	652
base-c10-split/WOTS_TW_ES.ec	defined-op:d8e36c03e400	tgt_witness	661
base-c10-split/WOTS_TW_ES.ec	defined-op:8cfec367739f	target_sum	664
base-c10-split/WOTS_TW_ES.ec	defined-op:ffc1d84248f9	P	671
base-c10-split/WOTS_TW_ES.ec	defined-op:636be758558d	is_chwcoll	780
base-c10-split/WOTS_TW_ES.ec	defined-op:3c7a98072f9d	has_chwcoll	788
base-c10-split/WOTS_TW_ES.ec	defined-op:0201ea6eb484	find_chwcollidx	792
base-c10-split/WOTS_TW_ES.ec	defined-op:d23f7375468d	is_coll	796
base-c10-split/WOTS_TW_ES.ec	defined-op:811c28d39a52	has_coll	801
base-c10-split/WOTS_TW_ES.ec	defined-op:3e3ab720f28f	find_collidx_l	805
base-c10-split/WOTS_TW_ES.ec	defined-op:e864a7f40e8c	find_collidx_r	809
base-c10-split/WOTS_TW_ES.ec	defined-op:51f23af5405b	extr_coll_l	813
base-c10-split/WOTS_TW_ES.ec	defined-op:50ec046091df	extr_coll_r	818
base-c10-split/WOTS_TW_ES.ec	defined-op:65fd2e991bd2	is_chwpre	825
base-c10-split/WOTS_TW_ES.ec	defined-op:fad12e8906ea	has_chwpre	833
base-c10-split/WOTS_TW_ES.ec	defined-op:0e2889540656	find_chwpreidx	837
base-c10-split/WOTS_TW_ES.ec	defined-op:3d980790b1b3	extr_pre	841
base-c10-split/WOTS_TW_ES.ec	defined-op:deace42f8d22	relcqsad_udi	847
base-c10-split/WOTS_TW_ES.ec	defined-op:330c07004711	relcqsad_udi_outer	856
base-c10-split/WOTS_TW_ES.ec	defined-op:8ad0a62643d7	reltqsad_udi	864
base-c10-split/WOTS_TW_ES.ec	defined-op:f4cd1c5aad2f	relcqsad_tcr	880
base-c10-split/WOTS_TW_ES.ec	defined-op:b36ee03c2b0d	relcqsad_tcr_outer	893
base-c10-split/WOTS_TW_ES.ec	defined-op:ab034d3d7309	relcqsad_tcr_inner	904
base-c10-split/WOTS_TW_ES.ec	defined-op:9679007372e9	relcqsdg_tcr	912
base-c10-split/WOTS_TW_ES.ec	defined-op:a67e9e6d7f7b	relcqsdg_tcr_outer	925
base-c10-split/WOTS_TW_ES.ec	defined-op:c762ae78aa71	relcqsdg_tcr_inner	936
base-c10-split/WOTS_TW_ES.ec	defined-op:d7e1b64f579f	relcqsad_pre	944
base-c10-split/WOTS_TW_ES.ec	defined-op:018cf7ea29f9	relcqsad_pre_outer	951
base-c10-split/WOTS_TW_ES.ec	defined-op:2d31daf74b81	relcqsdg_pre	957
base-c10-split/WOTS_TW_ES.ec	defined-op:c1992c988fc1	relcqsdg_pre_outer	964
base-c10-split/WOTS_TW_ES.ec	defined-op:10b43a97b097	reltqsad_pre	970
base-c10-split/WOTS_TW_ES.ec	defined-op:e53510262e6d	reltqsad_pre_outer	978
base-c10-split/WOTS_TW_ES.ec	defined-op:8ed14eccc04c	reltqsad_pre_inner	985
base-c10-split/WOTS_TW_ES.ec	defined-op:2538022d648b	qs_idx	989
base-c10-split/WOTS_TW_ES.ec	defined-op:7e70f3436cc9	qsadtcr_idx	993
base-c10-split/WOTS_TW_ES.ec	defined-op:420715f7793d	qsdgtcr_idx	1006
base-c10-split/WOTS_TW_ES.ec	defined-op:aa59276979aa	qsadpre_idx	1020
base-c10-split/WOTS_TW_ES.ec	defined-op:39173dc2c5e7	qsdgpre_idx	1028
base-c10-split/WOTS_TW_ES.ec	defined-type:44f7cb14c3a8	wadrs	1056
base-c10-split/WOTS_TW_ES.ec	defined-type:18feb6e8a61b	pkWOTSTW	1062
base-c10-split/WOTS_TW_ES.ec	defined-type:23137f3896ae	skWOTSTW	1065
base-c10-split/WOTS_TW_ES.ec	module:d74bf9751f3f	WOTS_TW_ES	2349
base-c10-split/WOTS_TW_ES.ec	module:28b2a6a8f825	WOTS_TW_ES_NPRF	2488
base-c10-split/WOTS_TW_ES.ec	module-type:df1d3a4d5242	Oracle_MEUFGCMA_WOTSTWESNPRF	2614
base-c10-split/WOTS_TW_ES.ec	module-type:af40d66aeb00	Adv_MEUFGCMA_WOTSTWESNPRF	2627
base-c10-split/WOTS_TW_ES.ec	module:b98f61274a2a	M_EUF_GCMA_WOTSTWESNPRF	2635
base-c10-split/WOTS_TW_ES.ec	module:6a47373903f1	A	2636
base-c10-split/WOTS_TW_ES.ec	module:5908780a4518	M_EUF_GCMA_WOTSTWESNPRF_UG	2735
base-c10-split/WOTS_TW_ES.ec	module:1abc6a3bdf95	A	2736
base-c10-split/WOTS_TW_ES.ec	module:d491056a9230	O_MEUFGCMA_WOTSTWESNPRF	2818
base-c10-split/WOTS_TW_ES.ec	module:6223f3e43be8	R_SMDTUDC_Game23WOTSTWES	2870
base-c10-split/WOTS_TW_ES.ec	module:85ac436cc0fc	O_DistRCH	2871
base-c10-split/WOTS_TW_ES.ec	module:d4348a0743a0	O_R_DistRCH_Game23WOTSTW	2929
base-c10-split/WOTS_TW_ES.ec	module:e55627e3b87d	O_R_DistRCH_Game23WOTSTW_THFC	2981
base-c10-split/WOTS_TW_ES.ec	module:fe857fb811f0	A	3005
base-c10-split/WOTS_TW_ES.ec	module:b864e96843e4	R_SMDTTCRC_Game34WOTSTWES	3065
base-c10-split/WOTS_TW_ES.ec	module:d4bb838944ea	O_R_SMDTTCRC_Game34WOTSTWES	3066
base-c10-split/WOTS_TW_ES.ec	module:ffddd139e2b5	A	3133
base-c10-split/WOTS_TW_ES.ec	module:9e08d9076be6	R_SMDTPREC_Game4WOTSTWES	3175
base-c10-split/WOTS_TW_ES.ec	module:a4fd1473a90b	O_R_SMDTPREC_Game4WOTSTWES	3176
base-c10-split/WOTS_TW_ES.ec	module:b0d4ddbe9860	A	3238
base-c10-split/WOTS_TW_ES.ec	module:27bc0ffad905	BadEncFlag	3306
base-c10-split/WOTS_TW_ES.ec	module:480fa7475d75	O_Game34_WOTSTWES_AltX	3308
base-c10-split/WOTS_TW_ES.ec	module:66c8b0c8b0c6	Game4_WOTSTWES_BadEnc	3364
base-c10-split/WOTS_TW_ES.ec	module:f5612e4222dd	A	3365
base-c10-split/WOTS_TW_ES.ec	module-type:1026a248f9c0	Oracle_DistRCH	3427
base-c10-split/WOTS_TW_ES.ec	module-type:dddb13198211	Adv_DistRCH	3433
base-c10-split/WOTS_TW_ES.ec	module:5cd2cec8c0fd	A	3441
base-c10-split/WOTS_TW_ES.ec	module:ef04bf2d24fb	O_MEUFGCMA_WOTSTWESNPRF_Inlined	3462
base-c10-split/WOTS_TW_ES.ec	module:113c6330669a	O_Game2_WOTSTWES	3509
base-c10-split/WOTS_TW_ES.ec	module:612e4a1c6f95	O_Game34_WOTSTWES	3558
base-c10-split/WOTS_TW_ES.ec	module:1883019728cd	O_DistRCH	3609
base-c10-split/WOTS_TW_ES.ec	module:422317b18a42	O_MEUFGCMA_WOTSTWESNPRF_Inlined_SampleSample	3650
base-c10-split/WOTS_TW_ES.ec	module:b64e190ace01	O_MEUFGCMA_WOTSTWESNPRF_Inlined_LoopSnocSample	3693
base-c10-split/WOTS_TW_ES.ec	module:4695c00ae6f5	O_MEUFGCMA_WOTSTWESNPRF_Inlined_Alt	3736
base-c10-split/WOTS_TW_ES.ec	module:6e714638587c	O_Game34_WOTSTWES_SampleSample	3833
base-c10-split/WOTS_TW_ES.ec	module:5e8986108a0e	O_Game34_WOTSTWES_LoopSnocSample	3883
base-c10-split/WOTS_TW_ES.ec	module:921502b02022	O_Game34_WOTSTWES_LoopSnocSampleAlt	3936
base-c10-split/WOTS_TW_ES.ec	module:1372f83495c0	O_Game34_WOTSTWES_Alt	3990
base-c10-split/WOTS_TW_ES.ec	module:446235832bc7	Game2_WOTSTWES	4171
base-c10-split/WOTS_TW_ES.ec	module:c6cc4f100bb2	Game3_WOTSTWES	4181
base-c10-split/WOTS_TW_ES.ec	module:3d02b2e1cb54	Game4_WOTSTWES	4190
base-c10-split/WOTS_TW_ES.ec	module:96ac676bcde7	A	4191
base-c10-split/WOTS_TW_ES.ec	module:5eb5e99f04c6	Game3_WOTSTWES_Hchwcoll	4242
base-c10-split/WOTS_TW_ES.ec	module:9575ac5d702c	A	4245
base-c10-split/WOTS_TW_ES.ec	module:4462a89b3e55	Game4_WOTSTWES_Alt	4296
base-c10-split/WOTS_TW_ES.ec	module:3882d958e55f	A	4297
base-c10-split/WOTS_TW_ES.ec	module:fb6cd54adc91	R_DistRCH_Game23WOTSTW	4364
base-c10-split/WOTS_TW_ES.ec	module:ac1f7fea3474	O_R_DistRCH_Game23WOTSTW	4365
base-c10-split/WOTS_TW_ES.ec	module:e85b2925beae	O_R_DistRCH_Game23WOTSTW_THFC	4417
base-c10-split/WOTS_TW_ES.ec	module:826bc2b9b4b3	A	4441
base-c10-split/WOTS_TW_ES.ec	module:0b8700427a39	R_SMDTUDC_DistRCH	4488
base-c10-split/WOTS_TW_ES.ec	module:d25a49a4287b	O_R_SMDTUDC_DistRCH	4489
base-c10-split/WOTS_TW_ES.ec	module:60a88ab6c5b7	R	4541
base-c10-split/WOTS_TW_ES.ec	module:4a7c658a1f8f	R_SMDTUDC_DistRCHil	4563
base-c10-split/WOTS_TW_ES.ec	module:361fc5c2522a	O_R_SMDTUDC_DistRCHil	4564
base-c10-split/WOTS_TW_ES.ec	module:8c9dfefb07d1	R	4616
base-c10-split/WOTS_TW_ES.ec	module:e4c25a1d2f0d	DistRCH	4640
base-c10-split/WOTS_TW_ES.ec	module:421a064eec95	R	4641
base-c10-split/WOTS_TW_ES.ec	module:62d5101cf87e	DistRCHi	4664
base-c10-split/WOTS_TW_ES.ec	module:30d50e09804f	O_DistRCHi	4665
base-c10-split/WOTS_TW_ES.ec	module:94dfa2312ace	R	4693
base-c10-split/WOTS_TW_ES.ec	module:eb43bd68027e	DistRCHi_SampleSample	4710
base-c10-split/WOTS_TW_ES.ec	module:9017c88fa31a	O_DistRCHi	4711
base-c10-split/WOTS_TW_ES.ec	module:94dfa2312ace	R	4739
base-c10-split/WOTS_TW_ES.ec	module:8b65b4e10458	DistRCHi_LoopSnocSample	4756
base-c10-split/WOTS_TW_ES.ec	module:eb777a10e659	O_DistRCHi	4757
base-c10-split/WOTS_TW_ES.ec	module:94dfa2312ace	R	4785
base-c10-split/WOTS_TW_ES.ec	module:a996d9621650	DistRCHil	4802
base-c10-split/WOTS_TW_ES.ec	module:87c4f34fd130	O_DistRCHi	4803
base-c10-split/WOTS_TW_ES.ec	module:94dfa2312ace	R	4835
base-c10-split/WOTS_TW_ES.ec	module:e21cf1d8598b	SM_DT_UD_Ci	4929
base-c10-split/WOTS_TW_ES.ec	module:1a0289cf30ad	SM_DT_UD_Cir	4956
cdrafts-split/BadEncCountermodel.ec	abstract-op:407f8e9869b2	cm	93
cdrafts-split/BadEncCountermodel.ec	abstract-op:25d3912403f7	cm'	94
cdrafts-split/BadEncCountermodel.ec	abstract-op:b50ceecec46e	wad0	95
cdrafts-split/BadEncCountermodel.ec	defined-op:0f2379f3a56f	pkfs_fun	226
cdrafts-split/BadEncCountermodel.ec	module:ee5dc55d7bc4	A_coll	126
cdrafts-split/BadEncSplit.ec	defined-op:24fb243bf22a	COLL	112
cdrafts-split/BadEncSplit.ec	defined-op:4f2e93272132	EncBridge	149
cdrafts-split/BadEncStep4.ec	defined-op:e37408ba175b	s4_qs_ts	235
cdrafts-split/BadEncStep4.ec	defined-op:0145ff50ef85	s4_wads_ts	242
cdrafts-split/BadEncStep4.ec	defined-op:2d4da9efc915	s4_ts_enc	246
cdrafts-split/BadEncStep4.ec	defined-op:37521a78d02a	s4_qs_ts_pend	363
cdrafts-split/BadEncStep4.ec	defined-op:b897c449b57c	s4_wads_ts_pend	368
cdrafts-split/BadEncStep4.ec	module:de9e9ea647e6	A	673
cdrafts-split/BadEncToTColl.ec	defined-op:8079e78b42da	qs_ThC_images	197
cdrafts-split/BadEncToTColl.ec	defined-op:997649db13cf	wads_parallel	204
cdrafts-split/BadEncToTColl.ec	defined-op:f93961b7ad1d	badenc_target	234
cdrafts-split/BadEncToTColl.ec	module:3ab8854e6791	R_TCOLL	100
cdrafts-split/BadEncToTColl.ec	module:66df9a626025	O_wrap	103
cdrafts-split/BadEncToTColl.ec	module:83e1f9184386	AA	160
cdrafts-split/BadEncToTColl.ec	module:d5b79be98dff	A	310
cdrafts-split/BoundedIID.ec	op-annotation:smt_opaque	bounded	10
cdrafts-split/BoundedIID.ec	defined-op:311ace66835f	bounded	10
cdrafts-split/C10AcceptedReduction.ec	module:c04142d5459b	A	6
cdrafts-split/C10AcceptedReduction.ec	module:162942e28839	R	8
cdrafts-split/C10BoundedGrind.ec	defined-op:13312df50453	of_int	9
cdrafts-split/C10BoundedGrind.ec	defined-op:1d345d1e1b5a	hit	10
cdrafts-split/C10BoundedGrind.ec	module:5d49d49f44a0	Search	13
cdrafts-split/C10BoundedHypertree.ec	module:8c6c29c67f77	BoundedHypertree	9
cdrafts-split/C10BoundedHypertree.ec	module:e6a0b1c1e8e0	BoundedHypertreeGame	128
cdrafts-split/C10BoundedIID.ec	defined-op:81dc6814a202	acceptance	8
cdrafts-split/C10BoundedIID.ec	defined-op:60358641ebbd	fuel	9
cdrafts-split/C10BoundedIID.ec	defined-op:8a64c07d1b66	iid_search	10
cdrafts-split/C10BoundedSigning.ec	defined-op:8e3702c8f1d0	prefix_hit	10
cdrafts-split/C10BoundedSigning.ec	defined-op:66ffbac32769	search_result	13
cdrafts-split/C10BoundedSigning.ec	module:eb903fcd65a1	BoundedSign	25
cdrafts-split/C10BoundedSigning.ec	module:6506b5f37ffc	TotalSign	86
cdrafts-split/C10BoundedSigning.ec	module:834e0d591de2	O_Bounded	116
cdrafts-split/C10BoundedSigning.ec	module:751c788afa24	TotalOracle	155
cdrafts-split/C10BoundedSigning.ec	module:16ae6b9d5e4f	BoundedGame	183
cdrafts-split/C10BoundedSigning.ec	module:ccbbc7824b5d	G	184
cdrafts-split/C10Bytes.ec	defined-op:7932f00a2928	bytes_to_bits	8
cdrafts-split/C10Bytes.ec	defined-op:60a3ee3458ab	bits_to_bytes	10
cdrafts-split/C10Bytes.ec	defined-op:d0bab37bb351	counter_bits	46
cdrafts-split/C10Bytes.ec	defined-op:7bc0eb83b303	counter_bytes	47
cdrafts-split/C10Bytes.ec	defined-op:46f48878f97e	compact	48
cdrafts-split/C10Bytes.ec	defined-op:633c6423fac2	payload	61
cdrafts-split/C10Bytes.ec	defined-op:67f83423e913	transcript	64
cdrafts-split/C10Counter.ec	operand:c1e1af0670c8	U32.T	7
cdrafts-split/C10Counter.ec	operand:c491da9c1fb2	U32.P	7
cdrafts-split/C10Counter.ec	clone-obligation:Subtype	U32.insubN	7
cdrafts-split/C10Counter.ec	clone-obligation:Subtype	U32.insubT	7
cdrafts-split/C10Counter.ec	clone-obligation:Subtype	U32.valP	7
cdrafts-split/C10Counter.ec	clone-obligation:Subtype	U32.valK	7
cdrafts-split/C10Counter.ec	clone-discharge:list:inhabited|realize:inhabited	U32	7
cdrafts-split/C10Counter.ec	defined-type:0a1e6930a4c9	counter	13
cdrafts-split/C10Counter.ec	defined-op:38b0a2decdd2	enum	15
cdrafts-split/C10Counter.ec	defined-op:8d018c72743d	signing_budget	57
cdrafts-split/C10Counter.ec	defined-op:120af444d7f1	signing_enum	58
cdrafts-split/C10CubeConstruction.ec	defined-op:a864162e1a8b	subtree	5
cdrafts-split/C10CubeConstruction.ec	defined-op:10723cf387d8	nodes_good	17
cdrafts-split/C10CubeConstruction.ec	defined-op:b32b34aa6201	cell_record	184
cdrafts-split/C10CubeConstruction.ec	defined-op:0e839c36ab33	tree_records	189
cdrafts-split/C10CubeConstruction.ec	defined-op:7a2e756f3085	layer_records	192
cdrafts-split/C10CubeConstruction.ec	defined-op:0f084d602c20	layer_source	196
cdrafts-split/C10CubeConstruction.ec	defined-op:395ed85d345a	cube_records	199
cdrafts-split/C10CubeConstruction.ec	defined-op:00c3dd3208b4	tree_good	203
cdrafts-split/C10CubeConstruction.ec	defined-op:1347917a3cc6	layer_good	212
cdrafts-split/C10CubeConstruction.ec	defined-op:a9592a12bddf	cube_good	222
cdrafts-split/C10CubeCorrect.ec	defined-type:fe1634360b8e	record	5
cdrafts-split/C10CubeCorrect.ec	defined-op:a921348fcfbc	query_correct	6
cdrafts-split/C10CubeCorrect.ec	defined-type:34ce98f9102b	pkcube	60
cdrafts-split/C10CubeCorrect.ec	defined-type:7aa5d9c09353	sigcube	61
cdrafts-split/C10CubeCorrect.ec	defined-type:18562491386a	leafcube	62
cdrafts-split/C10CubeCorrect.ec	defined-type:ba69becb74a3	rootcube	63
cdrafts-split/C10CubeCorrect.ec	defined-op:0cee273c3a98	msg_at	65
cdrafts-split/C10CubeCorrect.ec	defined-op:260e22dc65d3	sig_at	69
cdrafts-split/C10CubeCorrect.ec	defined-op:0e85798a9afe	leaves_at	70
cdrafts-split/C10CubeCorrect.ec	defined-op:32c29bb1822e	root_at	71
cdrafts-split/C10CubeCorrect.ec	defined-op:06c035e6d91f	pk_at	72
cdrafts-split/C10CubeCorrect.ec	defined-op:349b2ee08e09	layer_signature	74
cdrafts-split/C10CubeCorrect.ec	defined-op:bd4e66d87d88	cube_path	80
cdrafts-split/C10CubeCorrect.ec	defined-op:30fde3ec6126	consistent_cube	82
cdrafts-split/C10CubeCorrect.ec	defined-op:3e65fc37ec35	cell_accept	122
cdrafts-split/C10DeployedGeometry.ec	defined-op:9fb98081dd8d	c10_n	66
cdrafts-split/C10DeployedGeometry.ec	defined-op:51a2b549384e	c10_log2_w	67
cdrafts-split/C10DeployedGeometry.ec	defined-op:e19e9578444e	c10_w	68
cdrafts-split/C10DeployedGeometry.ec	defined-op:347be05202ab	c10_len	69
cdrafts-split/C10DeployedGeometry.ec	defined-op:0628627911e5	c10_target_sum	70
cdrafts-split/C10DeployedGeometry.ec	defined-op:ecdbb5c4f406	c10_k	370
cdrafts-split/C10DeployedInstance.ec	defined-op:9fb98081dd8d	c10_n	49
cdrafts-split/C10DeployedInstance.ec	defined-op:a55296373aec	c10_n_m	50
cdrafts-split/C10DeployedInstance.ec	defined-op:51a2b549384e	c10_log2_w	51
cdrafts-split/C10DeployedInstance.ec	defined-op:e19e9578444e	c10_w	52
cdrafts-split/C10DeployedInstance.ec	defined-op:347be05202ab	c10_len	53
cdrafts-split/C10DeployedInstance.ec	defined-op:0628627911e5	c10_target_sum	54
cdrafts-split/C10DeployedInstance.ec	defined-op:80e13bd3981e	c10_witness_digits	195
cdrafts-split/C10DeployedInstance.ec	defined-op:ec131faa2703	c10_witness_word	238
cdrafts-split/C10DeployedInstance.ec	defined-op:ecdbb5c4f406	c10_k	285
cdrafts-split/C10DeployedInstance.ec	defined-op:833f420ccdb5	c10_r	286
cdrafts-split/C10DeployedInstance.ec	defined-op:86535e747145	c10_embg	318
cdrafts-split/C10DeployedInstance.ec	defined-op:2bea2b53f90e	c10_payload	378
cdrafts-split/C10DeployedInstance.ec	defined-op:ec3c58535522	c10_digit_at	437
cdrafts-split/C10DeployedInstance.ec	defined-op:4f20a2f3a1fb	c10_witness_bits	477
cdrafts-split/C10DeployedScope.ec	defined-op:e85bca859c3b	c10_hp	118
cdrafts-split/C10DeployedScope.ec	defined-op:cd2da22f40b9	c10_d	119
cdrafts-split/C10DeployedScope.ec	defined-op:43d4826d1a44	c10_h	120
cdrafts-split/C10DeployedScope.ec	defined-op:dc71c43fb583	c10_c	151
cdrafts-split/C10DeployedScope.ec	defined-op:1d9d950d2a7e	c10_p_tgts	231
cdrafts-split/C10DeployedScope.ec	defined-op:110c8d43e510	c10_q_s	347
cdrafts-split/C10Encoding.ec	defined-op:9e764c1c1290	uniform_digest	55
cdrafts-split/C10HashDomains.ec	defined-op:38b43995db83	hmsg_input	8
cdrafts-split/C10HashDomains.ec	defined-op:d2bf806ad770	r_input	11
cdrafts-split/C10HashDomains.ec	defined-op:a95e7a40d000	pair_input	15
cdrafts-split/C10HashDomains.ec	defined-op:6d1c6f50578c	address_tag	71
cdrafts-split/C10HypertreeAccepted.ec	module:65994ef8f050	A	6
cdrafts-split/C10HypertreeCorrect.ec	defined-op:b47f0caa803d	leaf	5
cdrafts-split/C10HypertreeCorrect.ec	defined-op:25ee73c14d65	leaves	10
cdrafts-split/C10HypertreeCorrect.ec	defined-type:48ab60ba5226	path_state	34
cdrafts-split/C10HypertreeCorrect.ec	defined-op:1d3c7511f62a	path_step	37
cdrafts-split/C10HypertreeCorrect.ec	defined-op:569eecb3897d	path_result	48
cdrafts-split/C10HypertreeCorrect.ec	defined-op:d54ed31b1915	remaining_idx	76
cdrafts-split/C10HypertreeCorrect.ec	defined-op:2a9a71bb251b	good_transcript	176
cdrafts-split/C10HypertreeCorrect.ec	defined-op:d083aebc3358	observed_good	336
cdrafts-split/C10HypertreeCorrect.ec	module:db0781930293	Observe	182
cdrafts-split/C10HypertreeCorrect.ec	module:7063a4c8d1e0	A	339
cdrafts-split/C10HypertreeCoverage.ec	defined-op:4f80bbdb0c37	path_cell	28
cdrafts-split/C10HypertreeCoverage.ec	defined-op:92375605b6b0	covering_index	31
cdrafts-split/C10Randomizer.ec	operand:de0552d1281d	RDraws.T	59
cdrafts-split/C10Randomizer.ec	operand:e06816a03d8a	RDraws.uT	59
cdrafts-split/C10Randomizer.ec	operand:dc196b061f91	RDraws.q	59
cdrafts-split/C10Randomizer.ec	clone-discharge:star|realize:ge0_q	RDraws	59
cdrafts-split/C10Randomizer.ec	defined-op:a71a4df03d88	full_digest	8
cdrafts-split/C10Randomizer.ec	defined-op:ca7d8f8c740d	randomizer	9
cdrafts-split/C10Randomizer.ec	defined-op:5230fc81ee69	truncate_r	10
cdrafts-split/C10RawGrind.ec	defined-op:4032d1e5a192	accept_digest	7
cdrafts-split/C10RawGrind.ec	defined-op:d3567eb10b34	compact_r	10
cdrafts-split/C10RawGrind.ec	module:568dd4db7f10	StatefulGrind	12
cdrafts-split/C10RawOracle.ec	defined-type:8788081a1285	raw_input	7
cdrafts-split/C10RawOracle.ec	defined-type:9d077417e9a1	digest	8
cdrafts-split/C10RawOracle.ec	defined-op:b599a5032675	valid_history	91
cdrafts-split/C10RawOracle.ec	defined-op:811a550a89de	r_domain	107
cdrafts-split/C10RawOracle.ec	module-type:55ee11b00461	Hash	10
cdrafts-split/C10RawOracle.ec	module:da3f4343145e	Shared	12
cdrafts-split/C10RawOracle.ec	module:3f2e6eb184ff	Reference	58
cdrafts-split/C10RawOracle.ec	module-type:cf77247ecec7	Context	71
cdrafts-split/C10RawOracle.ec	module:3fbea11e699e	Experiment	72
cdrafts-split/C10RawOracle.ec	module:41e158010daf	Split	109
cdrafts-split/C10ReductionChoose.ec	module:6d58693a2a81	A	6
cdrafts-split/C10ReductionChoose.ec	module:c9ccfa4f98ea	R	8
cdrafts-split/C10ReductionForge.ec	module:c04142d5459b	A	17
cdrafts-split/C10ReductionForge.ec	module:415a3143943d	RForge	19
cdrafts-split/C10ReductionForge.ec	module:c04142d5459b	A	64
cdrafts-split/C10ReductionForge.ec	module:aa1bfdd5fcd2	RMessages	66
cdrafts-split/C10SharedSearch.ec	defined-op:ea92ebaa65f9	counter_inputs	8
cdrafts-split/C10SharedSearch.ec	defined-op:42417df150bd	shared_search	30
cdrafts-split/C10StatefulSearch.ec	defined-op:b3b1ccd3a76d	search_state	7
cdrafts-split/C10Surface.ec	defined-op:46d806b9ba48	powl	21
cdrafts-split/C10Surface.ec	defined-op:94e9fb5513c6	fu14	32
cdrafts-split/C10Surface.ec	defined-op:aea59ae0f0f4	fu15	33
cdrafts-split/C10Surface.ec	defined-op:13524f834fab	fu114	34
cdrafts-split/C10Surface.ec	defined-op:1d0152682241	fu115	35
cdrafts-split/C10SurfaceKernel.ec	defined-op:0b2508c78a79	fs205	4
cdrafts-split/C10SurfaceKernel.ec	defined-op:81adee9e2274	fu43	5
cdrafts-split/C10WOTSCorrect.ec	defined-op:ec28afa71232	public_key	7
cdrafts-split/C10WOTSCorrect.ec	defined-op:df8cd06c4d25	signature	11
cdrafts-split/C10WOTSCorrect.ec	defined-op:59aeedce9c5b	recovered_key	15
cdrafts-split/CountDS.ec	defined-op:797649b9434a	cstep	29
cdrafts-split/CountDS.ec	defined-op:36d420b63507	count_ds	32
cdrafts-split/CountDS.ec	defined-op:07a3ee75b1b3	is_digit	56
cdrafts-split/CountDS.ec	defined-op:dd33d10c86ac	wstep	59
cdrafts-split/CountDS.ec	defined-op:49aebf5f0d1a	words	62
cdrafts-split/CountDS.ec	defined-op:2d2d3ee00212	vrep	140
cdrafts-split/DarkSide.ec	refined-const:038162b8e18e	ge1_t	93
cdrafts-split/DarkSide.ec	defined-const:9489708db8aa	t	93
cdrafts-split/DarkSide.ec	defined-op:ca884f7d56ca	dleaf	96
cdrafts-split/DarkSide.ec	defined-op:4cc4c959f6f4	DS	108
cdrafts-split/DarkSideC10.ec	operand:42a30d8df381	DS_C10.t	32
cdrafts-split/DarkSideC10.ec	clone-discharge:star|realize:ge1_t	DS_C10	32
cdrafts-split/FORSC10Digest.ec	defined-op:70fa1302c3cf	zero_chunk	4
cdrafts-split/FORS_C.ec	refined-const:56e286cdcc5d	ge1_k	147
cdrafts-split/FORS_C.ec	refined-const:66521e84933f	ge1_a	148
cdrafts-split/FORS_C.ec	operand:688967576dba	G.pp_t	190
cdrafts-split/FORS_C.ec	operand:dd9d3ae1f775	G.tw_t	190
cdrafts-split/FORS_C.ec	operand:522e163feb88	G.msg_t	190
cdrafts-split/FORS_C.ec	operand:17e94f917ca8	G.out_t	190
cdrafts-split/FORS_C.ec	operand:385363ef3829	G.cntr	190
cdrafts-split/FORS_C.ec	operand:99b630bd3750	G.f	190
cdrafts-split/FORS_C.ec	operand:4e9ac24060fd	G.prop	190
cdrafts-split/FORS_C.ec	clone-discharge:none	G	190
cdrafts-split/FORS_C.ec	op-annotation:lossless	dmkey	166
cdrafts-split/FORS_C.ec	op-annotation:lossless	dpseed	167
cdrafts-split/FORS_C.ec	defined-const:7eb0c787ae27	k	147
cdrafts-split/FORS_C.ec	defined-const:562f8f69e0c4	a	148
cdrafts-split/FORS_C.ec	defined-const:b29d8e4acbd9	t	149
cdrafts-split/FORS_C.ec	abstract-type:915af8e092a1	mkey	154
cdrafts-split/FORS_C.ec	abstract-type:8751c1902df4	msg	155
cdrafts-split/FORS_C.ec	abstract-type:ec5fe8295274	out_t	156
cdrafts-split/FORS_C.ec	abstract-type:8b0a31e00a4a	cntr	157
cdrafts-split/FORS_C.ec	abstract-type:57d2e2e460a5	pseed	159
cdrafts-split/FORS_C.ec	abstract-type:473caf9371ea	adrs	160
cdrafts-split/FORS_C.ec	abstract-type:f3c7a62eb06e	pkFORS	161
cdrafts-split/FORS_C.ec	abstract-type:283becc57670	skFORS	162
cdrafts-split/FORS_C.ec	abstract-type:c5267f48e62b	sigFORSTW	163
cdrafts-split/FORS_C.ec	abstract-op:8173d7db4a13	dmkey	166
cdrafts-split/FORS_C.ec	abstract-op:1812d5a783dc	dpseed	167
cdrafts-split/FORS_C.ec	abstract-op:9038b82ed1c2	adz	170
cdrafts-split/FORS_C.ec	abstract-op:b8df9ab2a6e4	mco	176
cdrafts-split/FORS_C.ec	abstract-op:2222632d9b51	g	177
cdrafts-split/FORS_C.ec	defined-op:4c3412277cdb	predC_fors	182
cdrafts-split/FORS_C.ec	defined-op:840c3728e6e9	gc	200
cdrafts-split/FORS_C.ec	defined-op:55ff120c1cb1	mco_C	203
cdrafts-split/FORS_C.ec	defined-op:0bb04e32d071	hC	238
cdrafts-split/FORS_C.ec	defined-type:87ac633f3054	sigFORSC	322
cdrafts-split/FORS_C.ec	abstract-op:7e6eab22980e	fkeygen	324
cdrafts-split/FORS_C.ec	abstract-op:33c823f1dd3f	fsign	327
cdrafts-split/FORS_C.ec	abstract-op:4ddef1d08e3a	fverify	330
cdrafts-split/FORS_C.ec	defined-op:d4fc95f3dc4c	verifyC	334
cdrafts-split/FORS_C.ec	module-type:584708cfc301	Oracle_ITSRC	241
cdrafts-split/FORS_C.ec	module:26ecc1174808	O_ITSRC_Default	247
cdrafts-split/FORS_C.ec	module-type:adca8b3c5298	Adv_ITSRC	272
cdrafts-split/FORS_C.ec	module:942b21e79617	ITSRC	276
cdrafts-split/FORS_C.ec	module-type:387e97466aa3	SOracle_CMA_FORSC	343
cdrafts-split/FORS_C.ec	module-type:9306e6689e34	Oracle_CMA_FORSC	347
cdrafts-split/FORS_C.ec	module-type:d69e0d516f96	Adv_EUFCMA_FORSC	353
cdrafts-split/FORS_C.ec	module:0443fe670a4f	O_CMA_FORSC	359
cdrafts-split/FORS_C.ec	module:31fcb8e43fdb	EUF_CMA_FORSC	399
cdrafts-split/FORS_C.ec	module:3cec104d2102	R_ITSRC_FORSC	428
cdrafts-split/FORS_C.ec	module:384c4841df0b	O_CMA	435
cdrafts-split/FORS_C.ec	module:73243a1f870b	O_CMA_FORSC_I	534
cdrafts-split/FORS_C.ec	module:8231aa213a82	EUF_CMA_FORSC_I	579
cdrafts-split/FORS_C10.ec	axiom	dmkey_ll	162
cdrafts-split/FORS_C10.ec	axiom	size_g	179
cdrafts-split/FORS_C10.ec	axiom	eqiks_g	181
cdrafts-split/FORS_C10.ec	axiom	neqisvs_g	184
cdrafts-split/FORS_C10.ec	axiom	rng_g	187
cdrafts-split/FORS_C10.ec	axiom	uniq_g	205
cdrafts-split/FORS_C10.ec	axiom	good_pos	221
cdrafts-split/FORS_C10.ec	refined-const:56e286cdcc5d	ge1_k	151
cdrafts-split/FORS_C10.ec	refined-const:66521e84933f	ge1_a	152
cdrafts-split/FORS_C10.ec	defined-const:7eb0c787ae27	k	151
cdrafts-split/FORS_C10.ec	defined-const:562f8f69e0c4	a	152
cdrafts-split/FORS_C10.ec	defined-const:b29d8e4acbd9	t	153
cdrafts-split/FORS_C10.ec	abstract-type:915af8e092a1	mkey	155
cdrafts-split/FORS_C10.ec	abstract-type:8751c1902df4	msg	156
cdrafts-split/FORS_C10.ec	abstract-type:ec5fe8295274	out_t	157
cdrafts-split/FORS_C10.ec	abstract-op:8173d7db4a13	dmkey	161
cdrafts-split/FORS_C10.ec	abstract-op:89052d216546	mco	165
cdrafts-split/FORS_C10.ec	abstract-op:2222632d9b51	g	176
cdrafts-split/FORS_C10.ec	defined-op:4c3412277cdb	predC_fors	210
cdrafts-split/FORS_C10.ec	defined-op:462694a3a140	good	214
cdrafts-split/FORS_C10.ec	defined-op:515305da84d2	bounded_r	228
cdrafts-split/FORS_C10.ec	defined-op:1970d57daf89	hC	262
cdrafts-split/FORS_C10.ec	module-type:bf78e34bcd95	Oracle_ITSRC10	269
cdrafts-split/FORS_C10.ec	module:f7e540b3e47e	O_ITSRC10_Default	275
cdrafts-split/FORS_C10.ec	module-type:fc30efedc344	Adv_ITSRC10	318
cdrafts-split/FORS_C10.ec	module:a9c4cc11b224	ITSRC10	327
cdrafts-split/FORS_C10.ec	module:97c8fa33080a	ITSRC10_noC	352
cdrafts-split/FORS_C10_Multi.ec	refined-const:26ecc28a0664	ge1_d	125
cdrafts-split/FORS_C10_Multi.ec	clone-discharge:none	F	100
cdrafts-split/FORS_C10_Multi.ec	op-annotation:lossless	dpseed	119
cdrafts-split/FORS_C10_Multi.ec	abstract-type:57d2e2e460a5	pseed	109
cdrafts-split/FORS_C10_Multi.ec	abstract-type:473caf9371ea	adrs	110
cdrafts-split/FORS_C10_Multi.ec	abstract-type:f3c7a62eb06e	pkFORS	111
cdrafts-split/FORS_C10_Multi.ec	abstract-type:283becc57670	skFORS	112
cdrafts-split/FORS_C10_Multi.ec	abstract-type:c5267f48e62b	sigFORSTW	113
cdrafts-split/FORS_C10_Multi.ec	abstract-op:1812d5a783dc	dpseed	119
cdrafts-split/FORS_C10_Multi.ec	abstract-op:9038b82ed1c2	adz	120
cdrafts-split/FORS_C10_Multi.ec	defined-const:dedee74e0917	d	125
cdrafts-split/FORS_C10_Multi.ec	defined-op:f3afcf5f2aed	idx_of	132
cdrafts-split/FORS_C10_Multi.ec	defined-type:3e7a5a74a4b5	sigFORSC10	137
cdrafts-split/FORS_C10_Multi.ec	abstract-op:7e486b69c3d6	mkeygen	140
cdrafts-split/FORS_C10_Multi.ec	abstract-op:33c823f1dd3f	fsign	143
cdrafts-split/FORS_C10_Multi.ec	abstract-op:4ddef1d08e3a	fverify	144
cdrafts-split/FORS_C10_Multi.ec	defined-op:0ddc5b0207e1	mverifyC	150
cdrafts-split/FORS_C10_Multi.ec	module-type:dbba3f31ea15	SOracle_CMA_MFORSC10	160
cdrafts-split/FORS_C10_Multi.ec	module-type:8ae341ccbf8b	Oracle_CMA_MFORSC10	164
cdrafts-split/FORS_C10_Multi.ec	module-type:45d805ad3450	Adv_EUFCMA_MFORSC10	170
cdrafts-split/FORS_C10_Multi.ec	module:e0b6b362cef7	O_CMA_MFORSC10	178
cdrafts-split/FORS_C10_Multi.ec	module:0b4eb2bf8398	EUF_CMA_MFORSC10	209
cdrafts-split/FORS_C10_Multi.ec	module:ef28fa75ce97	R_ITSRC10_MFORSC10	242
cdrafts-split/FORS_C10_Multi.ec	module:7f0392034deb	O_CMA	248
cdrafts-split/FORS_C10_Multi.ec	module:daa3e6a96775	O_CMA_MFORSC10_I	301
cdrafts-split/FORS_C10_Multi.ec	module:492371521514	EUF_CMA_MFORSC10_I	335
cdrafts-split/FORS_C_TreePort.ec	admit:3b102492d8ec	extract_op	1511
cdrafts-split/FORS_C_TreePort.ec	refined-const:244382273ddd	ge1_t_op	142
cdrafts-split/FORS_C_TreePort.ec	refined-const:a3102ca83068	ge1_t_tcr	213
cdrafts-split/FORS_C_TreePort.ec	refined-const:5c823f2b88d1	ge1_H_tree	656
cdrafts-split/FORS_C_TreePort.ec	clone-discharge:none	FC	96
cdrafts-split/FORS_C_TreePort.ec	op-annotation:lossless	dop_in	141
cdrafts-split/FORS_C_TreePort.ec	abstract-type:a623268c0016	dgst	109
cdrafts-split/FORS_C_TreePort.ec	abstract-type:bb853680249a	node	110
cdrafts-split/FORS_C_TreePort.ec	abstract-op:d22413c3fff4	f_lf	112
cdrafts-split/FORS_C_TreePort.ec	abstract-op:1a03de82d62d	trh	113
cdrafts-split/FORS_C_TreePort.ec	abstract-op:28e755152d79	trco	114
cdrafts-split/FORS_C_TreePort.ec	abstract-op:81c672f9f188	recompute	120
cdrafts-split/FORS_C_TreePort.ec	abstract-op:2cde3cf7dadc	root_of	125
cdrafts-split/FORS_C_TreePort.ec	defined-pred:77e8ce916bb1	fverify_structural	130
cdrafts-split/FORS_C_TreePort.ec	abstract-op:2e78615aa0c1	dop_in	141
cdrafts-split/FORS_C_TreePort.ec	defined-const:0304b0bd1fbf	t_op	142
cdrafts-split/FORS_C_TreePort.ec	defined-const:fc18be387092	t_tcr	213
cdrafts-split/FORS_C_TreePort.ec	defined-op:5f2d46210b69	disj_lists	215
cdrafts-split/FORS_C_TreePort.ec	abstract-op:7447180390fe	all_leaf_tweaks	339
cdrafts-split/FORS_C_TreePort.ec	abstract-op:5af464ee3d06	opened_leaf_idxs	340
cdrafts-split/FORS_C_TreePort.ec	abstract-op:3d2f7e17ee6c	sim_sig_op	341
cdrafts-split/FORS_C_TreePort.ec	abstract-op:5ced3843c103	pk_of_leaves	342
cdrafts-split/FORS_C_TreePort.ec	abstract-op:0fc3904b9618	trh_targets	350
cdrafts-split/FORS_C_TreePort.ec	abstract-op:2494ad673e3a	trco_targets	351
cdrafts-split/FORS_C_TreePort.ec	abstract-op:ce6d1ff4e51c	brk_op	366
cdrafts-split/FORS_C_TreePort.ec	abstract-op:90ba9ba33fc3	brk_trh	367
cdrafts-split/FORS_C_TreePort.ec	abstract-op:d92c0557aff7	froots_of	383
cdrafts-split/FORS_C_TreePort.ec	abstract-op:545ad6110322	croots_of	384
cdrafts-split/FORS_C_TreePort.ec	abstract-op:c52c34e16021	roots_dgst	385
cdrafts-split/FORS_C_TreePort.ec	abstract-op:64a3f742c048	leaf_div	386
cdrafts-split/FORS_C_TreePort.ec	defined-op:8215bf8dc030	extract_trco	405
cdrafts-split/FORS_C_TreePort.ec	defined-pred:5df5d408d949	enum_nondegen	470
cdrafts-split/FORS_C_TreePort.ec	defined-pred:21e9d9097d92	brk_structural	498
cdrafts-split/FORS_C_TreePort.ec	defined-pred:6dc2aa502265	roots_dgst_inj	542
cdrafts-split/FORS_C_TreePort.ec	defined-const:ee2cd869dc60	H_tree	656
cdrafts-split/FORS_C_TreePort.ec	abstract-op:945c6bd43c20	frun	696
cdrafts-split/FORS_C_TreePort.ec	abstract-op:66cb5f74aa5f	crun	697
cdrafts-split/FORS_C_TreePort.ec	abstract-op:07e1c2fac5da	inode_tw	698
cdrafts-split/FORS_C_TreePort.ec	abstract-op:dde757923955	fin_at	699
cdrafts-split/FORS_C_TreePort.ec	abstract-op:1b1f8b6ff877	cin_at	700
cdrafts-split/FORS_C_TreePort.ec	defined-pred:1804cc316a90	trh_interior_structural	726
cdrafts-split/FORS_C_TreePort.ec	abstract-op:c03d51499217	honest_nodes	835
cdrafts-split/FORS_C_TreePort.ec	defined-op:3a61d03dec23	div_level	841
cdrafts-split/FORS_C_TreePort.ec	defined-pred:0bc3f3a52b39	trh_registration	861
cdrafts-split/FORS_C_TreePort.ec	defined-op:1465de288e72	extract_trh	932
cdrafts-split/FORS_C_TreePort.ec	abstract-op:a68b09c91e34	leaf_tw	1042
cdrafts-split/FORS_C_TreePort.ec	abstract-op:f04ac6a2957a	fleaf_in	1043
cdrafts-split/FORS_C_TreePort.ec	abstract-op:0a699b50e07b	cleaf_out	1044
cdrafts-split/FORS_C_TreePort.ec	abstract-op:870a9e0667ea	croot_from_leaf	1045
cdrafts-split/FORS_C_TreePort.ec	abstract-op:04efbf3393c0	leaf_targets	1049
cdrafts-split/FORS_C_TreePort.ec	defined-pred:793fd0b9d000	leaf_openpre_structural	1071
cdrafts-split/FORS_C_TreePort.ec	defined-pred:8ab16fbf6732	op_registration	1130
cdrafts-split/FORS_C_TreePort.ec	defined-op:858d256178f6	extract_op	1148
cdrafts-split/FORS_C_TreePort.ec	defined-pred:e5d04c2e2845	sim_sig_op_fidelity	1227
cdrafts-split/FORS_C_TreePort.ec	module-type:6ab23f913e5a	OP_Oracle	144
cdrafts-split/FORS_C_TreePort.ec	module:fff86fda80dd	O_OP_Default	154
cdrafts-split/FORS_C_TreePort.ec	module-type:a3b7b756ca15	Adv_OP	181
cdrafts-split/FORS_C_TreePort.ec	module:3e0e14ee446e	SM_DT_OpenPRE	186
cdrafts-split/FORS_C_TreePort.ec	module-type:751cd7c20258	TCR_Oracle	217
cdrafts-split/FORS_C_TreePort.ec	module-type:9d32cb61d11d	THFC_Oracle	226
cdrafts-split/FORS_C_TreePort.ec	module:7b1ef2ecd217	O_TRH_Default	233
cdrafts-split/FORS_C_TreePort.ec	module:ebf5b4e40f17	O_TRH_THFC	245
cdrafts-split/FORS_C_TreePort.ec	module-type:5c93ef580a52	Adv_TRH	253
cdrafts-split/FORS_C_TreePort.ec	module:ffa3cf4810ad	SM_DT_TCR_C_TRH	258
cdrafts-split/FORS_C_TreePort.ec	module:bed58e5b7b8a	O_TRCO_Default	279
cdrafts-split/FORS_C_TreePort.ec	module:238b852b46de	O_TRCO_THFC	291
cdrafts-split/FORS_C_TreePort.ec	module-type:93b8cd84ce82	Adv_TRCO	299
cdrafts-split/FORS_C_TreePort.ec	module:a87175cfe92a	SM_DT_TCR_C_TRCO	304
cdrafts-split/FORS_C_TreePort.ec	module:4a842723b2aa	R_op	1288
cdrafts-split/FORS_C_TreePort.ec	module:7d67bb01a4f4	Osign	1295
cdrafts-split/FORS_C_TreePort.ec	module:834d412ac112	R_trh	1330
cdrafts-split/FORS_C_TreePort.ec	module:0a5c5f264b66	Osign	1337
cdrafts-split/FORS_C_TreePort.ec	module:fe72a895d8db	R_trco	1377
cdrafts-split/FORS_C_TreePort.ec	module:f36b8ee18417	Osign	1384
cdrafts-split/FORS_C_TreePort.ec	module:8608a79e3489	G_Tree	1420
cdrafts-split/FxChain.ec	operand:684aa8cf7068	DSSC.pk_t	142
cdrafts-split/FxChain.ec	operand:43f7ad571014	DSSC.sk_t	142
cdrafts-split/FxChain.ec	operand:522e163feb88	DSSC.msg_t	142
cdrafts-split/FxChain.ec	operand:65ee424781ad	DSSC.sig_t	142
cdrafts-split/FxChain.ec	clone-discharge:star	DSSC	142
cdrafts-split/FxChain.ec	defined-op:c51efbcc4bf3	fors_leaves_op	570
cdrafts-split/FxChain.ec	defined-op:22703484bcf0	fors_sig_op	597
cdrafts-split/FxChain.ec	defined-op:9134d19b2fd7	fors_leaves_op_cube	725
cdrafts-split/FxChain.ec	defined-op:a08a434b18c9	fors_sig_op_cube	761
cdrafts-split/FxChain.ec	defined-op:50751bdb6739	fidx	864
cdrafts-split/FxChain.ec	defined-op:e8480e3cf071	tree_leaves_s	969
cdrafts-split/FxChain.ec	defined-op:55cf9868b696	tree_root_s	976
cdrafts-split/FxChain.ec	defined-op:dd5073b46d5c	rt_cf_s	979
cdrafts-split/FxChain.ec	defined-op:6cd82c543451	sig_cf_elem_s	982
cdrafts-split/FxChain.ec	defined-op:fd603fdb7c99	ap_cf_elem_s	991
cdrafts-split/FxChain.ec	defined-op:f31ff2e6223e	tree_leaves_c	1170
cdrafts-split/FxChain.ec	defined-op:4b79a621c0a9	tree_root_c	1177
cdrafts-split/FxChain.ec	defined-op:a4a2a826ee62	rt_cf_c	1180
cdrafts-split/FxChain.ec	defined-op:53a22408e220	sig_cf_elem_c	1183
cdrafts-split/FxChain.ec	defined-op:0c610a136fae	ap_cf_elem_c	1192
cdrafts-split/FxChain.ec	module:dd2df797c2ae	SPHINCS_PLUS_C10	158
cdrafts-split/FxChain.ec	module:fa683c394052	EUFCMA_C10	255
cdrafts-split/FxChain.ec	module:f9c663ef3e94	SPHINCS_PLUS_C10_FS	273
cdrafts-split/FxChain.ec	module:40e59b9d590c	O_CMA_SPHINCSPLUSTWC_FS	439
cdrafts-split/FxChain.ec	module:bfcce9d1385f	EUF_CMA_SPHINCSPLUSTWC_FS_PRFPRF	506
cdrafts-split/FxChain.ec	module:4e8de12d256e	EUF_CMA_SPHINCSPLUSTWC_FS_NPRFPRF	527
cdrafts-split/FxChain.ec	module:c8a927efcfc3	R_SKGPRF_EUFCMA_C	2268
cdrafts-split/GFailCharged.ec	defined-op:c7c8f6a4b9cc	gfail_of	63
cdrafts-split/GprocFORSC10.ec	operand:dd9d3ae1f775	M.F.mkey	122
cdrafts-split/GprocFORSC10.ec	operand:522e163feb88	M.F.msg	122
cdrafts-split/GprocFORSC10.ec	operand:d01ae9bb134a	M.F.out_t	122
cdrafts-split/GprocFORSC10.ec	operand:96c550da57e7	M.F.k	122
cdrafts-split/GprocFORSC10.ec	operand:c15cd04a2988	M.F.a	122
cdrafts-split/GprocFORSC10.ec	operand:c31c3d0ec42d	M.F.dmkey	122
cdrafts-split/GprocFORSC10.ec	operand:a83762d30dd5	M.F.mco	122
cdrafts-split/GprocFORSC10.ec	operand:2d7d4786e261	M.F.g	122
cdrafts-split/GprocFORSC10.ec	operand:61612567f25d	M.pseed	122
cdrafts-split/GprocFORSC10.ec	operand:9ae7ae045a8e	M.adrs	122
cdrafts-split/GprocFORSC10.ec	operand:afe753610572	M.pkFORS	122
cdrafts-split/GprocFORSC10.ec	operand:bbef76a742a3	M.skFORS	122
cdrafts-split/GprocFORSC10.ec	operand:5bb0ce44b679	M.sigFORSTW	122
cdrafts-split/GprocFORSC10.ec	operand:a2ba6bb81603	M.dpseed	122
cdrafts-split/GprocFORSC10.ec	operand:12884bfe931b	M.adz	122
cdrafts-split/GprocFORSC10.ec	operand:038e3d6360bb	M.d	122
cdrafts-split/GprocFORSC10.ec	clone-discharge:list:F.dmkey_ll,F.eqiks_g,F.ge1_a,F.ge1_k,F.neqisvs_g,F.rng_g,F.size_g,F.uniq_g,dpseed_ll,ge1_d|realize:F.dmkey_ll,F.eqiks_g,F.ge1_a,F.ge1_k,F.neqisvs_g,F.rng_g,F.size_g,F.uniq_g,dpseed_ll,ge1_d	M	122
cdrafts-split/GprocFORSC10.ec	defined-type:1d32ac339884	sigGproc	168
cdrafts-split/GprocFORSC10.ec	defined-op:135dc7bd838b	pkFORS_cf	648
cdrafts-split/GprocFORSC10.ec	defined-op:b6f129e1c1e5	pkfors_of	1102
cdrafts-split/GprocFORSC10.ec	module-type:7562f4b226b5	SOracle_CMA_Gproc	171
cdrafts-split/GprocFORSC10.ec	module-type:b38245ca92d0	Oracle_CMA_Gproc	175
cdrafts-split/GprocFORSC10.ec	module-type:b9988bdfe916	Adv_EUFCMA_Gproc	181
cdrafts-split/GprocFORSC10.ec	module:54b36b535edf	GprocKg	189
cdrafts-split/GprocFORSC10.ec	module:1984900ef5d6	O_CMA_Gproc	242
cdrafts-split/GprocFORSC10.ec	module:96a741ba7a2b	EUF_CMA_Gproc	283
cdrafts-split/GprocFORSC10.ec	module:d8846e9c5a88	O_CMA_Gproc_I	366
cdrafts-split/GprocFORSC10.ec	module:ad94c1c5eeab	EUF_CMA_Gproc_I	406
cdrafts-split/GprocFORSC10.ec	module:eda793113d32	R_ITSRC10_Gproc	481
cdrafts-split/GprocFORSC10.ec	module:4113dcb608e8	O_CMA	487
cdrafts-split/GprocFORSC10.ec	module:0544d6e8b89e	R_fors_p	588
cdrafts-split/GprocFORSC10.ec	module:87d729951bcb	O_CMA	595
cdrafts-split/GprocFORSC10.ec	module:fbc0ec28fb21	EUF_CMA_Gproc_V	1369
cdrafts-split/GprocQWired.ec	module:a32add79d02c	WitnessF	198
cdrafts-split/GprocT1Opre.ec	operand:efa13d91c0ca	EI_OPRE.t	284
cdrafts-split/GprocT1Opre.ec	operand:4c4666a82f97	EI_OPRE.c	284
cdrafts-split/GprocT1Opre.ec	operand:4c4666a82f97	EI_OPRE.step	284
cdrafts-split/GprocT1Opre.ec	clone-discharge:star|realize:c_gt0,step_gt0	EI_OPRE	284
cdrafts-split/GprocT1Opre.ec	module:374a264de6a3	R_OPRE_Gproc	122
cdrafts-split/GprocT1Opre.ec	module:1c05fefe6313	O_CMA	133
cdrafts-split/GprocT1Opre.ec	module:b416f909ea4b	O_OPRE_LoopBody	293
cdrafts-split/GprocT1Opre.ec	module:3c1bd5a75aa5	O_OPRE_CL	318
cdrafts-split/GprocT1Opre.ec	module:2978ce801e6c	O_OPRE_LoopBodyNest1	365
cdrafts-split/GprocT1Opre.ec	module:0b9c65bdbbcf	O_OPRE_CL2	388
cdrafts-split/GprocT1Opre.ec	module:1632c3d9e6b7	O_OPRE_LoopBodyNest2	444
cdrafts-split/GprocT1Opre.ec	module:9c8cea7ca7a4	O_OPRE_CL3	469
cdrafts-split/GprocT1Opre.ec	module:29ffcc5edab9	O_OPRE_ILN	531
cdrafts-split/GprocT1Opre.ec	module:c60ed29332ed	SampGame	1144
cdrafts-split/GprocT2Trh.ec	defined-op:ae5b46424e62	adzf	202
cdrafts-split/GprocT2Trh.ec	defined-op:a5e38df92b20	t2_span	466
cdrafts-split/GprocT2Trh.ec	defined-op:57bae817f22c	t2_off	468
cdrafts-split/GprocT2Trh.ec	defined-op:b63fb90fb4ad	t2_adT	472
cdrafts-split/GprocT2Trh.ec	defined-op:ff82021a75ca	t2_pre	475
cdrafts-split/GprocT2Trh.ec	defined-op:b32b3ff6d8d1	t2_entry_lvs	485
cdrafts-split/GprocT2Trh.ec	defined-op:ed88cc2a7955	t2_entry_sk	490
cdrafts-split/GprocT2Trh.ec	defined-op:91516bf66391	t2_nodeval	494
cdrafts-split/GprocT2Trh.ec	defined-op:907c84ff41ba	t2_memA	500
cdrafts-split/GprocT2Trh.ec	defined-op:b33e7a6d4d8e	t2_memB	506
cdrafts-split/GprocT2Trh.ec	defined-op:547c8db52129	t2_memC	511
cdrafts-split/GprocT2Trh.ec	defined-op:07d92a65977a	t2_memD	516
cdrafts-split/GprocT2Trh.ec	defined-op:9510a3368bfb	t2_memE	521
cdrafts-split/GprocT2Trh.ec	defined-op:19dea81bf848	t2_nthA	524
cdrafts-split/GprocT2Trh.ec	defined-op:0a68f4844663	t2_nthB	532
cdrafts-split/GprocT2Trh.ec	defined-op:c6f405ea2920	t2_nthC	539
cdrafts-split/GprocT2Trh.ec	defined-op:517fd26a2b17	t2_nthD	545
cdrafts-split/GprocT2Trh.ec	defined-op:2834f8b56649	t2_nthE	551
cdrafts-split/GprocT2Trh.ec	defined-op:d6d366ca5243	t2_ndst	557
cdrafts-split/GprocT2Trh.ec	defined-op:bdbffcb70735	t2_ndscl	563
cdrafts-split/GprocT2Trh.ec	defined-op:c52673373a48	t2_good	585
cdrafts-split/GprocT2Trh.ec	module:bcad9d5cc571	R_TRH_Gproc	49
cdrafts-split/GprocT3Trco.ec	defined-op:ae5b46424e62	adzf	201
cdrafts-split/GprocT3Trco.ec	module:cdad86973966	R_TRCO_Gproc	28
cdrafts-split/GprocVI.ec	module:ec464b08d8c1	GprocTreeVI	83
cdrafts-split/GprocVI.ec	module:a6223d3eddd2	GprocKgVI	222
cdrafts-split/GprocVI.ec	module:a2778c94915d	EUF_CMA_Gproc_VI	287
cdrafts-split/Grind.ec	operand:716b338edd6c	CntrFT.t	62
cdrafts-split/Grind.ec	clone-obligation:FinType	CntrFT.enum_spec	62
cdrafts-split/Grind.ec	clone-discharge:none	CntrFT	62
cdrafts-split/Grind.ec	abstract-type:8e0b37c5f3a7	pp_t	54
cdrafts-split/Grind.ec	abstract-type:e42a43044120	tw_t	55
cdrafts-split/Grind.ec	abstract-type:f05ec7a5ce87	msg_t	56
cdrafts-split/Grind.ec	abstract-type:ec5fe8295274	out_t	57
cdrafts-split/Grind.ec	abstract-type:8b0a31e00a4a	cntr	61
cdrafts-split/Grind.ec	abstract-op:31dbbb2bb00f	f	66
cdrafts-split/Grind.ec	abstract-op:ff0bfc05749d	prop	69
cdrafts-split/Grind.ec	defined-op:74a7d5c09a00	good_ctrs	74
cdrafts-split/Grind.ec	defined-op:108a2bb6ab1c	grind	79
cdrafts-split/Grind.ec	defined-op:dc7a0a5f1b57	grind_fails	83
cdrafts-split/Grind.ec	module:e396d13ca29f	GrindSearch	136
cdrafts-split/RtopCSoundness.ec	defined-op:369bb2533fcf	good_fors	135
cdrafts-split/RtopCSoundness.ec	defined-op:50751bdb6739	fidx	696
cdrafts-split/RtopCSoundness.ec	defined-op:297c7d482011	tree_leaves	699
cdrafts-split/RtopCSoundness.ec	defined-op:d052c3fa6e42	tree_root	706
cdrafts-split/RtopCSoundness.ec	defined-op:279cb82dfa78	rt_cf	709
cdrafts-split/RtopCSoundness.ec	defined-op:d3e98d5de1dc	sig_cf_elem	712
cdrafts-split/RtopCSoundness.ec	defined-op:b8f3172d0930	ap_cf_elem	721
cdrafts-split/RtopCSoundness.ec	module:5c3b1e4c0548	R_top_C	138
cdrafts-split/RtopCSoundness.ec	module:9f2841a88434	O_CMA	147
cdrafts-split/RtopCSoundness.ec	module:5585c3e7b845	EUF_CMA_SPHINCSPLUSTWC_NPRFNPRF_V	326
cdrafts-split/RtopCSoundness.ec	module:626b10aafd78	O_CMA_C	336
cdrafts-split/RtopCSoundness.ec	module:44e3d94e66fe	EUF_NAGCMA_FLSLXMSSMTTWCESNPRF_RV	468
cdrafts-split/STCR_C.ec	axiom	dpp_ll	53
cdrafts-split/STCR_C.ec	refined-const:93f68a0ac1dd	ge0_pstcr	56
cdrafts-split/STCR_C.ec	operand:a29ecc3af4b3	G.pp_t	65
cdrafts-split/STCR_C.ec	operand:8775916ba319	G.tw_t	65
cdrafts-split/STCR_C.ec	operand:5688beaa767f	G.msg_t	65
cdrafts-split/STCR_C.ec	operand:17e94f917ca8	G.out_t	65
cdrafts-split/STCR_C.ec	operand:385363ef3829	G.cntr	65
cdrafts-split/STCR_C.ec	operand:539163dce701	G.f	65
cdrafts-split/STCR_C.ec	operand:a29eda395d35	G.prop	65
cdrafts-split/STCR_C.ec	clone-discharge:none	G	65
cdrafts-split/STCR_C.ec	operand:a29ecc3af4b3	THF.pp_t	86
cdrafts-split/STCR_C.ec	operand:8775916ba319	THF.tw_t	86
cdrafts-split/STCR_C.ec	operand:dcc41ff59e77	THF.in_t	86
cdrafts-split/STCR_C.ec	operand:17e94f917ca8	THF.out_t	86
cdrafts-split/STCR_C.ec	operand:f9a3bdc55913	THF.f	86
cdrafts-split/STCR_C.ec	operand:0f5ab7e01ddf	THF.dpp	86
cdrafts-split/STCR_C.ec	clone-discharge:list:dpp_ll|realize:dpp_ll	THF	86
cdrafts-split/STCR_C.ec	operand:688967576dba	Col.diff_t	96
cdrafts-split/STCR_C.ec	operand:2910f0d1b4fb	Col.get_diff	96
cdrafts-split/STCR_C.ec	operand:fcafffaafe36	Col.fc	96
cdrafts-split/STCR_C.ec	clone-discharge:list:in_collection|realize:in_collection.	Col	96
cdrafts-split/STCR_C.ec	abstract-type:8e0b37c5f3a7	pp_t	39
cdrafts-split/STCR_C.ec	abstract-type:e42a43044120	tw_t	40
cdrafts-split/STCR_C.ec	abstract-type:f05ec7a5ce87	msg_t	41
cdrafts-split/STCR_C.ec	abstract-type:8b0a31e00a4a	cntr	42
cdrafts-split/STCR_C.ec	abstract-type:ec5fe8295274	out_t	43
cdrafts-split/STCR_C.ec	abstract-op:7697903cc134	ThC	46
cdrafts-split/STCR_C.ec	abstract-op:e3ec90463139	predC	49
cdrafts-split/STCR_C.ec	abstract-op:3ccca65f9a8a	dpp	52
cdrafts-split/STCR_C.ec	defined-const:cb5c8b7994b2	p_stcr	56
cdrafts-split/STCR_C.ec	module-type:aa3bef874f1c	Oracle_STCRC	109
cdrafts-split/STCR_C.ec	module:39cf1159d58a	O_STCRC_Default	118
cdrafts-split/STCR_C.ec	module-type:d166f7f693f3	Adv_STCRC	173
cdrafts-split/STCR_C.ec	module:e171136ae125	S_TCR_C	188
cdrafts-split/STCR_C.ec	module:8743c9fc2d6f	A	189
cdrafts-split/SharedROBounded.ec	defined-op:c426a5c50c82	ro_search	10
cdrafts-split/SharedROBounded.ec	defined-op:3b34a65f870a	fresh_count	49
cdrafts-split/SphincsC10CapstoneWired.ec	operand:dd9d3ae1f775	C.mkey	448
cdrafts-split/SphincsC10CapstoneWired.ec	operand:522e163feb88	C.msg	448
cdrafts-split/SphincsC10CapstoneWired.ec	operand:d01ae9bb134a	C.out_t	448
cdrafts-split/SphincsC10CapstoneWired.ec	operand:96c550da57e7	C.k	448
cdrafts-split/SphincsC10CapstoneWired.ec	operand:c15cd04a2988	C.a	448
cdrafts-split/SphincsC10CapstoneWired.ec	operand:c31c3d0ec42d	C.dmkey	448
cdrafts-split/SphincsC10CapstoneWired.ec	operand:a83762d30dd5	C.mco	448
cdrafts-split/SphincsC10CapstoneWired.ec	operand:2d7d4786e261	C.g	448
cdrafts-split/SphincsC10CapstoneWired.ec	clone-discharge:list:dmkey_ll,eqiks_g,ge1_a,ge1_k,neqisvs_g,rng_g,size_g,uniq_g|realize:dmkey_ll,eqiks_g,ge1_a,ge1_k,neqisvs_g,rng_g,size_g,uniq_g	C	448
cdrafts-split/SphincsC10Content.ec	defined-op:2dd12d49c72f	embg	423
cdrafts-split/SphincsC10Content.ec	defined-op:c2414c77f6f8	dmsgWOTS	530
cdrafts-split/TCollResEnum.ec	defined-type:444a0298a3bb	tcoll_entry	228
cdrafts-split/TCollResEnum.ec	defined-op:9aaed584cc28	EncNonInjOnSurface	357
cdrafts-split/TCollResEnum.ec	defined-op:559da783d034	EncNonInjOnThCSurface	401
cdrafts-split/TCollResEnum.ec	defined-op:6c9a595a3330	tcoll_wf	413
cdrafts-split/TCollResEnum.ec	abstract-op:689099c17d44	wad	479
cdrafts-split/TCollResEnum.ec	abstract-op:260f47d987ea	wm	480
cdrafts-split/TCollResEnum.ec	abstract-op:142c682feeaa	wm'	481
cdrafts-split/TCollResEnum.ec	abstract-op:cdc858fcdd74	wctr'	482
cdrafts-split/TCollResEnum.ec	defined-op:d3698224a36a	wdg	485
cdrafts-split/TCollResEnum.ec	defined-op:12002d836b29	wdg'	486
cdrafts-split/TCollResEnum.ec	defined-op:d976282d2700	W_distinct	488
cdrafts-split/TCollResEnum.ec	defined-op:fd8493ed9c77	W_collides	489
cdrafts-split/TCollResEnum.ec	defined-op:2b7de30d3753	W_gated	490
cdrafts-split/TCollResEnum.ec	module-type:25b5ab18f016	Oracle_TCollEnum	230
cdrafts-split/TCollResEnum.ec	module:85820f02f5f8	O_TCollEnum_Default	237
cdrafts-split/TCollResEnum.ec	module-type:d784a7c3878c	Adv_TCollResEnum	276
cdrafts-split/TCollResEnum.ec	module:953130edc6c9	T_COLL_RES_ENUM	284
cdrafts-split/TCollResEnum.ec	module:dc2f185dc3e2	B	285
cdrafts-split/TCollResEnum.ec	module:fd1648b33ed6	B	430
cdrafts-split/TCollResEnum.ec	module:7a440a48ff45	B_wit	515
cdrafts-split/VecDP.ec	defined-op:090a0c157608	vstep	18
cdrafts-split/VecDP.ec	defined-op:7adf8272d254	runs	24
cdrafts-split/VecDP.ec	defined-op:4eb2b1e1f94b	vinit	30
cdrafts-split/WOTS_C_Interactive.ec	defined-op:ac1e7ee583ff	dfC0	407
cdrafts-split/WOTS_C_Interactive.ec	defined-op:d14b19e63967	dfC1	408
cdrafts-split/WOTS_C_Interactive.ec	defined-op:9f5e6022d348	projq	1028
cdrafts-split/WOTS_C_Interactive.ec	module-type:4eb472273b12	Adv_ISTCRC	302
cdrafts-split/WOTS_C_Interactive.ec	module:a89fc7c00930	S_TCR_C_Int	307
cdrafts-split/WOTS_C_Interactive.ec	module:0395130c2856	A	308
cdrafts-split/WOTS_C_Interactive.ec	module:e1709d78d37c	R_int_STCRC	586
cdrafts-split/WOTS_C_Interactive.ec	module:cbd9dfed2179	O_wrap	589
cdrafts-split/WOTS_C_Interactive.ec	module:f9ab85fc3d48	AA	648
cdrafts-split/WOTS_C_Interactive.ec	module:4b2d538c30ee	G0_INT	903
cdrafts-split/WOTS_C_Interactive.ec	module:41ae14163315	A	904
cdrafts-split/WOTS_C_Interactive.ec	module:2ec294aac453	GAME1_INT	942
cdrafts-split/WOTS_C_Interactive.ec	module:ebc2806f4aaa	A	943
cdrafts-split/WOTS_C_Interactive.ec	module:170f4f83ee74	R_int_WOTSTW	1753
cdrafts-split/WOTS_C_Interactive.ec	module:e36cefc7af73	O_wrap	1756
cdrafts-split/WOTS_C_Interactive.ec	module:cab209dad195	AA	1800
cdrafts-split/WOTS_C_Interactive.ec	module:47a6eba766a0	O_THFC_MA	2464
cdrafts-split/WOTS_C_Interactive.ec	module:818530f18eec	S_TCR_C_Int_MA	2497
cdrafts-split/WOTS_C_Interactive.ec	module:1a393876430d	A	2498
cdrafts-split/WOTS_C_Multi.ec	defined-type:5afce739f30a	qC	80
cdrafts-split/WOTS_C_Multi.ec	defined-type:0abc23dd586f	qTW	86
cdrafts-split/WOTS_C_Multi.ec	module-type:a8554dec8876	Adv_MnaCMA_WOTSC	92
cdrafts-split/WOTS_C_Multi.ec	module:1e54f0801ee5	M_EUF_NACMA_WOTSC_L	98
cdrafts-split/WOTS_C_Multi.ec	module:99fb146710d3	AA	99
cdrafts-split/WOTS_C_Multi.ec	module-type:19e69b4c331a	Adv_MnaCMA_WOTSTW	157
cdrafts-split/WOTS_C_Multi.ec	module:d9b7a076157d	M_EUF_NACMA_WOTSTW_L	163
cdrafts-split/WOTS_C_Multi.ec	module:ad102dc6d1ad	AA	164
cdrafts-split/WOTS_C_Multi.ec	module:71bd977dea4e	R_multi_STCRC	239
cdrafts-split/WOTS_C_Multi.ec	module:fcf3179dd841	AA	241
cdrafts-split/WOTS_C_Multi.ec	module:17413eb31712	R_multi_WOTSTW	300
cdrafts-split/WOTS_C_Multi.ec	module:b60c9a26f35d	AA	302
cdrafts-split/WOTS_C_Multi.ec	module:db54f499c6a6	GAME1_MULTI	373
cdrafts-split/WOTS_C_Multi.ec	module:2628b564683e	AA	374
cdrafts-split/WOTS_C_Multi.ec	module:cf05f7d16d25	G0_MULTI	426
cdrafts-split/WOTS_C_Multi.ec	module:f41e35ee1cdf	AA	427
cdrafts-split/WOTS_C_Real.ec	refined-const:720f257d2456	ge0_ptgts	348
cdrafts-split/WOTS_C_Real.ec	operand:61612567f25d	STCRC_WC.pp_t	353
cdrafts-split/WOTS_C_Real.ec	operand:9ae7ae045a8e	STCRC_WC.tw_t	353
cdrafts-split/WOTS_C_Real.ec	operand:4700c5ff2a14	STCRC_WC.msg_t	353
cdrafts-split/WOTS_C_Real.ec	operand:385363ef3829	STCRC_WC.cntr	353
cdrafts-split/WOTS_C_Real.ec	operand:dfaeb2b7bc87	STCRC_WC.out_t	353
cdrafts-split/WOTS_C_Real.ec	operand:539163dce701	STCRC_WC.ThC	353
cdrafts-split/WOTS_C_Real.ec	operand:818189939749	STCRC_WC.predC	353
cdrafts-split/WOTS_C_Real.ec	operand:a2ba6bb81603	STCRC_WC.dpp	353
cdrafts-split/WOTS_C_Real.ec	operand:eb851446ad4d	STCRC_WC.p_stcr	353
cdrafts-split/WOTS_C_Real.ec	clone-discharge:list:G.CntrFT.enum_spec,dpp_ll,ge0_pstcr|realize:G.CntrFT.enum_spec,dpp_ll,ge0_pstcr	STCRC_WC	353
cdrafts-split/WOTS_C_Real.ec	defined-op:6077a96cf01a	c	41
cdrafts-split/WOTS_C_Real.ec	defined-type:4bd4e15ee55f	cntr	48
cdrafts-split/WOTS_C_Real.ec	defined-op:22a6cabc5a01	emb_tw	80
cdrafts-split/WOTS_C_Real.ec	defined-op:dd26e5fe140d	emb_in	170
cdrafts-split/WOTS_C_Real.ec	defined-op:bf3dbe347db4	emb_in0	202
cdrafts-split/WOTS_C_Real.ec	defined-op:0b699d75c914	emb_in1	203
cdrafts-split/WOTS_C_Real.ec	defined-op:8e592d26ee68	ThC	222
cdrafts-split/WOTS_C_Real.ec	defined-op:ed1d5c7f137b	cw_sum	260
cdrafts-split/WOTS_C_Real.ec	defined-op:c1cd383d3435	predC	287
cdrafts-split/WOTS_C_Real.ec	defined-op:52d308813ba4	TargetSumReachable	294
cdrafts-split/WOTS_C_Real.ec	defined-const:8cd1f778f243	p_tgts	348
cdrafts-split/WOTS_C_Real.ec	defined-op:0075335b8622	encode_msgWOTS_C	414
cdrafts-split/WOTS_C_Real.ec	defined-op:75a1f84afa2f	grindC	434
cdrafts-split/WOTS_C_Reduction.ec	module-type:c07b516ee250	Adv_EUFNACMA_WOTSC	32
cdrafts-split/WOTS_C_Reduction.ec	module:c3da2ecae1f2	EUF_NACMA_WOTSC	37
cdrafts-split/WOTS_C_Reduction.ec	module:c1ea25a2aebb	AA	38
cdrafts-split/WOTS_C_Reduction.ec	module:47e079e15916	R_STCRC_WOTSC	66
cdrafts-split/WOTS_C_Reduction.ec	module:c25fa5007c51	AA	68
cdrafts-split/WOTS_C_Reduction.ec	module:6797269ea2e1	GAME1_WOTSC	104
cdrafts-split/WOTS_C_Reduction.ec	module:2fb0bf2d0a32	AA	105
cdrafts-split/WOTS_C_Reduction.ec	module:cb7224b5f6e1	G0_inst	132
cdrafts-split/WOTS_C_Reduction.ec	module:5cabdaa42e26	AA	133
cdrafts-split/WOTS_C_Reduction.ec	module-type:ca25d97f9970	Adv_EUFNACMA_WOTSTW	348
cdrafts-split/WOTS_C_Reduction.ec	module:b20891d024c2	EUF_NACMA_WOTSTW	353
cdrafts-split/WOTS_C_Reduction.ec	module:093490ebc127	AA	354
cdrafts-split/WOTS_C_Reduction.ec	module:2140a6ca9151	R_WOTSTW_WOTSC	379
cdrafts-split/WOTS_C_Reduction.ec	module:323d32d257a8	AA	381
cdrafts-split/WOTS_C_Scheme.ec	module:6eadc05a9aa9	WOTS_C_ES	32
cdrafts-split/WOTS_C_Scheme.ec	module-type:239ad2b2104e	Oracle_MEUFGCMA_WOTSC	132
cdrafts-split/WOTS_C_Scheme.ec	module-type:0c4deb7cfdec	Adv_MEUFGCMA_WOTSC	141
cdrafts-split/WOTS_C_Scheme.ec	module:6cf450ad3eeb	O_MEUFGCMA_WOTSC_Default	146
cdrafts-split/WOTS_C_Scheme.ec	module:ab8159cf959c	M_EUF_GCMA_WOTSC_NPRF	183
cdrafts-split/WOTS_C_Scheme.ec	module:c65b90c38354	A	184
cdrafts-split/XMSSMT_C_Scheme.ec	defined-type:a6e13e430231	sigFLSLXMSSMTTWC	69
cdrafts-split/XMSSMT_C_Scheme.ec	module:c7f31312e4c7	FL_SL_XMSS_MT_C_ES	71
cdrafts-split/XmssmtCC_All.ec	operand:4700c5ff2a14	DListSampleC.t	2428
cdrafts-split/XmssmtCC_All.ec	operand:5d70b641dcf4	DListSampleC.d	2428
cdrafts-split/XmssmtCC_All.ec	clone-discharge:star	DListSampleC	2428
cdrafts-split/XmssmtCC_All.ec	defined-op:02b1e4856f02	ht_chad	5274
cdrafts-split/XmssmtCC_All.ec	defined-op:0a020bd7a9e3	ht_root	5277
cdrafts-split/XmssmtCC_All.ec	defined-op:56487a93180d	ht_cnt	5280
cdrafts-split/XmssmtCC_All.ec	defined-op:35c353cd1e6a	ht_sigc	5284
cdrafts-split/XmssmtCC_All.ec	defined-op:1da56ec1f6e0	ht_sigc_at	5318
cdrafts-split/XmssmtCC_All.ec	defined-op:a9a5552c448a	mem4	9182
cdrafts-split/XmssmtCC_All.ec	defined-op:33d3c094629a	in_thfc4	9185
cdrafts-split/XmssmtCC_All.ec	defined-type:daba08868f84	sigSPHINCSPLUSTWC	9639
cdrafts-split/XmssmtCC_All.ec	module:29a9b21faf30	FL_SL_XMSS_MT_C_ES_NPRF	190
cdrafts-split/XmssmtCC_All.ec	module-type:c615be208350	Adv_EUFNAGCMA_FLSLXMSSMTTWCESNPRF	316
cdrafts-split/XmssmtCC_All.ec	module:4ed527928915	EUF_NAGCMA_FLSLXMSSMTTWCESNPRF	322
cdrafts-split/XmssmtCC_All.ec	module:9ada4ccea74b	FL_SL_XMSS_MT_C_ES_Ext	480
cdrafts-split/XmssmtCC_All.ec	module:037124c61c2f	FL_SL_XMSS_MT_C_ES_ExtTri	569
cdrafts-split/XmssmtCC_All.ec	module:7599e256544f	R_MEUFGCMAWOTSC_EUFNAGCMA_C	752
cdrafts-split/XmssmtCC_All.ec	module:4334d28ab47b	A_ht_dfC	1086
cdrafts-split/XmssmtCC_All.ec	module:4c0b95b79095	EUF_NAGCMA_FLSLXMSSMTTWCESNPRF_C	1236
cdrafts-split/XmssmtCC_All.ec	module:1b1dbfbff9e1	EUF_NAGCMA_FLSLXMSSMTTWCESNPRF_V	1478
cdrafts-split/XmssmtCC_All.ec	module:f15feeac6137	R_SMDTTCRCPKCO_C	1799
cdrafts-split/XmssmtCC_All.ec	module:b6164a89d762	O_THFC	1817
cdrafts-split/XmssmtCC_All.ec	module:b2fa9320ebc3	R_SMDTTCRCTRH_C	2112
cdrafts-split/XmssmtCC_All.ec	module:6c8053c77ac3	O_THFC	2127
cdrafts-split/XmssmtCC_All.ec	module:42a77a204253	O_MEUFGCMA_WOTSC_V	2433
cdrafts-split/XmssmtCC_All.ec	module:31074aee963b	O_MEUFGCMA_WOTSC_DLP	2474
cdrafts-split/XmssmtCC_All.ec	module:090a9ecb35b9	A_ht_trco	9427
cdrafts-split/XmssmtCC_All.ec	module-type:9099deec967f	SOracle_CMA_C	9642
cdrafts-split/XmssmtCC_All.ec	module-type:63f31af1a00f	Adv_EUFCMA_C	9648
cdrafts-split/XmssmtCC_All.ec	module:91876904afe6	R_top	9663
cdrafts-split/XmssmtCC_All.ec	module:bfd7215bb02e	O_CMA	9677
cdrafts-split/XmssmtCC_All.ec	module-type:e9a56ab9ff85	Adv_EUFCMA_C_OC	9992
cdrafts-split/XmssmtCC_All.ec	module:56b8ab614858	R_top_OC	10001
cdrafts-split/XmssmtCC_All.ec	module:1404b4722204	O_CMA	10003
cdrafts-split/XmssmtCC_All.ec	module:db55adac56dc	F_leak	10022
cdrafts-split/XmssmtCC_All.ec	module:083f75b2c62f	F_triv	10094
